window_utc,id,replicas,cpu,mem
2026-09-18T19:05:00+00:00,orders-service,1,413m,541.414368Mi
2026-09-18T19:05:00+00:00,payments-service,1,400m,518.559387Mi
2026-09-18T19:05:00+00:00,products-service,1,400m,512.586914Mi
2026-09-18T19:10:00+00:00,orders-service,1,413m,541.414368Mi
2026-09-18T19:10:00+00:00,payments-service,1,400m,518.559387Mi
2026-09-18T19:10:00+00:00,products-service,1,400m,512.586914Mi
2026-09-18T19:15:00+00:00,orders-service,1,413m,541.414368Mi
2026-09-18T19:15:00+00:00,payments-service,1,400m,518.559387Mi
2026-09-18T19:15:00+00:00,products-service,1,400m,512.586914Mi
2026-09-18T19:20:00+00:00,orders-service,1,413m,541.414368Mi
2026-09-18T19:20:00+00:00,payments-service,1,400m,524.754284Mi
2026-09-18T19:20:00+00:00,products-service,1,400m,512.234766Mi
2026-09-18T19:25:00+00:00,orders-service,1,413m,541.414368Mi
2026-09-18T19:25:00+00:00,payments-service,1,400m,524.754284Mi
2026-09-18T19:25:00+00:00,products-service,1,400m,512.234766Mi
2026-09-18T19:30:00+00:00,orders-service,1,413m,541.414368Mi
2026-09-18T19:30:00+00:00,payments-service,1,400m,524.754284Mi
2026-09-18T19:30:00+00:00,products-service,1,400m,512.234766Mi
2026-09-18T19:35:00+00:00,orders-service,1,413m,541.414368Mi
2026-09-18T19:35:00+00:00,payments-service,1,400m,530.173576Mi
2026-09-18T19:35:00+00:00,products-service,1,400m,512.093906Mi
2026-09-18T19:40:00+00:00,orders-service,1,413m,541.414368Mi
2026-09-18T19:40:00+00:00,payments-service,1,400m,530.173576Mi
2026-09-18T19:40:00+00:00,products-service,1,400m,512.093906Mi
2026-09-18T19:45:00+00:00,orders-service,1,408m,542.468543Mi
2026-09-18T19:45:00+00:00,payments-service,1,400m,530.173576Mi
2026-09-18T19:45:00+00:00,products-service,1,400m,512.093906Mi
2026-09-18T19:50:00+00:00,orders-service,1,408m,542.468543Mi
2026-09-18T19:50:00+00:00,payments-service,1,400m,529.19144Mi
2026-09-18T19:50:00+00:00,products-service,1,400m,512.037562Mi
2026-09-18T19:55:00+00:00,orders-service,1,408m,542.468543Mi
2026-09-18T19:55:00+00:00,payments-service,1,400m,529.19144Mi
2026-09-18T19:55:00+00:00,products-service,1,400m,512.037562Mi
2026-09-18T20:00:00+00:00,orders-service,1,408m,542.468543Mi
2026-09-18T20:00:00+00:00,payments-service,1,400m,529.19144Mi
2026-09-18T20:00:00+00:00,products-service,1,400m,512.037562Mi
2026-09-18T20:05:00+00:00,orders-service,1,408m,542.468543Mi
2026-09-18T20:05:00+00:00,payments-service,1,400m,528.791664Mi
2026-09-18T20:05:00+00:00,products-service,1,400m,512.037562Mi
2026-09-18T20:10:00+00:00,orders-service,1,408m,542.468543Mi
2026-09-18T20:10:00+00:00,payments-service,1,400m,528.791664Mi
2026-09-18T20:10:00+00:00,products-service,1,400m,512.037562Mi
2026-09-18T20:15:00+00:00,orders-service,1,412m,541.542959Mi
2026-09-18T20:15:00+00:00,payments-service,1,400m,528.791664Mi
2026-09-18T20:15:00+00:00,products-service,1,400m,512.015025Mi
2026-09-18T20:20:00+00:00,orders-service,1,412m,541.542959Mi
2026-09-18T20:20:00+00:00,payments-service,1,400m,528.791664Mi
2026-09-18T20:20:00+00:00,products-service,1,400m,512.015025Mi
2026-09-18T20:25:00+00:00,orders-service,1,412m,541.542959Mi
2026-09-18T20:25:00+00:00,payments-service,1,400m,528.791664Mi
2026-09-18T20:25:00+00:00,products-service,1,400m,512.015025Mi
2026-09-18T20:30:00+00:00,orders-service,1,405m,540.155172Mi
2026-09-18T20:30:00+00:00,payments-service,1,400m,525.981155Mi
2026-09-18T20:30:00+00:00,products-service,1,400m,512.015025Mi
2026-09-18T20:35:00+00:00,orders-service,1,405m,540.155172Mi
2026-09-18T20:35:00+00:00,payments-service,1,400m,525.981155Mi
2026-09-18T20:35:00+00:00,products-service,1,400m,512.00601Mi
2026-09-18T20:40:00+00:00,orders-service,1,405m,540.155172Mi
2026-09-18T20:40:00+00:00,payments-service,1,400m,525.981155Mi
2026-09-18T20:40:00+00:00,products-service,1,400m,512.00601Mi
2026-09-18T20:45:00+00:00,orders-service,1,402m,541.356588Mi
2026-09-18T20:45:00+00:00,payments-service,1,400m,525.981155Mi
2026-09-18T20:45:00+00:00,products-service,1,400m,512.00601Mi
2026-09-18T20:50:00+00:00,orders-service,1,402m,541.356588Mi
2026-09-18T20:50:00+00:00,payments-service,1,400m,525.981155Mi
2026-09-18T20:50:00+00:00,products-service,1,400m,512.002404Mi
2026-09-18T20:55:00+00:00,orders-service,1,402m,541.356588Mi
2026-09-18T20:55:00+00:00,payments-service,1,400m,525.981155Mi
2026-09-18T20:55:00+00:00,products-service,1,400m,512.002404Mi
2026-09-18T21:00:00+00:00,orders-service,1,402m,541.356588Mi
2026-09-18T21:00:00+00:00,payments-service,1,400m,525.981155Mi
2026-09-18T21:00:00+00:00,products-service,1,400m,512.002404Mi
2026-09-18T21:05:00+00:00,orders-service,1,403m,544.006112Mi
2026-09-18T21:05:00+00:00,payments-service,1,400m,524.453241Mi
2026-09-18T21:05:00+00:00,products-service,1,400m,512.000962Mi
2026-09-18T21:10:00+00:00,orders-service,1,403m,544.006112Mi
2026-09-18T21:10:00+00:00,payments-service,1,400m,524.453241Mi
2026-09-18T21:10:00+00:00,products-service,1,400m,512.000962Mi
2026-09-18T21:15:00+00:00,orders-service,1,403m,544.006112Mi
2026-09-18T21:15:00+00:00,payments-service,1,400m,524.453241Mi
2026-09-18T21:15:00+00:00,products-service,1,400m,512.000962Mi
2026-09-18T21:20:00+00:00,orders-service,1,406m,542.076798Mi
2026-09-18T21:20:00+00:00,payments-service,1,400m,528.315196Mi
2026-09-18T21:20:00+00:00,products-service,1,400m,512.000385Mi
2026-09-18T21:25:00+00:00,orders-service,1,406m,542.076798Mi
2026-09-18T21:25:00+00:00,payments-service,1,400m,528.315196Mi
2026-09-18T21:25:00+00:00,products-service,1,400m,512.000385Mi
2026-09-18T21:30:00+00:00,orders-service,1,406m,542.076798Mi
2026-09-18T21:30:00+00:00,payments-service,1,400m,528.315196Mi
2026-09-18T21:30:00+00:00,products-service,1,400m,512.000385Mi
2026-09-18T21:35:00+00:00,orders-service,1,406m,542.076798Mi
2026-09-18T21:35:00+00:00,payments-service,1,400m,527.442069Mi
2026-09-18T21:35:00+00:00,products-service,1,400m,512.000385Mi
2026-09-18T21:40:00+00:00,orders-service,1,406m,542.076798Mi
2026-09-18T21:40:00+00:00,payments-service,1,400m,527.442069Mi
2026-09-18T21:40:00+00:00,products-service,1,400m,512.000385Mi
2026-09-18T21:45:00+00:00,orders-service,1,406m,542.076798Mi
2026-09-18T21:45:00+00:00,payments-service,1,400m,527.442069Mi
2026-09-18T21:45:00+00:00,products-service,1,400m,512.000385Mi
2026-09-18T21:50:00+00:00,orders-service,1,406m,542.076798Mi
2026-09-18T21:50:00+00:00,payments-service,1,400m,527.442069Mi
2026-09-18T21:50:00+00:00,products-service,1,400m,512.000385Mi
2026-09-18T21:55:00+00:00,orders-service,1,406m,542.076798Mi
2026-09-18T21:55:00+00:00,payments-service,1,400m,527.442069Mi
2026-09-18T21:55:00+00:00,products-service,1,410m,512.000154Mi
2026-09-18T22:00:00+00:00,orders-service,1,406m,542.076798Mi
2026-09-18T22:00:00+00:00,payments-service,1,400m,527.442069Mi
2026-09-18T22:00:00+00:00,products-service,1,410m,512.000154Mi
2026-09-18T22:05:00+00:00,orders-service,1,414m,540.872577Mi
2026-09-18T22:05:00+00:00,payments-service,1,400m,530.158627Mi
2026-09-18T22:05:00+00:00,products-service,1,410m,512.000154Mi
2026-09-18T22:10:00+00:00,orders-service,1,414m,540.872577Mi
2026-09-18T22:10:00+00:00,payments-service,1,400m,530.158627Mi
2026-09-18T22:10:00+00:00,products-service,1,404m,512.000062Mi
2026-09-18T22:15:00+00:00,orders-service,1,414m,540.872577Mi
2026-09-18T22:15:00+00:00,payments-service,1,400m,530.158627Mi
2026-09-18T22:15:00+00:00,products-service,1,404m,512.000062Mi
2026-09-18T22:20:00+00:00,orders-service,1,414m,540.872577Mi
2026-09-18T22:20:00+00:00,payments-service,1,400m,530.158627Mi
2026-09-18T22:20:00+00:00,products-service,1,404m,512.000062Mi
2026-09-18T22:25:00+00:00,orders-service,1,415m,536.45229Mi
2026-09-18T22:25:00+00:00,payments-service,1,400m,530.158627Mi
2026-09-18T22:25:00+00:00,products-service,1,407m,512.000025Mi
2026-09-18T22:30:00+00:00,orders-service,1,415m,536.45229Mi
2026-09-18T22:30:00+00:00,payments-service,1,400m,530.565746Mi
2026-09-18T22:30:00+00:00,products-service,1,407m,512.000025Mi
2026-09-18T22:35:00+00:00,orders-service,1,415m,536.45229Mi
2026-09-18T22:35:00+00:00,payments-service,1,400m,530.565746Mi
2026-09-18T22:35:00+00:00,products-service,1,407m,512.000025Mi
2026-09-18T22:40:00+00:00,orders-service,1,435m,535.896736Mi
2026-09-18T22:40:00+00:00,payments-service,1,400m,530.565746Mi
2026-09-18T22:40:00+00:00,products-service,1,417m,512.00001Mi
2026-09-18T22:45:00+00:00,orders-service,1,435m,535.896736Mi
2026-09-18T22:45:00+00:00,payments-service,1,400m,530.565746Mi
2026-09-18T22:45:00+00:00,products-service,1,417m,512.00001Mi
2026-09-18T22:50:00+00:00,orders-service,1,435m,535.896736Mi
2026-09-18T22:50:00+00:00,payments-service,1,400m,530.565746Mi
2026-09-18T22:50:00+00:00,products-service,1,417m,512.00001Mi
2026-09-18T22:55:00+00:00,orders-service,1,435m,535.896736Mi
2026-09-18T22:55:00+00:00,payments-service,1,400m,530.565746Mi
2026-09-18T22:55:00+00:00,products-service,1,433m,515.493876Mi
2026-09-18T23:00:00+00:00,orders-service,1,435m,535.896736Mi
2026-09-18T23:00:00+00:00,payments-service,1,400m,530.184953Mi
2026-09-18T23:00:00+00:00,products-service,1,433m,515.493876Mi
2026-09-18T23:05:00+00:00,orders-service,1,435m,535.896736Mi
2026-09-18T23:05:00+00:00,payments-service,1,400m,530.184953Mi
2026-09-18T23:05:00+00:00,products-service,1,433m,515.493876Mi
2026-09-18T23:10:00+00:00,orders-service,1,435m,535.896736Mi
2026-09-18T23:10:00+00:00,payments-service,1,400m,530.184953Mi
2026-09-18T23:10:00+00:00,products-service,1,420m,513.39755Mi
2026-09-18T23:15:00+00:00,orders-service,1,435m,535.896736Mi
2026-09-18T23:15:00+00:00,payments-service,1,400m,530.184953Mi
2026-09-18T23:15:00+00:00,products-service,1,420m,513.39755Mi
2026-09-18T23:20:00+00:00,orders-service,1,435m,535.896736Mi
2026-09-18T23:20:00+00:00,payments-service,1,400m,530.184953Mi
2026-09-18T23:20:00+00:00,products-service,1,420m,513.39755Mi
2026-09-18T23:25:00+00:00,orders-service,1,435m,535.896736Mi
2026-09-18T23:25:00+00:00,payments-service,1,400m,530.184953Mi
2026-09-18T23:25:00+00:00,products-service,1,420m,513.39755Mi
2026-09-18T23:30:00+00:00,orders-service,1,461m,535.986087Mi
2026-09-18T23:30:00+00:00,payments-service,1,400m,530.184953Mi
2026-09-18T23:30:00+00:00,products-service,1,448m,516.347582Mi
2026-09-18T23:35:00+00:00,orders-service,1,461m,535.986087Mi
2026-09-18T23:35:00+00:00,payments-service,1,408m,536.695185Mi
2026-09-18T23:35:00+00:00,products-service,1,448m,516.347582Mi
2026-09-18T23:40:00+00:00,orders-service,1,461m,535.986087Mi
2026-09-18T23:40:00+00:00,payments-service,1,408m,536.695185Mi
2026-09-18T23:40:00+00:00,products-service,1,448m,516.347582Mi
2026-09-18T23:45:00+00:00,orders-service,1,461m,535.986087Mi
2026-09-18T23:45:00+00:00,payments-service,1,408m,536.695185Mi
2026-09-18T23:45:00+00:00,products-service,1,448m,516.347582Mi
2026-09-18T23:50:00+00:00,orders-service,1,477m,535.514662Mi
2026-09-18T23:50:00+00:00,payments-service,1,408m,536.695185Mi
2026-09-18T23:50:00+00:00,products-service,1,448m,516.347582Mi
2026-09-18T23:55:00+00:00,orders-service,1,477m,535.514662Mi
2026-09-18T23:55:00+00:00,payments-service,1,405m,535.69774Mi
2026-09-18T23:55:00+00:00,products-service,1,448m,516.347582Mi
2026-09-19T00:00:00+00:00,orders-service,1,477m,535.514662Mi
2026-09-19T00:00:00+00:00,payments-service,1,405m,535.69774Mi
2026-09-19T00:00:00+00:00,products-service,1,458m,516.339826Mi
2026-09-19T00:05:00+00:00,orders-service,1,477m,535.514662Mi
2026-09-19T00:05:00+00:00,payments-service,1,405m,535.69774Mi
2026-09-19T00:05:00+00:00,products-service,1,458m,516.339826Mi
2026-09-19T00:10:00+00:00,orders-service,1,496m,537.154437Mi
2026-09-19T00:10:00+00:00,payments-service,1,407m,539.080402Mi
2026-09-19T00:10:00+00:00,products-service,1,458m,516.339826Mi
2026-09-19T00:15:00+00:00,orders-service,1,496m,537.154437Mi
2026-09-19T00:15:00+00:00,payments-service,1,407m,539.080402Mi
2026-09-19T00:15:00+00:00,products-service,1,458m,516.339826Mi
2026-09-19T00:20:00+00:00,orders-service,1,496m,537.154437Mi
2026-09-19T00:20:00+00:00,payments-service,1,407m,539.080402Mi
2026-09-19T00:20:00+00:00,products-service,1,458m,516.339826Mi
2026-09-19T00:25:00+00:00,orders-service,1,496m,537.154437Mi
2026-09-19T00:25:00+00:00,payments-service,1,407m,539.080402Mi
2026-09-19T00:25:00+00:00,products-service,1,479m,521.169134Mi
2026-09-19T00:30:00+00:00,orders-service,1,528m,542.514179Mi
2026-09-19T00:30:00+00:00,payments-service,1,412m,538.288277Mi
2026-09-19T00:30:00+00:00,products-service,1,479m,521.169134Mi
2026-09-19T00:35:00+00:00,orders-service,1,528m,542.514179Mi
2026-09-19T00:35:00+00:00,payments-service,1,412m,538.288277Mi
2026-09-19T00:35:00+00:00,products-service,1,479m,521.169134Mi
2026-09-19T00:40:00+00:00,orders-service,1,528m,542.514179Mi
2026-09-19T00:40:00+00:00,payments-service,1,412m,538.288277Mi
2026-09-19T00:40:00+00:00,products-service,1,479m,521.169134Mi
2026-09-19T00:45:00+00:00,orders-service,1,528m,542.514179Mi
2026-09-19T00:45:00+00:00,payments-service,1,412m,538.288277Mi
2026-09-19T00:45:00+00:00,products-service,1,479m,521.169134Mi
2026-09-19T00:50:00+00:00,orders-service,1,538m,539.776887Mi
2026-09-19T00:50:00+00:00,payments-service,1,413m,539.215848Mi
2026-09-19T00:50:00+00:00,products-service,1,488m,518.769204Mi
2026-09-19T00:55:00+00:00,orders-service,1,538m,539.776887Mi
2026-09-19T00:55:00+00:00,payments-service,1,413m,539.215848Mi
2026-09-19T00:55:00+00:00,products-service,1,488m,518.769204Mi
2026-09-19T01:00:00+00:00,orders-service,1,538m,539.776887Mi
2026-09-19T01:00:00+00:00,payments-service,1,413m,539.215848Mi
2026-09-19T01:00:00+00:00,products-service,1,488m,518.769204Mi
2026-09-19T01:05:00+00:00,orders-service,1,542m,540.091406Mi
2026-09-19T01:05:00+00:00,payments-service,1,413m,539.215848Mi
2026-09-19T01:05:00+00:00,products-service,1,488m,518.769204Mi
2026-09-19T01:10:00+00:00,orders-service,1,542m,540.091406Mi
2026-09-19T01:10:00+00:00,payments-service,1,415m,538.189525Mi
2026-09-19T01:10:00+00:00,products-service,1,488m,518.769204Mi
2026-09-19T01:15:00+00:00,orders-service,1,542m,540.091406Mi
2026-09-19T01:15:00+00:00,payments-service,1,415m,538.189525Mi
2026-09-19T01:15:00+00:00,products-service,1,493m,516.044938Mi
2026-09-19T01:20:00+00:00,orders-service,1,542m,540.091406Mi
2026-09-19T01:20:00+00:00,payments-service,1,415m,538.189525Mi
2026-09-19T01:20:00+00:00,products-service,1,493m,516.044938Mi
2026-09-19T01:25:00+00:00,orders-service,1,542m,540.091406Mi
2026-09-19T01:25:00+00:00,payments-service,1,413m,532.448466Mi
2026-09-19T01:25:00+00:00,products-service,1,493m,516.044938Mi
2026-09-19T01:30:00+00:00,orders-service,1,542m,540.091406Mi
2026-09-19T01:30:00+00:00,payments-service,1,413m,532.448466Mi
2026-09-19T01:30:00+00:00,products-service,1,506m,516.05683Mi
2026-09-19T01:35:00+00:00,orders-service,1,603m,551.115102Mi
2026-09-19T01:35:00+00:00,payments-service,1,413m,532.448466Mi
2026-09-19T01:35:00+00:00,products-service,1,506m,516.05683Mi
2026-09-19T01:40:00+00:00,orders-service,1,603m,551.115102Mi
2026-09-19T01:40:00+00:00,payments-service,1,413m,532.448466Mi
2026-09-19T01:40:00+00:00,products-service,1,506m,516.05683Mi
2026-09-19T01:45:00+00:00,orders-service,1,603m,551.115102Mi
2026-09-19T01:45:00+00:00,payments-service,1,413m,532.448466Mi
2026-09-19T01:45:00+00:00,products-service,1,528m,521.714382Mi
2026-09-19T01:50:00+00:00,orders-service,1,603m,551.115102Mi
2026-09-19T01:50:00+00:00,payments-service,1,413m,532.448466Mi
2026-09-19T01:50:00+00:00,products-service,1,528m,521.714382Mi
2026-09-19T01:55:00+00:00,orders-service,1,613m,550.230013Mi
2026-09-19T01:55:00+00:00,payments-service,1,413m,532.448466Mi
2026-09-19T01:55:00+00:00,products-service,1,528m,521.714382Mi
2026-09-19T02:00:00+00:00,orders-service,1,613m,550.230013Mi
2026-09-19T02:00:00+00:00,payments-service,1,413m,532.448466Mi
2026-09-19T02:00:00+00:00,products-service,1,572m,527.304173Mi
2026-09-19T02:05:00+00:00,orders-service,1,613m,550.230013Mi
2026-09-19T02:05:00+00:00,payments-service,1,413m,532.448466Mi
2026-09-19T02:05:00+00:00,products-service,1,572m,527.304173Mi
2026-09-19T02:10:00+00:00,orders-service,1,613m,550.230013Mi
2026-09-19T02:10:00+00:00,payments-service,1,413m,532.448466Mi
2026-09-19T02:10:00+00:00,products-service,1,572m,527.304173Mi
2026-09-19T02:15:00+00:00,orders-service,1,613m,550.230013Mi
2026-09-19T02:15:00+00:00,payments-service,1,419m,538.300786Mi
2026-09-19T02:15:00+00:00,products-service,1,577m,528.187563Mi
2026-09-19T02:20:00+00:00,orders-service,1,613m,550.230013Mi
2026-09-19T02:20:00+00:00,payments-service,1,419m,538.300786Mi
2026-09-19T02:20:00+00:00,products-service,1,577m,528.187563Mi
2026-09-19T02:25:00+00:00,orders-service,1,613m,550.230013Mi
2026-09-19T02:25:00+00:00,payments-service,1,419m,538.300786Mi
2026-09-19T02:25:00+00:00,products-service,1,577m,528.187563Mi
2026-09-19T02:30:00+00:00,orders-service,1,613m,550.230013Mi
2026-09-19T02:30:00+00:00,payments-service,1,419m,538.300786Mi
2026-09-19T02:30:00+00:00,products-service,1,563m,528.075831Mi
2026-09-19T02:35:00+00:00,orders-service,1,614m,545.503858Mi
2026-09-19T02:35:00+00:00,payments-service,1,419m,538.300786Mi
2026-09-19T02:35:00+00:00,products-service,1,563m,528.075831Mi
2026-09-19T02:40:00+00:00,orders-service,1,614m,545.503858Mi
2026-09-19T02:40:00+00:00,payments-service,1,419m,538.300786Mi
2026-09-19T02:40:00+00:00,products-service,1,563m,528.075831Mi
2026-09-19T02:45:00+00:00,orders-service,1,614m,545.503858Mi
2026-09-19T02:45:00+00:00,payments-service,1,437m,542.686159Mi
2026-09-19T02:45:00+00:00,products-service,1,607m,531.970652Mi
2026-09-19T02:50:00+00:00,orders-service,1,652m,548.156499Mi
2026-09-19T02:50:00+00:00,payments-service,1,437m,542.686159Mi
2026-09-19T02:50:00+00:00,products-service,1,607m,531.970652Mi
2026-09-19T02:55:00+00:00,orders-service,1,652m,548.156499Mi
2026-09-19T02:55:00+00:00,payments-service,1,437m,542.686159Mi
2026-09-19T02:55:00+00:00,products-service,1,607m,531.970652Mi
2026-09-19T03:00:00+00:00,orders-service,1,652m,548.156499Mi
2026-09-19T03:00:00+00:00,payments-service,1,437m,542.686159Mi
2026-09-19T03:00:00+00:00,products-service,1,578m,532.52747Mi
2026-09-19T03:05:00+00:00,orders-service,1,652m,548.156499Mi
2026-09-19T03:05:00+00:00,payments-service,1,437m,542.686159Mi
2026-09-19T03:05:00+00:00,products-service,1,578m,532.52747Mi
2026-09-19T03:10:00+00:00,orders-service,1,652m,548.156499Mi
2026-09-19T03:10:00+00:00,payments-service,1,437m,542.686159Mi
2026-09-19T03:10:00+00:00,products-service,1,578m,532.52747Mi
2026-09-19T03:15:00+00:00,orders-service,1,652m,548.156499Mi
2026-09-19T03:15:00+00:00,payments-service,1,437m,542.686159Mi
2026-09-19T03:15:00+00:00,products-service,1,611m,531.87184Mi
2026-09-19T03:20:00+00:00,orders-service,1,652m,548.156499Mi
2026-09-19T03:20:00+00:00,payments-service,1,437m,542.686159Mi
2026-09-19T03:20:00+00:00,products-service,1,611m,531.87184Mi
2026-09-19T03:25:00+00:00,orders-service,1,657m,546.537074Mi
2026-09-19T03:25:00+00:00,payments-service,1,437m,542.686159Mi
2026-09-19T03:25:00+00:00,products-service,1,611m,531.87184Mi
2026-09-19T03:30:00+00:00,orders-service,1,657m,546.537074Mi
2026-09-19T03:30:00+00:00,payments-service,1,437m,542.686159Mi
2026-09-19T03:30:00+00:00,products-service,1,631m,533.152215Mi
2026-09-19T03:35:00+00:00,orders-service,1,657m,546.537074Mi
2026-09-19T03:35:00+00:00,payments-service,1,437m,542.686159Mi
2026-09-19T03:35:00+00:00,products-service,1,631m,533.152215Mi
2026-09-19T03:40:00+00:00,orders-service,1,703m,549.725767Mi
2026-09-19T03:40:00+00:00,payments-service,1,437m,542.686159Mi
2026-09-19T03:40:00+00:00,products-service,1,631m,533.152215Mi
2026-09-19T03:45:00+00:00,orders-service,1,703m,549.725767Mi
2026-09-19T03:45:00+00:00,payments-service,1,437m,542.686159Mi
2026-09-19T03:45:00+00:00,products-service,1,676m,534.750839Mi
2026-09-19T03:50:00+00:00,orders-service,1,703m,549.725767Mi
2026-09-19T03:50:00+00:00,payments-service,1,437m,542.686159Mi
2026-09-19T03:50:00+00:00,products-service,1,676m,534.750839Mi
2026-09-19T03:55:00+00:00,orders-service,1,741m,551.505993Mi
2026-09-19T03:55:00+00:00,payments-service,1,459m,541.932606Mi
2026-09-19T03:55:00+00:00,products-service,1,676m,534.750839Mi
2026-09-19T04:00:00+00:00,orders-service,1,741m,551.505993Mi
2026-09-19T04:00:00+00:00,payments-service,1,459m,541.932606Mi
2026-09-19T04:00:00+00:00,products-service,1,676m,534.750839Mi
2026-09-19T04:05:00+00:00,orders-service,1,741m,551.505993Mi
2026-09-19T04:05:00+00:00,payments-service,1,459m,541.932606Mi
2026-09-19T04:05:00+00:00,products-service,1,676m,534.750839Mi
2026-09-19T04:10:00+00:00,orders-service,1,749m,550.921697Mi
2026-09-19T04:10:00+00:00,payments-service,1,481m,543.336775Mi
2026-09-19T04:10:00+00:00,products-service,1,686m,536.338776Mi
2026-09-19T04:15:00+00:00,orders-service,1,749m,550.921697Mi
2026-09-19T04:15:00+00:00,payments-service,1,481m,543.336775Mi
2026-09-19T04:15:00+00:00,products-service,1,686m,536.338776Mi
2026-09-19T04:20:00+00:00,orders-service,1,749m,550.921697Mi
2026-09-19T04:20:00+00:00,payments-service,1,481m,543.336775Mi
2026-09-19T04:20:00+00:00,products-service,1,686m,536.338776Mi
2026-09-19T04:25:00+00:00,orders-service,1,731m,554.278677Mi
2026-09-19T04:25:00+00:00,payments-service,1,481m,543.336775Mi
2026-09-19T04:25:00+00:00,products-service,1,686m,536.338776Mi
2026-09-19T04:30:00+00:00,orders-service,1,731m,554.278677Mi
2026-09-19T04:30:00+00:00,payments-service,1,481m,543.336775Mi
2026-09-19T04:30:00+00:00,products-service,1,686m,536.338776Mi
2026-09-19T04:35:00+00:00,orders-service,1,731m,554.278677Mi
2026-09-19T04:35:00+00:00,payments-service,1,481m,543.336775Mi
2026-09-19T04:35:00+00:00,products-service,1,709m,537.687512Mi
2026-09-19T04:40:00+00:00,orders-service,1,731m,554.278677Mi
2026-09-19T04:40:00+00:00,payments-service,1,481m,543.336775Mi
2026-09-19T04:40:00+00:00,products-service,1,709m,537.687512Mi
2026-09-19T04:45:00+00:00,orders-service,1,731m,554.278677Mi
2026-09-19T04:45:00+00:00,payments-service,1,481m,543.336775Mi
2026-09-19T04:45:00+00:00,products-service,1,709m,537.687512Mi
2026-09-19T04:50:00+00:00,orders-service,1,731m,554.278677Mi
2026-09-19T04:50:00+00:00,payments-service,1,481m,543.336775Mi
2026-09-19T04:50:00+00:00,products-service,1,709m,537.687512Mi
2026-09-19T04:55:00+00:00,orders-service,1,768m,553.009322Mi
2026-09-19T04:55:00+00:00,payments-service,1,481m,543.336775Mi
2026-09-19T04:55:00+00:00,products-service,1,709m,537.687512Mi
2026-09-19T05:00:00+00:00,orders-service,1,768m,553.009322Mi
2026-09-19T05:00:00+00:00,payments-service,1,481m,543.336775Mi
2026-09-19T05:00:00+00:00,products-service,1,709m,537.687512Mi
2026-09-19T05:05:00+00:00,orders-service,1,768m,553.009322Mi
2026-09-19T05:05:00+00:00,payments-service,1,481m,543.336775Mi
2026-09-19T05:05:00+00:00,products-service,1,709m,537.687512Mi
2026-09-19T05:10:00+00:00,orders-service,1,812m,558.805206Mi
2026-09-19T05:10:00+00:00,payments-service,1,485m,543.521246Mi
2026-09-19T05:10:00+00:00,products-service,1,743m,539.028972Mi
2026-09-19T05:15:00+00:00,orders-service,1,812m,558.805206Mi
2026-09-19T05:15:00+00:00,payments-service,1,485m,543.521246Mi
2026-09-19T05:15:00+00:00,products-service,1,743m,539.028972Mi
2026-09-19T05:20:00+00:00,orders-service,1,812m,558.805206Mi
2026-09-19T05:20:00+00:00,payments-service,1,485m,543.521246Mi
2026-09-19T05:20:00+00:00,products-service,1,743m,539.028972Mi
2026-09-19T05:25:00+00:00,orders-service,1,771m,553.858667Mi
2026-09-19T05:25:00+00:00,payments-service,1,485m,543.521246Mi
2026-09-19T05:25:00+00:00,products-service,1,732m,542.38538Mi
2026-09-19T05:30:00+00:00,orders-service,1,771m,553.858667Mi
2026-09-19T05:30:00+00:00,payments-service,1,485m,543.521246Mi
2026-09-19T05:30:00+00:00,products-service,1,732m,542.38538Mi
2026-09-19T05:35:00+00:00,orders-service,1,771m,553.858667Mi
2026-09-19T05:35:00+00:00,payments-service,1,485m,543.521246Mi
2026-09-19T05:35:00+00:00,products-service,1,732m,542.38538Mi
2026-09-19T05:40:00+00:00,orders-service,1,771m,553.858667Mi
2026-09-19T05:40:00+00:00,payments-service,1,485m,543.521246Mi
2026-09-19T05:40:00+00:00,products-service,1,732m,542.38538Mi
2026-09-19T05:45:00+00:00,orders-service,1,771m,553.858667Mi
2026-09-19T05:45:00+00:00,payments-service,1,485m,543.521246Mi
2026-09-19T05:45:00+00:00,products-service,1,732m,542.38538Mi
2026-09-19T05:50:00+00:00,orders-service,1,771m,553.858667Mi
2026-09-19T05:50:00+00:00,payments-service,1,485m,543.521246Mi
2026-09-19T05:50:00+00:00,products-service,1,748m,542.489674Mi
2026-09-19T05:55:00+00:00,orders-service,1,771m,553.858667Mi
2026-09-19T05:55:00+00:00,payments-service,1,485m,543.521246Mi
2026-09-19T05:55:00+00:00,products-service,1,748m,542.489674Mi
2026-09-19T06:00:00+00:00,orders-service,1,812m,557.975303Mi
2026-09-19T06:00:00+00:00,payments-service,1,485m,543.521246Mi
2026-09-19T06:00:00+00:00,products-service,1,748m,542.489674Mi
2026-09-19T06:05:00+00:00,orders-service,1,812m,557.975303Mi
2026-09-19T06:05:00+00:00,payments-service,1,512m,545.774758Mi
2026-09-19T06:05:00+00:00,products-service,1,748m,542.489674Mi
2026-09-19T06:10:00+00:00,orders-service,1,812m,557.975303Mi
2026-09-19T06:10:00+00:00,payments-service,1,512m,545.774758Mi
2026-09-19T06:10:00+00:00,products-service,1,748m,542.489674Mi
2026-09-19T06:15:00+00:00,orders-service,1,831m,557.714584Mi
2026-09-19T06:15:00+00:00,payments-service,1,512m,545.774758Mi
2026-09-19T06:15:00+00:00,products-service,1,781m,544.72961Mi
2026-09-19T06:20:00+00:00,orders-service,1,831m,557.714584Mi
2026-09-19T06:20:00+00:00,payments-service,1,512m,545.774758Mi
2026-09-19T06:20:00+00:00,products-service,1,781m,544.72961Mi
2026-09-19T06:25:00+00:00,orders-service,1,831m,557.714584Mi
2026-09-19T06:25:00+00:00,payments-service,1,512m,545.774758Mi
2026-09-19T06:25:00+00:00,products-service,1,781m,544.72961Mi
2026-09-19T06:30:00+00:00,orders-service,1,831m,557.714584Mi
2026-09-19T06:30:00+00:00,payments-service,1,512m,545.774758Mi
2026-09-19T06:30:00+00:00,products-service,1,763m,543.47014Mi
2026-09-19T06:35:00+00:00,orders-service,1,831m,557.714584Mi
2026-09-19T06:35:00+00:00,payments-service,1,512m,545.774758Mi
2026-09-19T06:35:00+00:00,products-service,1,763m,543.47014Mi
2026-09-19T06:40:00+00:00,orders-service,1,831m,557.714584Mi
2026-09-19T06:40:00+00:00,payments-service,1,504m,543.446329Mi
2026-09-19T06:40:00+00:00,products-service,1,763m,543.47014Mi
2026-09-19T06:45:00+00:00,orders-service,1,831m,557.714584Mi
2026-09-19T06:45:00+00:00,payments-service,1,504m,543.446329Mi
2026-09-19T06:45:00+00:00,products-service,1,763m,543.47014Mi
2026-09-19T06:50:00+00:00,orders-service,1,831m,557.714584Mi
2026-09-19T06:50:00+00:00,payments-service,1,504m,543.446329Mi
2026-09-19T06:50:00+00:00,products-service,1,763m,543.47014Mi
2026-09-19T06:55:00+00:00,orders-service,1,831m,557.714584Mi
2026-09-19T06:55:00+00:00,payments-service,1,504m,543.446329Mi
2026-09-19T06:55:00+00:00,products-service,1,763m,543.47014Mi
2026-09-19T07:00:00+00:00,orders-service,1,831m,557.714584Mi
2026-09-19T07:00:00+00:00,payments-service,1,497m,543.907511Mi
2026-09-19T07:00:00+00:00,products-service,1,777m,546.592023Mi
2026-09-19T07:05:00+00:00,orders-service,1,831m,557.714584Mi
2026-09-19T07:05:00+00:00,payments-service,1,497m,543.907511Mi
2026-09-19T07:05:00+00:00,products-service,1,777m,546.592023Mi
2026-09-19T07:10:00+00:00,orders-service,1,831m,557.714584Mi
2026-09-19T07:10:00+00:00,payments-service,1,497m,543.907511Mi
2026-09-19T07:10:00+00:00,products-service,1,777m,546.592023Mi
2026-09-19T07:15:00+00:00,orders-service,1,833m,559.810308Mi
2026-09-19T07:15:00+00:00,payments-service,1,511m,548.992912Mi
2026-09-19T07:15:00+00:00,products-service,1,777m,546.592023Mi
2026-09-19T07:20:00+00:00,orders-service,1,833m,559.810308Mi
2026-09-19T07:20:00+00:00,payments-service,1,511m,548.992912Mi
2026-09-19T07:20:00+00:00,products-service,1,777m,546.592023Mi
2026-09-19T07:25:00+00:00,orders-service,1,833m,559.810308Mi
2026-09-19T07:25:00+00:00,payments-service,1,511m,548.992912Mi
2026-09-19T07:25:00+00:00,products-service,1,777m,546.592023Mi
2026-09-19T07:30:00+00:00,orders-service,1,833m,559.810308Mi
2026-09-19T07:30:00+00:00,payments-service,1,511m,548.992912Mi
2026-09-19T07:30:00+00:00,products-service,1,782m,543.949126Mi
2026-09-19T07:35:00+00:00,orders-service,1,833m,559.810308Mi
2026-09-19T07:35:00+00:00,payments-service,1,511m,548.992912Mi
2026-09-19T07:35:00+00:00,products-service,1,782m,543.949126Mi
2026-09-19T07:40:00+00:00,orders-service,1,833m,559.810308Mi
2026-09-19T07:40:00+00:00,payments-service,1,511m,548.992912Mi
2026-09-19T07:40:00+00:00,products-service,1,782m,543.949126Mi
2026-09-19T07:45:00+00:00,orders-service,1,833m,559.810308Mi
2026-09-19T07:45:00+00:00,payments-service,1,511m,548.992912Mi
2026-09-19T07:45:00+00:00,products-service,1,796m,545.257434Mi
2026-09-19T07:50:00+00:00,orders-service,1,833m,559.810308Mi
2026-09-19T07:50:00+00:00,payments-service,1,511m,548.992912Mi
2026-09-19T07:50:00+00:00,products-service,1,796m,545.257434Mi
2026-09-19T07:55:00+00:00,orders-service,1,833m,559.810308Mi
2026-09-19T07:55:00+00:00,payments-service,1,511m,548.992912Mi
2026-09-19T07:55:00+00:00,products-service,1,796m,545.257434Mi
2026-09-19T08:00:00+00:00,orders-service,1,833m,559.810308Mi
2026-09-19T08:00:00+00:00,payments-service,1,511m,548.992912Mi
2026-09-19T08:00:00+00:00,products-service,1,796m,545.257434Mi
2026-09-19T08:05:00+00:00,orders-service,1,833m,559.810308Mi
2026-09-19T08:05:00+00:00,payments-service,1,515m,547.606186Mi
2026-09-19T08:05:00+00:00,products-service,1,796m,545.257434Mi
2026-09-19T08:10:00+00:00,orders-service,1,824m,558.748843Mi
2026-09-19T08:10:00+00:00,payments-service,1,515m,547.606186Mi
2026-09-19T08:10:00+00:00,products-service,1,774m,547.532014Mi
2026-09-19T08:15:00+00:00,orders-service,1,824m,558.748843Mi
2026-09-19T08:15:00+00:00,payments-service,1,515m,547.606186Mi
2026-09-19T08:15:00+00:00,products-service,1,774m,547.532014Mi
2026-09-19T08:20:00+00:00,orders-service,1,824m,558.748843Mi
2026-09-19T08:20:00+00:00,payments-service,1,515m,547.606186Mi
2026-09-19T08:20:00+00:00,products-service,1,774m,547.532014Mi
2026-09-19T08:25:00+00:00,orders-service,1,811m,558.347438Mi
2026-09-19T08:25:00+00:00,payments-service,1,515m,547.606186Mi
2026-09-19T08:25:00+00:00,products-service,1,774m,547.532014Mi
2026-09-19T08:30:00+00:00,orders-service,1,811m,558.347438Mi
2026-09-19T08:30:00+00:00,payments-service,1,515m,547.606186Mi
2026-09-19T08:30:00+00:00,products-service,1,774m,547.532014Mi
2026-09-19T08:35:00+00:00,orders-service,1,811m,558.347438Mi
2026-09-19T08:35:00+00:00,payments-service,1,508m,544.68819Mi
2026-09-19T08:35:00+00:00,products-service,1,774m,547.532014Mi
2026-09-19T08:40:00+00:00,orders-service,1,811m,558.347438Mi
2026-09-19T08:40:00+00:00,payments-service,1,508m,544.68819Mi
2026-09-19T08:40:00+00:00,products-service,1,805m,546.710291Mi
2026-09-19T08:45:00+00:00,orders-service,1,811m,558.347438Mi
2026-09-19T08:45:00+00:00,payments-service,1,508m,544.68819Mi
2026-09-19T08:45:00+00:00,products-service,1,805m,546.710291Mi
2026-09-19T08:50:00+00:00,orders-service,1,823m,558.471788Mi
2026-09-19T08:50:00+00:00,payments-service,1,508m,544.68819Mi
2026-09-19T08:50:00+00:00,products-service,1,805m,546.710291Mi
2026-09-19T08:55:00+00:00,orders-service,1,823m,558.471788Mi
2026-09-19T08:55:00+00:00,payments-service,1,497m,542.960652Mi
2026-09-19T08:55:00+00:00,products-service,1,747m,545.888389Mi
2026-09-19T09:00:00+00:00,orders-service,1,823m,558.471788Mi
2026-09-19T09:00:00+00:00,payments-service,1,497m,542.960652Mi
2026-09-19T09:00:00+00:00,products-service,1,747m,545.888389Mi
2026-09-19T09:05:00+00:00,orders-service,1,834m,559.310859Mi
2026-09-19T09:05:00+00:00,payments-service,1,497m,542.960652Mi
2026-09-19T09:05:00+00:00,products-service,1,747m,545.888389Mi
2026-09-19T09:10:00+00:00,orders-service,1,834m,559.310859Mi
2026-09-19T09:10:00+00:00,payments-service,1,497m,542.960652Mi
2026-09-19T09:10:00+00:00,products-service,1,782m,544.545517Mi
2026-09-19T09:15:00+00:00,orders-service,1,834m,559.310859Mi
2026-09-19T09:15:00+00:00,payments-service,1,497m,542.960652Mi
2026-09-19T09:15:00+00:00,products-service,1,782m,544.545517Mi
2026-09-19T09:20:00+00:00,orders-service,1,834m,559.310859Mi
2026-09-19T09:20:00+00:00,payments-service,1,497m,542.960652Mi
2026-09-19T09:20:00+00:00,products-service,1,782m,544.545517Mi
2026-09-19T09:25:00+00:00,orders-service,1,834m,559.310859Mi
2026-09-19T09:25:00+00:00,payments-service,1,480m,542.928304Mi
2026-09-19T09:25:00+00:00,products-service,1,768m,545.571429Mi
2026-09-19T09:30:00+00:00,orders-service,1,790m,553.844534Mi
2026-09-19T09:30:00+00:00,payments-service,1,480m,542.928304Mi
2026-09-19T09:30:00+00:00,products-service,1,768m,545.571429Mi
2026-09-19T09:35:00+00:00,orders-service,1,790m,553.844534Mi
2026-09-19T09:35:00+00:00,payments-service,1,480m,542.928304Mi
2026-09-19T09:35:00+00:00,products-service,1,768m,545.571429Mi
2026-09-19T09:40:00+00:00,orders-service,1,790m,553.844534Mi
2026-09-19T09:40:00+00:00,payments-service,1,480m,542.928304Mi
2026-09-19T09:40:00+00:00,products-service,1,790m,545.391902Mi
2026-09-19T09:45:00+00:00,orders-service,1,799m,558.389144Mi
2026-09-19T09:45:00+00:00,payments-service,1,480m,542.928304Mi
2026-09-19T09:45:00+00:00,products-service,1,790m,545.391902Mi
2026-09-19T09:50:00+00:00,orders-service,1,799m,558.389144Mi
2026-09-19T09:50:00+00:00,payments-service,1,480m,542.928304Mi
2026-09-19T09:50:00+00:00,products-service,1,790m,545.391902Mi
2026-09-19T09:55:00+00:00,orders-service,1,799m,558.389144Mi
2026-09-19T09:55:00+00:00,payments-service,1,480m,542.928304Mi
2026-09-19T09:55:00+00:00,products-service,1,751m,539.564134Mi
2026-09-19T10:00:00+00:00,orders-service,1,799m,558.389144Mi
2026-09-19T10:00:00+00:00,payments-service,1,480m,542.928304Mi
2026-09-19T10:00:00+00:00,products-service,1,751m,539.564134Mi
2026-09-19T10:05:00+00:00,orders-service,1,799m,558.389144Mi
2026-09-19T10:05:00+00:00,payments-service,1,497m,545.740829Mi
2026-09-19T10:05:00+00:00,products-service,1,751m,539.564134Mi
2026-09-19T10:10:00+00:00,orders-service,1,799m,558.389144Mi
2026-09-19T10:10:00+00:00,payments-service,1,497m,545.740829Mi
2026-09-19T10:10:00+00:00,products-service,1,761m,543.305207Mi
2026-09-19T10:15:00+00:00,orders-service,1,799m,558.389144Mi
2026-09-19T10:15:00+00:00,payments-service,1,497m,545.740829Mi
2026-09-19T10:15:00+00:00,products-service,1,761m,543.305207Mi
2026-09-19T10:20:00+00:00,orders-service,1,799m,558.389144Mi
2026-09-19T10:20:00+00:00,payments-service,1,508m,544.6143Mi
2026-09-19T10:20:00+00:00,products-service,1,761m,543.305207Mi
2026-09-19T10:25:00+00:00,orders-service,1,799m,558.389144Mi
2026-09-19T10:25:00+00:00,payments-service,1,508m,544.6143Mi
2026-09-19T10:25:00+00:00,products-service,1,761m,543.305207Mi
2026-09-19T10:30:00+00:00,orders-service,1,762m,553.41535Mi
2026-09-19T10:30:00+00:00,payments-service,1,508m,544.6143Mi
2026-09-19T10:30:00+00:00,products-service,1,727m,540.361329Mi
2026-09-19T10:35:00+00:00,orders-service,1,762m,553.41535Mi
2026-09-19T10:35:00+00:00,payments-service,1,508m,544.6143Mi
2026-09-19T10:35:00+00:00,products-service,1,727m,540.361329Mi
2026-09-19T10:40:00+00:00,orders-service,1,762m,553.41535Mi
2026-09-19T10:40:00+00:00,payments-service,1,508m,544.6143Mi
2026-09-19T10:40:00+00:00,products-service,1,727m,540.361329Mi
2026-09-19T10:45:00+00:00,orders-service,1,826m,560.386502Mi
2026-09-19T10:45:00+00:00,payments-service,1,508m,544.6143Mi
2026-09-19T10:45:00+00:00,products-service,1,727m,540.361329Mi
2026-09-19T10:50:00+00:00,orders-service,1,826m,560.386502Mi
2026-09-19T10:50:00+00:00,payments-service,1,508m,544.6143Mi
2026-09-19T10:50:00+00:00,products-service,1,727m,540.361329Mi
2026-09-19T10:55:00+00:00,orders-service,1,826m,560.386502Mi
2026-09-19T10:55:00+00:00,payments-service,1,508m,544.6143Mi
2026-09-19T10:55:00+00:00,products-service,1,696m,538.418726Mi
2026-09-19T11:00:00+00:00,orders-service,1,769m,556.871776Mi
2026-09-19T11:00:00+00:00,payments-service,1,508m,544.6143Mi
2026-09-19T11:00:00+00:00,products-service,1,696m,538.418726Mi
2026-09-19T11:05:00+00:00,orders-service,1,769m,556.871776Mi
2026-09-19T11:05:00+00:00,payments-service,1,473m,543.922209Mi
2026-09-19T11:05:00+00:00,products-service,1,696m,538.418726Mi
2026-09-19T11:10:00+00:00,orders-service,1,769m,556.871776Mi
2026-09-19T11:10:00+00:00,payments-service,1,473m,543.922209Mi
2026-09-19T11:10:00+00:00,products-service,1,695m,537.733714Mi
2026-09-19T11:15:00+00:00,orders-service,1,758m,552.830412Mi
2026-09-19T11:15:00+00:00,payments-service,1,473m,543.922209Mi
2026-09-19T11:15:00+00:00,products-service,1,695m,537.733714Mi
2026-09-19T11:20:00+00:00,orders-service,1,758m,552.830412Mi
2026-09-19T11:20:00+00:00,payments-service,1,473m,543.922209Mi
2026-09-19T11:20:00+00:00,products-service,1,695m,537.733714Mi
2026-09-19T11:25:00+00:00,orders-service,1,758m,552.830412Mi
2026-09-19T11:25:00+00:00,payments-service,1,473m,543.922209Mi
2026-09-19T11:25:00+00:00,products-service,1,695m,537.733714Mi
2026-09-19T11:30:00+00:00,orders-service,1,741m,556.86289Mi
2026-09-19T11:30:00+00:00,payments-service,1,473m,543.922209Mi
2026-09-19T11:30:00+00:00,products-service,1,659m,534.982109Mi
2026-09-19T11:35:00+00:00,orders-service,1,741m,556.86289Mi
2026-09-19T11:35:00+00:00,payments-service,1,473m,543.922209Mi
2026-09-19T11:35:00+00:00,products-service,1,659m,534.982109Mi
2026-09-19T11:40:00+00:00,orders-service,1,741m,556.86289Mi
2026-09-19T11:40:00+00:00,payments-service,1,473m,543.922209Mi
2026-09-19T11:40:00+00:00,products-service,1,659m,534.982109Mi
2026-09-19T11:45:00+00:00,orders-service,1,760m,555.697585Mi
2026-09-19T11:45:00+00:00,payments-service,1,473m,543.922209Mi
2026-09-19T11:45:00+00:00,products-service,1,659m,534.982109Mi
2026-09-19T11:50:00+00:00,orders-service,1,760m,555.697585Mi
2026-09-19T11:50:00+00:00,payments-service,1,479m,535.395043Mi
2026-09-19T11:50:00+00:00,products-service,1,659m,534.982109Mi
2026-09-19T11:55:00+00:00,orders-service,1,760m,555.697585Mi
2026-09-19T11:55:00+00:00,payments-service,1,479m,535.395043Mi
2026-09-19T11:55:00+00:00,products-service,1,659m,534.982109Mi
2026-09-19T12:00:00+00:00,orders-service,1,760m,555.697585Mi
2026-09-19T12:00:00+00:00,payments-service,1,479m,535.395043Mi
2026-09-19T12:00:00+00:00,products-service,1,659m,534.982109Mi
2026-09-19T12:05:00+00:00,orders-service,1,760m,555.697585Mi
2026-09-19T12:05:00+00:00,payments-service,1,486m,537.768259Mi
2026-09-19T12:05:00+00:00,products-service,1,659m,534.982109Mi
2026-09-19T12:10:00+00:00,orders-service,1,760m,555.697585Mi
2026-09-19T12:10:00+00:00,payments-service,1,486m,537.768259Mi
2026-09-19T12:10:00+00:00,products-service,1,659m,534.982109Mi
2026-09-19T12:15:00+00:00,orders-service,1,760m,555.697585Mi
2026-09-19T12:15:00+00:00,payments-service,1,486m,537.768259Mi
2026-09-19T12:15:00+00:00,products-service,1,656m,537.241965Mi
2026-09-19T12:20:00+00:00,orders-service,1,709m,551.418841Mi
2026-09-19T12:20:00+00:00,payments-service,1,470m,540.359598Mi
2026-09-19T12:20:00+00:00,products-service,1,656m,537.241965Mi
2026-09-19T12:25:00+00:00,orders-service,1,709m,551.418841Mi
2026-09-19T12:25:00+00:00,payments-service,1,470m,540.359598Mi
2026-09-19T12:25:00+00:00,products-service,1,656m,537.241965Mi
2026-09-19T12:30:00+00:00,orders-service,1,709m,551.418841Mi
2026-09-19T12:30:00+00:00,payments-service,1,470m,540.359598Mi
2026-09-19T12:30:00+00:00,products-service,1,656m,537.241965Mi
2026-09-19T12:35:00+00:00,orders-service,1,669m,548.375581Mi
2026-09-19T12:35:00+00:00,payments-service,1,459m,540.347159Mi
2026-09-19T12:35:00+00:00,products-service,1,644m,529.172714Mi
2026-09-19T12:40:00+00:00,orders-service,1,669m,548.375581Mi
2026-09-19T12:40:00+00:00,payments-service,1,459m,540.347159Mi
2026-09-19T12:40:00+00:00,products-service,1,644m,529.172714Mi
2026-09-19T12:45:00+00:00,orders-service,1,669m,548.375581Mi
2026-09-19T12:45:00+00:00,payments-service,1,459m,540.347159Mi
2026-09-19T12:45:00+00:00,products-service,1,644m,529.172714Mi
2026-09-19T12:50:00+00:00,orders-service,1,669m,548.375581Mi
2026-09-19T12:50:00+00:00,payments-service,1,437m,540.124581Mi
2026-09-19T12:50:00+00:00,products-service,1,602m,531.623443Mi
2026-09-19T12:55:00+00:00,orders-service,1,669m,548.375581Mi
2026-09-19T12:55:00+00:00,payments-service,1,437m,540.124581Mi
2026-09-19T12:55:00+00:00,products-service,1,602m,531.623443Mi
2026-09-19T13:00:00+00:00,orders-service,1,669m,548.375581Mi
2026-09-19T13:00:00+00:00,payments-service,1,437m,540.124581Mi
2026-09-19T13:00:00+00:00,products-service,1,602m,531.623443Mi
2026-09-19T13:05:00+00:00,orders-service,1,669m,548.375581Mi
2026-09-19T13:05:00+00:00,payments-service,1,436m,544.426749Mi
2026-09-19T13:05:00+00:00,products-service,1,602m,531.623443Mi
2026-09-19T13:10:00+00:00,orders-service,1,669m,548.375581Mi
2026-09-19T13:10:00+00:00,payments-service,1,436m,544.426749Mi
2026-09-19T13:10:00+00:00,products-service,1,602m,531.623443Mi
2026-09-19T13:15:00+00:00,orders-service,1,669m,548.375581Mi
2026-09-19T13:15:00+00:00,payments-service,1,436m,544.426749Mi
2026-09-19T13:15:00+00:00,products-service,1,602m,531.623443Mi
2026-09-19T13:20:00+00:00,orders-service,1,669m,548.375581Mi
2026-09-19T13:20:00+00:00,payments-service,1,436m,544.426749Mi
2026-09-19T13:20:00+00:00,products-service,1,602m,531.623443Mi
2026-09-19T13:25:00+00:00,orders-service,1,669m,548.375581Mi
2026-09-19T13:25:00+00:00,payments-service,1,436m,544.426749Mi
2026-09-19T13:25:00+00:00,products-service,1,602m,531.623443Mi
2026-09-19T13:30:00+00:00,orders-service,1,619m,546.375831Mi
2026-09-19T13:30:00+00:00,payments-service,1,436m,544.426749Mi
2026-09-19T13:30:00+00:00,products-service,1,565m,527.487878Mi
2026-09-19T13:35:00+00:00,orders-service,1,619m,546.375831Mi
2026-09-19T13:35:00+00:00,payments-service,1,433m,542.364181Mi
2026-09-19T13:35:00+00:00,products-service,1,565m,527.487878Mi
2026-09-19T13:40:00+00:00,orders-service,1,619m,546.375831Mi
2026-09-19T13:40:00+00:00,payments-service,1,433m,542.364181Mi
2026-09-19T13:40:00+00:00,products-service,1,565m,527.487878Mi
2026-09-19T13:45:00+00:00,orders-service,1,606m,548.15867Mi
2026-09-19T13:45:00+00:00,payments-service,1,433m,542.364181Mi
2026-09-19T13:45:00+00:00,products-service,1,560m,525.762241Mi
2026-09-19T13:50:00+00:00,orders-service,1,606m,548.15867Mi
2026-09-19T13:50:00+00:00,payments-service,1,433m,542.364181Mi
2026-09-19T13:50:00+00:00,products-service,1,560m,525.762241Mi
2026-09-19T13:55:00+00:00,orders-service,1,606m,548.15867Mi
2026-09-19T13:55:00+00:00,payments-service,1,433m,542.364181Mi
2026-09-19T13:55:00+00:00,products-service,1,560m,525.762241Mi
2026-09-19T14:00:00+00:00,orders-service,1,606m,548.15867Mi
2026-09-19T14:00:00+00:00,payments-service,1,433m,542.364181Mi
2026-09-19T14:00:00+00:00,products-service,1,560m,525.762241Mi
2026-09-19T14:05:00+00:00,orders-service,1,616m,552.81077Mi
2026-09-19T14:05:00+00:00,payments-service,1,427m,541.372125Mi
2026-09-19T14:05:00+00:00,products-service,1,560m,525.762241Mi
2026-09-19T14:10:00+00:00,orders-service,1,616m,552.81077Mi
2026-09-19T14:10:00+00:00,payments-service,1,427m,541.372125Mi
2026-09-19T14:10:00+00:00,products-service,1,522m,522.282814Mi
2026-09-19T14:15:00+00:00,orders-service,1,616m,552.81077Mi
2026-09-19T14:15:00+00:00,payments-service,1,427m,541.372125Mi
2026-09-19T14:15:00+00:00,products-service,1,522m,522.282814Mi
2026-09-19T14:20:00+00:00,orders-service,1,569m,550.529655Mi
2026-09-19T14:20:00+00:00,payments-service,1,419m,543.912314Mi
2026-09-19T14:20:00+00:00,products-service,1,522m,522.282814Mi
2026-09-19T14:25:00+00:00,orders-service,1,569m,550.529655Mi
2026-09-19T14:25:00+00:00,payments-service,1,419m,543.912314Mi
2026-09-19T14:25:00+00:00,products-service,1,515m,519.558841Mi
2026-09-19T14:30:00+00:00,orders-service,1,569m,550.529655Mi
2026-09-19T14:30:00+00:00,payments-service,1,419m,543.912314Mi
2026-09-19T14:30:00+00:00,products-service,1,515m,519.558841Mi
2026-09-19T14:35:00+00:00,orders-service,1,536m,542.718234Mi
2026-09-19T14:35:00+00:00,payments-service,1,417m,540.979135Mi
2026-09-19T14:35:00+00:00,products-service,1,515m,519.558841Mi
2026-09-19T14:40:00+00:00,orders-service,1,536m,542.718234Mi
2026-09-19T14:40:00+00:00,payments-service,1,417m,540.979135Mi
2026-09-19T14:40:00+00:00,products-service,1,507m,518.916029Mi
2026-09-19T14:45:00+00:00,orders-service,1,536m,542.718234Mi
2026-09-19T14:45:00+00:00,payments-service,1,417m,540.979135Mi
2026-09-19T14:45:00+00:00,products-service,1,507m,518.916029Mi
2026-09-19T14:50:00+00:00,orders-service,1,536m,542.718234Mi
2026-09-19T14:50:00+00:00,payments-service,1,412m,537.647196Mi
2026-09-19T14:50:00+00:00,products-service,1,507m,518.916029Mi
2026-09-19T14:55:00+00:00,orders-service,1,536m,542.718234Mi
2026-09-19T14:55:00+00:00,payments-service,1,412m,537.647196Mi
2026-09-19T14:55:00+00:00,products-service,1,507m,518.916029Mi
2026-09-19T15:00:00+00:00,orders-service,1,536m,542.718234Mi
2026-09-19T15:00:00+00:00,payments-service,1,412m,537.647196Mi
2026-09-19T15:00:00+00:00,products-service,1,507m,518.916029Mi
2026-09-19T15:05:00+00:00,orders-service,1,643m,599.70785Mi
2026-09-19T15:05:00+00:00,payments-service,1,494m,552.816654Mi
2026-09-19T15:05:00+00:00,products-service,1,608m,587.553692Mi
2026-09-19T15:10:00+00:00,orders-service,1,643m,599.70785Mi
2026-09-19T15:10:00+00:00,payments-service,1,494m,552.816654Mi
2026-09-19T15:10:00+00:00,products-service,1,608m,587.553692Mi
2026-09-19T15:15:00+00:00,orders-service,1,643m,599.70785Mi
2026-09-19T15:15:00+00:00,payments-service,1,494m,552.816654Mi
2026-09-19T15:15:00+00:00,products-service,1,608m,587.553692Mi
2026-09-19T15:20:00+00:00,orders-service,1,772m,620.980332Mi
2026-09-19T15:20:00+00:00,payments-service,1,593m,553.258412Mi
2026-09-19T15:20:00+00:00,products-service,1,730m,599.330974Mi
2026-09-19T15:25:00+00:00,orders-service,1,772m,620.980332Mi
2026-09-19T15:25:00+00:00,payments-service,1,593m,553.258412Mi
2026-09-19T15:25:00+00:00,products-service,1,730m,599.330974Mi
2026-09-19T15:30:00+00:00,orders-service,1,772m,620.980332Mi
2026-09-19T15:30:00+00:00,payments-service,1,593m,553.258412Mi
2026-09-19T15:30:00+00:00,products-service,1,730m,599.330974Mi
2026-09-19T15:35:00+00:00,orders-service,1,926m,625.598297Mi
2026-09-19T15:35:00+00:00,payments-service,1,712m,554.030391Mi
2026-09-19T15:35:00+00:00,products-service,1,876m,615.837358Mi
2026-09-19T15:40:00+00:00,orders-service,1,926m,625.598297Mi
2026-09-19T15:40:00+00:00,payments-service,1,712m,554.030391Mi
2026-09-19T15:40:00+00:00,products-service,1,876m,615.837358Mi
2026-09-19T15:45:00+00:00,orders-service,1,926m,625.598297Mi
2026-09-19T15:45:00+00:00,payments-service,1,712m,554.030391Mi
2026-09-19T15:45:00+00:00,products-service,1,876m,615.837358Mi
2026-09-19T15:50:00+00:00,orders-service,1,926m,625.598297Mi
2026-09-19T15:50:00+00:00,payments-service,1,712m,554.030391Mi
2026-09-19T15:50:00+00:00,products-service,1,876m,615.837358Mi
2026-09-19T15:55:00+00:00,orders-service,1,1111m,633.679529Mi
2026-09-19T15:55:00+00:00,payments-service,1,712m,554.030391Mi
2026-09-19T15:55:00+00:00,products-service,1,876m,615.837358Mi
2026-09-19T16:00:00+00:00,orders-service,1,1111m,633.679529Mi
2026-09-19T16:00:00+00:00,payments-service,1,854m,552.685667Mi
2026-09-19T16:00:00+00:00,products-service,1,1051m,613.176093Mi
2026-09-19T16:05:00+00:00,orders-service,1,1111m,633.679529Mi
2026-09-19T16:05:00+00:00,payments-service,1,854m,552.685667Mi
2026-09-19T16:05:00+00:00,products-service,1,1051m,613.176093Mi
2026-09-19T16:10:00+00:00,orders-service,1,1111m,633.679529Mi
2026-09-19T16:10:00+00:00,payments-service,1,854m,552.685667Mi
2026-09-19T16:10:00+00:00,products-service,1,1051m,613.176093Mi
2026-09-19T16:15:00+00:00,orders-service,1,1333m,632.022922Mi
2026-09-19T16:15:00+00:00,payments-service,1,997m,554.08518Mi
2026-09-19T16:15:00+00:00,products-service,1,1051m,613.176093Mi
2026-09-19T16:20:00+00:00,orders-service,1,1333m,632.022922Mi
2026-09-19T16:20:00+00:00,payments-service,1,997m,554.08518Mi
2026-09-19T16:20:00+00:00,products-service,1,1140m,613.401492Mi
2026-09-19T16:25:00+00:00,orders-service,1,1333m,632.022922Mi
2026-09-19T16:25:00+00:00,payments-service,1,997m,554.08518Mi
2026-09-19T16:25:00+00:00,products-service,1,1140m,613.401492Mi
2026-09-19T16:30:00+00:00,orders-service,1,1333m,632.022922Mi
2026-09-19T16:30:00+00:00,payments-service,1,1067m,555.668654Mi
2026-09-19T16:30:00+00:00,products-service,1,1140m,613.401492Mi
2026-09-19T16:35:00+00:00,orders-service,1,1554m,631.266859Mi
2026-09-19T16:35:00+00:00,payments-service,1,1067m,555.668654Mi
2026-09-19T16:35:00+00:00,products-service,1,1176m,621.731727Mi
2026-09-19T16:40:00+00:00,orders-service,1,1554m,631.266859Mi
2026-09-19T16:40:00+00:00,payments-service,1,1067m,555.668654Mi
2026-09-19T16:40:00+00:00,products-service,1,1176m,621.731727Mi
2026-09-19T16:45:00+00:00,orders-service,1,1554m,631.266859Mi
2026-09-19T16:45:00+00:00,payments-service,1,1067m,555.668654Mi
2026-09-19T16:45:00+00:00,products-service,1,1176m,621.731727Mi
2026-09-19T16:50:00+00:00,orders-service,1,1554m,631.266859Mi
2026-09-19T16:50:00+00:00,payments-service,1,1067m,555.668654Mi
2026-09-19T16:50:00+00:00,products-service,1,1190m,619.344302Mi
2026-09-19T16:55:00+00:00,orders-service,1,1660m,640.151421Mi
2026-09-19T16:55:00+00:00,payments-service,1,1114m,558.574383Mi
2026-09-19T16:55:00+00:00,products-service,1,1190m,619.344302Mi
2026-09-19T17:00:00+00:00,orders-service,1,1660m,640.151421Mi
2026-09-19T17:00:00+00:00,payments-service,1,1114m,558.574383Mi
2026-09-19T17:00:00+00:00,products-service,1,1190m,619.344302Mi
2026-09-19T17:05:00+00:00,orders-service,1,1660m,640.151421Mi
2026-09-19T17:05:00+00:00,payments-service,1,1114m,558.574383Mi
2026-09-19T17:05:00+00:00,products-service,1,952m,554.937721Mi
2026-09-19T17:10:00+00:00,orders-service,1,1328m,579.105893Mi
2026-09-19T17:10:00+00:00,payments-service,1,891m,540.836052Mi
2026-09-19T17:10:00+00:00,products-service,1,952m,554.937721Mi
2026-09-19T17:15:00+00:00,orders-service,1,1328m,579.105893Mi
2026-09-19T17:15:00+00:00,payments-service,1,891m,540.836052Mi
2026-09-19T17:15:00+00:00,products-service,1,952m,554.937721Mi
2026-09-19T17:20:00+00:00,orders-service,1,1328m,579.105893Mi
2026-09-19T17:20:00+00:00,payments-service,1,891m,540.836052Mi
2026-09-19T17:20:00+00:00,products-service,1,762m,529.175088Mi
2026-09-19T17:25:00+00:00,orders-service,1,1062m,558.039904Mi
2026-09-19T17:25:00+00:00,payments-service,1,713m,531.755453Mi
2026-09-19T17:25:00+00:00,products-service,1,762m,529.175088Mi
2026-09-19T17:30:00+00:00,orders-service,1,1062m,558.039904Mi
2026-09-19T17:30:00+00:00,payments-service,1,713m,531.755453Mi
2026-09-19T17:30:00+00:00,products-service,1,762m,529.175088Mi
2026-09-19T17:35:00+00:00,orders-service,1,1062m,558.039904Mi
2026-09-19T17:35:00+00:00,payments-service,1,713m,531.755453Mi
2026-09-19T17:35:00+00:00,products-service,1,610m,518.870035Mi
2026-09-19T17:40:00+00:00,orders-service,1,850m,541.461762Mi
2026-09-19T17:40:00+00:00,payments-service,1,713m,531.755453Mi
2026-09-19T17:40:00+00:00,products-service,1,610m,518.870035Mi
2026-09-19T17:45:00+00:00,orders-service,1,850m,541.461762Mi
2026-09-19T17:45:00+00:00,payments-service,1,713m,531.755453Mi
2026-09-19T17:45:00+00:00,products-service,1,610m,518.870035Mi
2026-09-19T17:50:00+00:00,orders-service,1,850m,541.461762Mi
2026-09-19T17:50:00+00:00,payments-service,1,713m,531.755453Mi
2026-09-19T17:50:00+00:00,products-service,1,488m,514.748014Mi
2026-09-19T17:55:00+00:00,orders-service,1,680m,541.452588Mi
2026-09-19T17:55:00+00:00,payments-service,1,713m,531.755453Mi
2026-09-19T17:55:00+00:00,products-service,1,488m,514.748014Mi
2026-09-19T18:00:00+00:00,orders-service,1,680m,541.452588Mi
2026-09-19T18:00:00+00:00,payments-service,1,570m,529.602486Mi
2026-09-19T18:00:00+00:00,products-service,1,488m,514.748014Mi
2026-09-19T18:05:00+00:00,orders-service,1,680m,541.452588Mi
2026-09-19T18:05:00+00:00,payments-service,1,570m,529.602486Mi
2026-09-19T18:05:00+00:00,products-service,1,435m,514.325243Mi
2026-09-19T18:10:00+00:00,orders-service,1,544m,539.731243Mi
2026-09-19T18:10:00+00:00,payments-service,1,570m,529.602486Mi
2026-09-19T18:10:00+00:00,products-service,1,435m,514.325243Mi
2026-09-19T18:15:00+00:00,orders-service,1,544m,539.731243Mi
2026-09-19T18:15:00+00:00,payments-service,1,570m,529.602486Mi
2026-09-19T18:15:00+00:00,products-service,1,435m,514.325243Mi
2026-09-19T18:20:00+00:00,orders-service,1,544m,539.731243Mi
2026-09-19T18:20:00+00:00,payments-service,1,570m,529.602486Mi
2026-09-19T18:20:00+00:00,products-service,1,417m,513.218452Mi
2026-09-19T18:25:00+00:00,orders-service,1,544m,539.731243Mi
2026-09-19T18:25:00+00:00,payments-service,1,570m,529.602486Mi
2026-09-19T18:25:00+00:00,products-service,1,417m,513.218452Mi
2026-09-19T18:30:00+00:00,orders-service,1,458m,541.359575Mi
2026-09-19T18:30:00+00:00,payments-service,1,570m,529.602486Mi
2026-09-19T18:30:00+00:00,products-service,1,417m,513.218452Mi
2026-09-19T18:35:00+00:00,orders-service,1,458m,541.359575Mi
2026-09-19T18:35:00+00:00,payments-service,1,570m,529.602486Mi
2026-09-19T18:35:00+00:00,products-service,1,417m,513.218452Mi
2026-09-19T18:40:00+00:00,orders-service,1,458m,541.359575Mi
2026-09-19T18:40:00+00:00,payments-service,1,468m,525.634805Mi
2026-09-19T18:40:00+00:00,products-service,1,417m,513.218452Mi
2026-09-19T18:45:00+00:00,orders-service,1,458m,541.359575Mi
2026-09-19T18:45:00+00:00,payments-service,1,468m,525.634805Mi
2026-09-19T18:45:00+00:00,products-service,1,407m,512.487381Mi
2026-09-19T18:50:00+00:00,orders-service,1,424m,543.766962Mi
2026-09-19T18:50:00+00:00,payments-service,1,468m,525.634805Mi
2026-09-19T18:50:00+00:00,products-service,1,407m,512.487381Mi
2026-09-19T18:55:00+00:00,orders-service,1,424m,543.766962Mi
2026-09-19T18:55:00+00:00,payments-service,1,427m,527.292399Mi
2026-09-19T18:55:00+00:00,products-service,1,407m,512.487381Mi
2026-09-19T19:00:00+00:00,orders-service,1,424m,543.766962Mi
2026-09-19T19:00:00+00:00,payments-service,1,427m,527.292399Mi
2026-09-19T19:00:00+00:00,products-service,1,403m,512.194952Mi
2026-09-19T19:05:00+00:00,orders-service,1,416m,541.165147Mi
2026-09-19T19:05:00+00:00,payments-service,1,427m,527.292399Mi
2026-09-19T19:05:00+00:00,products-service,1,403m,512.194952Mi
2026-09-19T19:10:00+00:00,orders-service,1,416m,541.165147Mi
2026-09-19T19:10:00+00:00,payments-service,1,411m,530.035588Mi
2026-09-19T19:10:00+00:00,products-service,1,403m,512.194952Mi
2026-09-19T19:15:00+00:00,orders-service,1,416m,541.165147Mi
2026-09-19T19:15:00+00:00,payments-service,1,411m,530.035588Mi
2026-09-19T19:15:00+00:00,products-service,1,401m,512.077981Mi
2026-09-19T19:20:00+00:00,orders-service,1,416m,541.165147Mi
2026-09-19T19:20:00+00:00,payments-service,1,411m,530.035588Mi
2026-09-19T19:20:00+00:00,products-service,1,401m,512.077981Mi
2026-09-19T19:25:00+00:00,orders-service,1,416m,541.165147Mi
2026-09-19T19:25:00+00:00,payments-service,1,411m,530.035588Mi
2026-09-19T19:25:00+00:00,products-service,1,401m,512.077981Mi
2026-09-19T19:30:00+00:00,orders-service,1,409m,541.633613Mi
2026-09-19T19:30:00+00:00,payments-service,1,404m,532.74258Mi
2026-09-19T19:30:00+00:00,products-service,1,400m,512.031192Mi
2026-09-19T19:35:00+00:00,orders-service,1,409m,541.633613Mi
2026-09-19T19:35:00+00:00,payments-service,1,404m,532.74258Mi
2026-09-19T19:35:00+00:00,products-service,1,400m,512.031192Mi
2026-09-19T19:40:00+00:00,orders-service,1,409m,541.633613Mi
2026-09-19T19:40:00+00:00,payments-service,1,404m,532.74258Mi
2026-09-19T19:40:00+00:00,products-service,1,400m,512.031192Mi
2026-09-19T19:45:00+00:00,orders-service,1,408m,540.313492Mi
2026-09-19T19:45:00+00:00,payments-service,1,402m,529.624461Mi
2026-09-19T19:45:00+00:00,products-service,1,400m,512.012477Mi
2026-09-19T19:50:00+00:00,orders-service,1,408m,540.313492Mi
2026-09-19T19:50:00+00:00,payments-service,1,402m,529.624461Mi
2026-09-19T19:50:00+00:00,products-service,1,400m,512.012477Mi
2026-09-19T19:55:00+00:00,orders-service,1,408m,540.313492Mi
2026-09-19T19:55:00+00:00,payments-service,1,402m,529.624461Mi
2026-09-19T19:55:00+00:00,products-service,1,400m,512.012477Mi
2026-09-19T20:00:00+00:00,orders-service,1,408m,540.313492Mi
2026-09-19T20:00:00+00:00,payments-service,1,401m,528.381572Mi
2026-09-19T20:00:00+00:00,products-service,1,400m,512.004991Mi
2026-09-19T20:05:00+00:00,orders-service,1,408m,540.313492Mi
2026-09-19T20:05:00+00:00,payments-service,1,401m,528.381572Mi
2026-09-19T20:05:00+00:00,products-service,1,400m,512.004991Mi
2026-09-19T20:10:00+00:00,orders-service,1,407m,541.892291Mi
2026-09-19T20:10:00+00:00,payments-service,1,401m,528.381572Mi
2026-09-19T20:10:00+00:00,products-service,1,400m,512.004991Mi
2026-09-19T20:15:00+00:00,orders-service,1,407m,541.892291Mi
2026-09-19T20:15:00+00:00,payments-service,1,401m,528.381572Mi
2026-09-19T20:15:00+00:00,products-service,1,400m,512.004991Mi
2026-09-19T20:20:00+00:00,orders-service,1,407m,541.892291Mi
2026-09-19T20:20:00+00:00,payments-service,1,401m,528.381572Mi
2026-09-19T20:20:00+00:00,products-service,1,400m,512.004991Mi
2026-09-19T20:25:00+00:00,orders-service,1,407m,541.892291Mi
2026-09-19T20:25:00+00:00,payments-service,1,401m,528.381572Mi
2026-09-19T20:25:00+00:00,products-service,1,400m,512.004991Mi
2026-09-19T20:30:00+00:00,orders-service,1,407m,541.892291Mi
2026-09-19T20:30:00+00:00,payments-service,1,401m,528.381572Mi
2026-09-19T20:30:00+00:00,products-service,1,400m,512.004991Mi
2026-09-19T20:35:00+00:00,orders-service,1,407m,541.892291Mi
2026-09-19T20:35:00+00:00,payments-service,1,401m,528.381572Mi
2026-09-19T20:35:00+00:00,products-service,1,400m,512.001996Mi
2026-09-19T20:40:00+00:00,orders-service,1,407m,541.892291Mi
2026-09-19T20:40:00+00:00,payments-service,1,400m,527.430241Mi
2026-09-19T20:40:00+00:00,products-service,1,400m,512.001996Mi
2026-09-19T20:45:00+00:00,orders-service,1,407m,541.892291Mi
2026-09-19T20:45:00+00:00,payments-service,1,400m,527.430241Mi
2026-09-19T20:45:00+00:00,products-service,1,400m,512.001996Mi
2026-09-19T20:50:00+00:00,orders-service,1,407m,541.892291Mi
2026-09-19T20:50:00+00:00,payments-service,1,400m,527.430241Mi
2026-09-19T20:50:00+00:00,products-service,1,400m,512.000798Mi
2026-09-19T20:55:00+00:00,orders-service,1,403m,541.150044Mi
2026-09-19T20:55:00+00:00,payments-service,1,400m,519.329689Mi
2026-09-19T20:55:00+00:00,products-service,1,400m,512.000798Mi
2026-09-19T21:00:00+00:00,orders-service,1,403m,541.150044Mi
2026-09-19T21:00:00+00:00,payments-service,1,400m,519.329689Mi
2026-09-19T21:00:00+00:00,products-service,1,400m,512.000798Mi
2026-09-19T21:05:00+00:00,orders-service,1,403m,541.150044Mi
2026-09-19T21:05:00+00:00,payments-service,1,400m,519.329689Mi
2026-09-19T21:05:00+00:00,products-service,1,400m,512.000319Mi
2026-09-19T21:10:00+00:00,orders-service,1,403m,541.150044Mi
2026-09-19T21:10:00+00:00,payments-service,1,400m,526.90701Mi
2026-09-19T21:10:00+00:00,products-service,1,400m,512.000319Mi
2026-09-19T21:15:00+00:00,orders-service,1,403m,541.150044Mi
2026-09-19T21:15:00+00:00,payments-service,1,400m,526.90701Mi
2026-09-19T21:15:00+00:00,products-service,1,400m,512.000319Mi
2026-09-19T21:20:00+00:00,orders-service,1,403m,541.150044Mi
2026-09-19T21:20:00+00:00,payments-service,1,400m,526.90701Mi
2026-09-19T21:20:00+00:00,products-service,1,400m,512.000319Mi
2026-09-19T21:25:00+00:00,orders-service,1,403m,541.150044Mi
2026-09-19T21:25:00+00:00,payments-service,1,400m,522.256261Mi
2026-09-19T21:25:00+00:00,products-service,1,400m,512.000128Mi
2026-09-19T21:30:00+00:00,orders-service,1,408m,540.416219Mi
2026-09-19T21:30:00+00:00,payments-service,1,400m,522.256261Mi
2026-09-19T21:30:00+00:00,products-service,1,400m,512.000128Mi
2026-09-19T21:35:00+00:00,orders-service,1,408m,540.416219Mi
2026-09-19T21:35:00+00:00,payments-service,1,400m,522.256261Mi
2026-09-19T21:35:00+00:00,products-service,1,400m,512.000128Mi
2026-09-19T21:40:00+00:00,orders-service,1,408m,540.416219Mi
2026-09-19T21:40:00+00:00,payments-service,1,400m,527.630788Mi
2026-09-19T21:40:00+00:00,products-service,1,400m,512.000128Mi
2026-09-19T21:45:00+00:00,orders-service,1,408m,540.416219Mi
2026-09-19T21:45:00+00:00,payments-service,1,400m,527.630788Mi
2026-09-19T21:45:00+00:00,products-service,1,400m,512.000051Mi
2026-09-19T21:50:00+00:00,orders-service,1,408m,540.416219Mi
2026-09-19T21:50:00+00:00,payments-service,1,400m,527.630788Mi
2026-09-19T21:50:00+00:00,products-service,1,400m,512.000051Mi
2026-09-19T21:55:00+00:00,orders-service,1,408m,540.416219Mi
2026-09-19T21:55:00+00:00,payments-service,1,400m,527.630788Mi
2026-09-19T21:55:00+00:00,products-service,1,400m,512.000051Mi
2026-09-19T22:00:00+00:00,orders-service,1,408m,540.416219Mi
2026-09-19T22:00:00+00:00,payments-service,1,400m,526.603316Mi
2026-09-19T22:00:00+00:00,products-service,1,400m,512.000051Mi
2026-09-19T22:05:00+00:00,orders-service,1,408m,540.416219Mi
2026-09-19T22:05:00+00:00,payments-service,1,400m,526.603316Mi
2026-09-19T22:05:00+00:00,products-service,1,400m,512.000051Mi
2026-09-19T22:10:00+00:00,orders-service,1,417m,537.856978Mi
2026-09-19T22:10:00+00:00,payments-service,1,400m,526.603316Mi
2026-09-19T22:10:00+00:00,products-service,1,416m,512.00002Mi
2026-09-19T22:15:00+00:00,orders-service,1,417m,537.856978Mi
2026-09-19T22:15:00+00:00,payments-service,1,400m,531.296283Mi
2026-09-19T22:15:00+00:00,products-service,1,416m,512.00002Mi
2026-09-19T22:20:00+00:00,orders-service,1,417m,537.856978Mi
2026-09-19T22:20:00+00:00,payments-service,1,400m,531.296283Mi
2026-09-19T22:20:00+00:00,products-service,1,416m,512.00002Mi
2026-09-19T22:25:00+00:00,orders-service,1,417m,537.856978Mi
2026-09-19T22:25:00+00:00,payments-service,1,400m,531.296283Mi
2026-09-19T22:25:00+00:00,products-service,1,416m,512.00002Mi
2026-09-19T22:30:00+00:00,orders-service,1,417m,537.856978Mi
2026-09-19T22:30:00+00:00,payments-service,1,400m,531.296283Mi
2026-09-19T22:30:00+00:00,products-service,1,416m,512.00002Mi
2026-09-19T22:35:00+00:00,orders-service,1,417m,537.856978Mi
2026-09-19T22:35:00+00:00,payments-service,1,400m,532.442842Mi
2026-09-19T22:35:00+00:00,products-service,1,416m,512.00002Mi
2026-09-19T22:40:00+00:00,orders-service,1,417m,537.856978Mi
2026-09-19T22:40:00+00:00,payments-service,1,400m,532.442842Mi
2026-09-19T22:40:00+00:00,products-service,1,426m,512.000008Mi
2026-09-19T22:45:00+00:00,orders-service,1,434m,535.114654Mi
2026-09-19T22:45:00+00:00,payments-service,1,400m,532.442842Mi
2026-09-19T22:45:00+00:00,products-service,1,426m,512.000008Mi
2026-09-19T22:50:00+00:00,orders-service,1,434m,535.114654Mi
2026-09-19T22:50:00+00:00,payments-service,1,400m,532.442842Mi
2026-09-19T22:50:00+00:00,products-service,1,426m,512.000008Mi
2026-09-19T22:55:00+00:00,orders-service,1,434m,535.114654Mi
2026-09-19T22:55:00+00:00,payments-service,1,400m,529.160584Mi
2026-09-19T22:55:00+00:00,products-service,1,426m,512.000008Mi
2026-09-19T23:00:00+00:00,orders-service,1,434m,535.114654Mi
2026-09-19T23:00:00+00:00,payments-service,1,400m,529.160584Mi
2026-09-19T23:00:00+00:00,products-service,1,426m,512.000008Mi
2026-09-19T23:05:00+00:00,orders-service,1,434m,535.114654Mi
2026-09-19T23:05:00+00:00,payments-service,1,400m,529.160584Mi
2026-09-19T23:05:00+00:00,products-service,1,426m,512.000008Mi
2026-09-19T23:10:00+00:00,orders-service,1,434m,535.114654Mi
2026-09-19T23:10:00+00:00,payments-service,1,400m,527.734082Mi
2026-09-19T23:10:00+00:00,products-service,1,426m,512.000008Mi
2026-09-19T23:15:00+00:00,orders-service,1,434m,535.114654Mi
2026-09-19T23:15:00+00:00,payments-service,1,400m,527.734082Mi
2026-09-19T23:15:00+00:00,products-service,1,426m,512.000008Mi
2026-09-19T23:20:00+00:00,orders-service,1,450m,539.468555Mi
2026-09-19T23:20:00+00:00,payments-service,1,400m,527.734082Mi
2026-09-19T23:20:00+00:00,products-service,1,426m,512.000008Mi
2026-09-19T23:25:00+00:00,orders-service,1,450m,539.468555Mi
2026-09-19T23:25:00+00:00,payments-service,1,400m,527.734082Mi
2026-09-19T23:25:00+00:00,products-service,1,439m,514.735452Mi
2026-09-19T23:30:00+00:00,orders-service,1,450m,539.468555Mi
2026-09-19T23:30:00+00:00,payments-service,1,400m,527.734082Mi
2026-09-19T23:30:00+00:00,products-service,1,439m,514.735452Mi
2026-09-19T23:35:00+00:00,orders-service,1,450m,539.468555Mi
2026-09-19T23:35:00+00:00,payments-service,1,400m,527.734082Mi
2026-09-19T23:35:00+00:00,products-service,1,439m,514.735452Mi
2026-09-19T23:40:00+00:00,orders-service,1,450m,539.468555Mi
2026-09-19T23:40:00+00:00,payments-service,1,400m,527.734082Mi
2026-09-19T23:40:00+00:00,products-service,1,439m,514.735452Mi
2026-09-19T23:45:00+00:00,orders-service,1,452m,538.977217Mi
2026-09-19T23:45:00+00:00,payments-service,1,400m,527.734082Mi
2026-09-19T23:45:00+00:00,products-service,1,449m,514.340104Mi
2026-09-19T23:50:00+00:00,orders-service,1,452m,538.977217Mi
2026-09-19T23:50:00+00:00,payments-service,1,400m,527.734082Mi
2026-09-19T23:50:00+00:00,products-service,1,449m,514.340104Mi
2026-09-19T23:55:00+00:00,orders-service,1,452m,538.977217Mi
2026-09-19T23:55:00+00:00,payments-service,1,400m,527.734082Mi
2026-09-19T23:55:00+00:00,products-service,1,449m,514.340104Mi
2026-09-20T00:00:00+00:00,orders-service,1,468m,537.085162Mi
2026-09-20T00:00:00+00:00,payments-service,1,401m,537.399223Mi
2026-09-20T00:00:00+00:00,products-service,1,449m,514.340104Mi
2026-09-20T00:05:00+00:00,orders-service,1,468m,537.085162Mi
2026-09-20T00:05:00+00:00,payments-service,1,401m,537.399223Mi
2026-09-20T00:05:00+00:00,products-service,1,456m,512.936042Mi
2026-09-20T00:10:00+00:00,orders-service,1,468m,537.085162Mi
2026-09-20T00:10:00+00:00,payments-service,1,401m,537.399223Mi
2026-09-20T00:10:00+00:00,products-service,1,456m,512.936042Mi
2026-09-20T00:15:00+00:00,orders-service,1,468m,537.085162Mi
2026-09-20T00:15:00+00:00,payments-service,1,401m,537.399223Mi
2026-09-20T00:15:00+00:00,products-service,1,456m,512.936042Mi
2026-09-20T00:20:00+00:00,orders-service,1,486m,536.360054Mi
2026-09-20T00:20:00+00:00,payments-service,1,405m,531.767783Mi
2026-09-20T00:20:00+00:00,products-service,1,466m,515.239358Mi
2026-09-20T00:25:00+00:00,orders-service,1,486m,536.360054Mi
2026-09-20T00:25:00+00:00,payments-service,1,405m,531.767783Mi
2026-09-20T00:25:00+00:00,products-service,1,466m,515.239358Mi
2026-09-20T00:30:00+00:00,orders-service,1,486m,536.360054Mi
2026-09-20T00:30:00+00:00,payments-service,1,405m,531.767783Mi
2026-09-20T00:30:00+00:00,products-service,1,466m,515.239358Mi
2026-09-20T00:35:00+00:00,orders-service,1,513m,536.936868Mi
2026-09-20T00:35:00+00:00,payments-service,1,412m,535.666342Mi
2026-09-20T00:35:00+00:00,products-service,1,492m,519.908597Mi
2026-09-20T00:40:00+00:00,orders-service,1,513m,536.936868Mi
2026-09-20T00:40:00+00:00,payments-service,1,412m,535.666342Mi
2026-09-20T00:40:00+00:00,products-service,1,492m,519.908597Mi
2026-09-20T00:45:00+00:00,orders-service,1,513m,536.936868Mi
2026-09-20T00:45:00+00:00,payments-service,1,412m,535.666342Mi
2026-09-20T00:45:00+00:00,products-service,1,492m,519.908597Mi
2026-09-20T00:50:00+00:00,orders-service,1,540m,541.336649Mi
2026-09-20T00:50:00+00:00,payments-service,1,412m,535.666342Mi
2026-09-20T00:50:00+00:00,products-service,1,506m,521.802111Mi
2026-09-20T00:55:00+00:00,orders-service,1,540m,541.336649Mi
2026-09-20T00:55:00+00:00,payments-service,1,412m,535.666342Mi
2026-09-20T00:55:00+00:00,products-service,1,506m,521.802111Mi
2026-09-20T01:00:00+00:00,orders-service,1,540m,541.336649Mi
2026-09-20T01:00:00+00:00,payments-service,1,412m,535.666342Mi
2026-09-20T01:00:00+00:00,products-service,1,506m,521.802111Mi
2026-09-20T01:05:00+00:00,orders-service,1,540m,541.336649Mi
2026-09-20T01:05:00+00:00,payments-service,1,416m,543.682613Mi
2026-09-20T01:05:00+00:00,products-service,1,494m,519.185725Mi
2026-09-20T01:10:00+00:00,orders-service,1,531m,533.81912Mi
2026-09-20T01:10:00+00:00,payments-service,1,416m,543.682613Mi
2026-09-20T01:10:00+00:00,products-service,1,494m,519.185725Mi
2026-09-20T01:15:00+00:00,orders-service,1,531m,533.81912Mi
2026-09-20T01:15:00+00:00,payments-service,1,416m,543.682613Mi
2026-09-20T01:15:00+00:00,products-service,1,494m,519.185725Mi
2026-09-20T01:20:00+00:00,orders-service,1,531m,533.81912Mi
2026-09-20T01:20:00+00:00,payments-service,1,417m,539.245531Mi
2026-09-20T01:20:00+00:00,products-service,1,494m,519.185725Mi
2026-09-20T01:25:00+00:00,orders-service,1,531m,533.81912Mi
2026-09-20T01:25:00+00:00,payments-service,1,417m,539.245531Mi
2026-09-20T01:25:00+00:00,products-service,1,508m,522.299986Mi
2026-09-20T01:30:00+00:00,orders-service,1,531m,533.81912Mi
2026-09-20T01:30:00+00:00,payments-service,1,417m,539.245531Mi
2026-09-20T01:30:00+00:00,products-service,1,508m,522.299986Mi
2026-09-20T01:35:00+00:00,orders-service,1,531m,533.81912Mi
2026-09-20T01:35:00+00:00,payments-service,1,422m,536.141901Mi
2026-09-20T01:35:00+00:00,products-service,1,508m,522.299986Mi
2026-09-20T01:40:00+00:00,orders-service,1,556m,537.107238Mi
2026-09-20T01:40:00+00:00,payments-service,1,422m,536.141901Mi
2026-09-20T01:40:00+00:00,products-service,1,508m,522.299986Mi
2026-09-20T01:45:00+00:00,orders-service,1,556m,537.107238Mi
2026-09-20T01:45:00+00:00,payments-service,1,422m,536.141901Mi
2026-09-20T01:45:00+00:00,products-service,1,508m,522.299986Mi
2026-09-20T01:50:00+00:00,orders-service,1,556m,537.107238Mi
2026-09-20T01:50:00+00:00,payments-service,1,430m,541.037852Mi
2026-09-20T01:50:00+00:00,products-service,1,520m,531.266369Mi
2026-09-20T01:55:00+00:00,orders-service,1,597m,542.5484Mi
2026-09-20T01:55:00+00:00,payments-service,1,430m,541.037852Mi
2026-09-20T01:55:00+00:00,products-service,1,520m,531.266369Mi
2026-09-20T02:00:00+00:00,orders-service,1,597m,542.5484Mi
2026-09-20T02:00:00+00:00,payments-service,1,430m,541.037852Mi
2026-09-20T02:00:00+00:00,products-service,1,520m,531.266369Mi
2026-09-20T02:05:00+00:00,orders-service,1,597m,542.5484Mi
2026-09-20T02:05:00+00:00,payments-service,1,431m,534.054716Mi
2026-09-20T02:05:00+00:00,products-service,1,565m,532.780095Mi
2026-09-20T02:10:00+00:00,orders-service,1,616m,548.008642Mi
2026-09-20T02:10:00+00:00,payments-service,1,431m,534.054716Mi
2026-09-20T02:10:00+00:00,products-service,1,565m,532.780095Mi
2026-09-20T02:15:00+00:00,orders-service,1,616m,548.008642Mi
2026-09-20T02:15:00+00:00,payments-service,1,431m,534.054716Mi
2026-09-20T02:15:00+00:00,products-service,1,565m,532.780095Mi
2026-09-20T02:20:00+00:00,orders-service,1,616m,548.008642Mi
2026-09-20T02:20:00+00:00,payments-service,1,431m,534.054716Mi
2026-09-20T02:20:00+00:00,products-service,1,565m,532.780095Mi
2026-09-20T02:25:00+00:00,orders-service,1,616m,548.008642Mi
2026-09-20T02:25:00+00:00,payments-service,1,431m,534.054716Mi
2026-09-20T02:25:00+00:00,products-service,1,565m,532.780095Mi
2026-09-20T02:30:00+00:00,orders-service,1,616m,548.008642Mi
2026-09-20T02:30:00+00:00,payments-service,1,431m,534.054716Mi
2026-09-20T02:30:00+00:00,products-service,1,565m,532.780095Mi
2026-09-20T02:35:00+00:00,orders-service,1,616m,548.008642Mi
2026-09-20T02:35:00+00:00,payments-service,1,443m,535.758642Mi
2026-09-20T02:35:00+00:00,products-service,1,565m,532.780095Mi
2026-09-20T02:40:00+00:00,orders-service,1,616m,548.008642Mi
2026-09-20T02:40:00+00:00,payments-service,1,443m,535.758642Mi
2026-09-20T02:40:00+00:00,products-service,1,565m,532.780095Mi
2026-09-20T02:45:00+00:00,orders-service,1,616m,548.008642Mi
2026-09-20T02:45:00+00:00,payments-service,1,443m,535.758642Mi
2026-09-20T02:45:00+00:00,products-service,1,565m,532.780095Mi
2026-09-20T02:50:00+00:00,orders-service,1,616m,548.008642Mi
2026-09-20T02:50:00+00:00,payments-service,1,443m,535.758642Mi
2026-09-20T02:50:00+00:00,products-service,1,596m,534.759719Mi
2026-09-20T02:55:00+00:00,orders-service,1,616m,548.008642Mi
2026-09-20T02:55:00+00:00,payments-service,1,438m,541.559621Mi
2026-09-20T02:55:00+00:00,products-service,1,596m,534.759719Mi
2026-09-20T03:00:00+00:00,orders-service,1,616m,548.008642Mi
2026-09-20T03:00:00+00:00,payments-service,1,438m,541.559621Mi
2026-09-20T03:00:00+00:00,products-service,1,596m,534.759719Mi
2026-09-20T03:05:00+00:00,orders-service,1,616m,548.008642Mi
2026-09-20T03:05:00+00:00,payments-service,1,438m,541.559621Mi
2026-09-20T03:05:00+00:00,products-service,1,604m,535.079815Mi
2026-09-20T03:10:00+00:00,orders-service,1,663m,546.63782Mi
2026-09-20T03:10:00+00:00,payments-service,1,438m,541.559621Mi
2026-09-20T03:10:00+00:00,products-service,1,604m,535.079815Mi
2026-09-20T03:15:00+00:00,orders-service,1,663m,546.63782Mi
2026-09-20T03:15:00+00:00,payments-service,1,452m,544.451412Mi
2026-09-20T03:15:00+00:00,products-service,1,604m,535.079815Mi
2026-09-20T03:20:00+00:00,orders-service,1,663m,546.63782Mi
2026-09-20T03:20:00+00:00,payments-service,1,452m,544.451412Mi
2026-09-20T03:20:00+00:00,products-service,1,631m,534.902251Mi
2026-09-20T03:25:00+00:00,orders-service,1,663m,546.63782Mi
2026-09-20T03:25:00+00:00,payments-service,1,452m,544.451412Mi
2026-09-20T03:25:00+00:00,products-service,1,631m,534.902251Mi
2026-09-20T03:30:00+00:00,orders-service,1,663m,546.63782Mi
2026-09-20T03:30:00+00:00,payments-service,1,461m,535.929869Mi
2026-09-20T03:30:00+00:00,products-service,1,631m,534.902251Mi
2026-09-20T03:35:00+00:00,orders-service,1,663m,546.63782Mi
2026-09-20T03:35:00+00:00,payments-service,1,461m,535.929869Mi
2026-09-20T03:35:00+00:00,products-service,1,631m,534.902251Mi
2026-09-20T03:40:00+00:00,orders-service,1,721m,551.400575Mi
2026-09-20T03:40:00+00:00,payments-service,1,461m,535.929869Mi
2026-09-20T03:40:00+00:00,products-service,1,658m,541.151513Mi
2026-09-20T03:45:00+00:00,orders-service,1,721m,551.400575Mi
2026-09-20T03:45:00+00:00,payments-service,1,461m,535.929869Mi
2026-09-20T03:45:00+00:00,products-service,1,658m,541.151513Mi
2026-09-20T03:50:00+00:00,orders-service,1,721m,551.400575Mi
2026-09-20T03:50:00+00:00,payments-service,1,461m,535.929869Mi
2026-09-20T03:50:00+00:00,products-service,1,658m,541.151513Mi
2026-09-20T03:55:00+00:00,orders-service,1,721m,551.400575Mi
2026-09-20T03:55:00+00:00,payments-service,1,461m,535.929869Mi
2026-09-20T03:55:00+00:00,products-service,1,674m,540.95488Mi
2026-09-20T04:00:00+00:00,orders-service,1,721m,551.400575Mi
2026-09-20T04:00:00+00:00,payments-service,1,465m,537.622607Mi
2026-09-20T04:00:00+00:00,products-service,1,674m,540.95488Mi
2026-09-20T04:05:00+00:00,orders-service,1,721m,551.400575Mi
2026-09-20T04:05:00+00:00,payments-service,1,465m,537.622607Mi
2026-09-20T04:05:00+00:00,products-service,1,674m,540.95488Mi
2026-09-20T04:10:00+00:00,orders-service,1,713m,550.151905Mi
2026-09-20T04:10:00+00:00,payments-service,1,465m,537.622607Mi
2026-09-20T04:10:00+00:00,products-service,1,674m,540.95488Mi
2026-09-20T04:15:00+00:00,orders-service,1,713m,550.151905Mi
2026-09-20T04:15:00+00:00,payments-service,1,463m,539.998665Mi
2026-09-20T04:15:00+00:00,products-service,1,681m,539.249225Mi
2026-09-20T04:20:00+00:00,orders-service,1,713m,550.151905Mi
2026-09-20T04:20:00+00:00,payments-service,1,463m,539.998665Mi
2026-09-20T04:20:00+00:00,products-service,1,681m,539.249225Mi
2026-09-20T04:25:00+00:00,orders-service,1,754m,554.066084Mi
2026-09-20T04:25:00+00:00,payments-service,1,463m,539.998665Mi
2026-09-20T04:25:00+00:00,products-service,1,681m,539.249225Mi
2026-09-20T04:30:00+00:00,orders-service,1,754m,554.066084Mi
2026-09-20T04:30:00+00:00,payments-service,1,485m,542.582352Mi
2026-09-20T04:30:00+00:00,products-service,1,681m,539.249225Mi
2026-09-20T04:35:00+00:00,orders-service,1,754m,554.066084Mi
2026-09-20T04:35:00+00:00,payments-service,1,485m,542.582352Mi
2026-09-20T04:35:00+00:00,products-service,1,681m,539.249225Mi
2026-09-20T04:40:00+00:00,orders-service,1,754m,554.066084Mi
2026-09-20T04:40:00+00:00,payments-service,1,485m,542.582352Mi
2026-09-20T04:40:00+00:00,products-service,1,681m,539.249225Mi
2026-09-20T04:45:00+00:00,orders-service,1,754m,554.066084Mi
2026-09-20T04:45:00+00:00,payments-service,1,485m,542.582352Mi
2026-09-20T04:45:00+00:00,products-service,1,681m,539.249225Mi
2026-09-20T04:50:00+00:00,orders-service,1,777m,552.847198Mi
2026-09-20T04:50:00+00:00,payments-service,1,484m,545.019001Mi
2026-09-20T04:50:00+00:00,products-service,1,722m,540.978901Mi
2026-09-20T04:55:00+00:00,orders-service,1,777m,552.847198Mi
2026-09-20T04:55:00+00:00,payments-service,1,484m,545.019001Mi
2026-09-20T04:55:00+00:00,products-service,1,722m,540.978901Mi
2026-09-20T05:00:00+00:00,orders-service,1,777m,552.847198Mi
2026-09-20T05:00:00+00:00,payments-service,1,484m,545.019001Mi
2026-09-20T05:00:00+00:00,products-service,1,722m,540.978901Mi
2026-09-20T05:05:00+00:00,orders-service,1,777m,552.847198Mi
2026-09-20T05:05:00+00:00,payments-service,1,473m,544.230977Mi
2026-09-20T05:05:00+00:00,products-service,1,722m,540.978901Mi
2026-09-20T05:10:00+00:00,orders-service,1,811m,555.337854Mi
2026-09-20T05:10:00+00:00,payments-service,1,473m,544.230977Mi
2026-09-20T05:10:00+00:00,products-service,1,722m,540.978901Mi
2026-09-20T05:15:00+00:00,orders-service,1,811m,555.337854Mi
2026-09-20T05:15:00+00:00,payments-service,1,473m,544.230977Mi
2026-09-20T05:15:00+00:00,products-service,1,722m,540.978901Mi
2026-09-20T05:20:00+00:00,orders-service,1,811m,555.337854Mi
2026-09-20T05:20:00+00:00,payments-service,1,473m,544.230977Mi
2026-09-20T05:20:00+00:00,products-service,1,722m,540.978901Mi
2026-09-20T05:25:00+00:00,orders-service,1,785m,555.070725Mi
2026-09-20T05:25:00+00:00,payments-service,1,493m,542.827718Mi
2026-09-20T05:25:00+00:00,products-service,1,722m,540.978901Mi
2026-09-20T05:30:00+00:00,orders-service,1,785m,555.070725Mi
2026-09-20T05:30:00+00:00,payments-service,1,493m,542.827718Mi
2026-09-20T05:30:00+00:00,products-service,1,722m,540.978901Mi
2026-09-20T05:35:00+00:00,orders-service,1,785m,555.070725Mi
2026-09-20T05:35:00+00:00,payments-service,1,493m,542.827718Mi
2026-09-20T05:35:00+00:00,products-service,1,722m,540.978901Mi
2026-09-20T05:40:00+00:00,orders-service,1,785m,555.070725Mi
2026-09-20T05:40:00+00:00,payments-service,1,502m,545.69034Mi
2026-09-20T05:40:00+00:00,products-service,1,722m,540.978901Mi
2026-09-20T05:45:00+00:00,orders-service,1,785m,555.070725Mi
2026-09-20T05:45:00+00:00,payments-service,1,502m,545.69034Mi
2026-09-20T05:45:00+00:00,products-service,1,722m,540.978901Mi
2026-09-20T05:50:00+00:00,orders-service,1,829m,558.457196Mi
2026-09-20T05:50:00+00:00,payments-service,1,502m,545.69034Mi
2026-09-20T05:50:00+00:00,products-service,1,757m,543.67563Mi
2026-09-20T05:55:00+00:00,orders-service,1,829m,558.457196Mi
2026-09-20T05:55:00+00:00,payments-service,1,502m,545.69034Mi
2026-09-20T05:55:00+00:00,products-service,1,757m,543.67563Mi
2026-09-20T06:00:00+00:00,orders-service,1,829m,558.457196Mi
2026-09-20T06:00:00+00:00,payments-service,1,502m,545.69034Mi
2026-09-20T06:00:00+00:00,products-service,1,757m,543.67563Mi
2026-09-20T06:05:00+00:00,orders-service,1,829m,558.457196Mi
2026-09-20T06:05:00+00:00,payments-service,1,502m,545.69034Mi
2026-09-20T06:05:00+00:00,products-service,1,757m,543.67563Mi
2026-09-20T06:10:00+00:00,orders-service,1,807m,554.745696Mi
2026-09-20T06:10:00+00:00,payments-service,1,502m,545.69034Mi
2026-09-20T06:10:00+00:00,products-service,1,743m,538.602381Mi
2026-09-20T06:15:00+00:00,orders-service,1,807m,554.745696Mi
2026-09-20T06:15:00+00:00,payments-service,1,502m,545.69034Mi
2026-09-20T06:15:00+00:00,products-service,1,743m,538.602381Mi
2026-09-20T06:20:00+00:00,orders-service,1,807m,554.745696Mi
2026-09-20T06:20:00+00:00,payments-service,1,502m,545.69034Mi
2026-09-20T06:20:00+00:00,products-service,1,743m,538.602381Mi
2026-09-20T06:25:00+00:00,orders-service,1,807m,554.745696Mi
2026-09-20T06:25:00+00:00,payments-service,1,495m,544.733704Mi
2026-09-20T06:25:00+00:00,products-service,1,768m,542.12722Mi
2026-09-20T06:30:00+00:00,orders-service,1,825m,560.560998Mi
2026-09-20T06:30:00+00:00,payments-service,1,495m,544.733704Mi
2026-09-20T06:30:00+00:00,products-service,1,768m,542.12722Mi
2026-09-20T06:35:00+00:00,orders-service,1,825m,560.560998Mi
2026-09-20T06:35:00+00:00,payments-service,1,495m,544.733704Mi
2026-09-20T06:35:00+00:00,products-service,1,768m,542.12722Mi
2026-09-20T06:40:00+00:00,orders-service,1,825m,560.560998Mi
2026-09-20T06:40:00+00:00,payments-service,1,496m,550.430555Mi
2026-09-20T06:40:00+00:00,products-service,1,768m,542.12722Mi
2026-09-20T06:45:00+00:00,orders-service,1,806m,554.159763Mi
2026-09-20T06:45:00+00:00,payments-service,1,496m,550.430555Mi
2026-09-20T06:45:00+00:00,products-service,1,768m,542.12722Mi
2026-09-20T06:50:00+00:00,orders-service,1,806m,554.159763Mi
2026-09-20T06:50:00+00:00,payments-service,1,496m,550.430555Mi
2026-09-20T06:50:00+00:00,products-service,1,768m,542.12722Mi
2026-09-20T06:55:00+00:00,orders-service,1,806m,554.159763Mi
2026-09-20T06:55:00+00:00,payments-service,1,504m,546.232488Mi
2026-09-20T06:55:00+00:00,products-service,1,768m,542.12722Mi
2026-09-20T07:00:00+00:00,orders-service,1,805m,554.618129Mi
2026-09-20T07:00:00+00:00,payments-service,1,504m,546.232488Mi
2026-09-20T07:00:00+00:00,products-service,1,768m,542.12722Mi
2026-09-20T07:05:00+00:00,orders-service,1,805m,554.618129Mi
2026-09-20T07:05:00+00:00,payments-service,1,504m,546.232488Mi
2026-09-20T07:05:00+00:00,products-service,1,818m,543.225656Mi
2026-09-20T07:10:00+00:00,orders-service,1,805m,554.618129Mi
2026-09-20T07:10:00+00:00,payments-service,1,504m,546.232488Mi
2026-09-20T07:10:00+00:00,products-service,1,818m,543.225656Mi
2026-09-20T07:15:00+00:00,orders-service,1,805m,554.618129Mi
2026-09-20T07:15:00+00:00,payments-service,1,504m,546.232488Mi
2026-09-20T07:15:00+00:00,products-service,1,818m,543.225656Mi
2026-09-20T07:20:00+00:00,orders-service,1,805m,554.618129Mi
2026-09-20T07:20:00+00:00,payments-service,1,504m,546.232488Mi
2026-09-20T07:20:00+00:00,products-service,1,813m,548.709293Mi
2026-09-20T07:25:00+00:00,orders-service,1,867m,561.039402Mi
2026-09-20T07:25:00+00:00,payments-service,1,504m,546.232488Mi
2026-09-20T07:25:00+00:00,products-service,1,813m,548.709293Mi
2026-09-20T07:30:00+00:00,orders-service,1,867m,561.039402Mi
2026-09-20T07:30:00+00:00,payments-service,1,504m,546.232488Mi
2026-09-20T07:30:00+00:00,products-service,1,813m,548.709293Mi
2026-09-20T07:35:00+00:00,orders-service,1,867m,561.039402Mi
2026-09-20T07:35:00+00:00,payments-service,1,504m,546.232488Mi
2026-09-20T07:35:00+00:00,products-service,1,813m,548.709293Mi
2026-09-20T07:40:00+00:00,orders-service,1,867m,561.039402Mi
2026-09-20T07:40:00+00:00,payments-service,1,522m,547.072976Mi
2026-09-20T07:40:00+00:00,products-service,1,813m,548.709293Mi
2026-09-20T07:45:00+00:00,orders-service,1,867m,561.039402Mi
2026-09-20T07:45:00+00:00,payments-service,1,522m,547.072976Mi
2026-09-20T07:45:00+00:00,products-service,1,813m,548.709293Mi
2026-09-20T07:50:00+00:00,orders-service,1,867m,561.039402Mi
2026-09-20T07:50:00+00:00,payments-service,1,522m,547.072976Mi
2026-09-20T07:50:00+00:00,products-service,1,813m,548.709293Mi
2026-09-20T07:55:00+00:00,orders-service,1,867m,561.039402Mi
2026-09-20T07:55:00+00:00,payments-service,1,522m,547.072976Mi
2026-09-20T07:55:00+00:00,products-service,1,813m,548.709293Mi
2026-09-20T08:00:00+00:00,orders-service,1,844m,558.18777Mi
2026-09-20T08:00:00+00:00,payments-service,1,508m,546.868167Mi
2026-09-20T08:00:00+00:00,products-service,1,813m,548.709293Mi
2026-09-20T08:05:00+00:00,orders-service,1,844m,558.18777Mi
2026-09-20T08:05:00+00:00,payments-service,1,508m,546.868167Mi
2026-09-20T08:05:00+00:00,products-service,1,813m,548.709293Mi
2026-09-20T08:10:00+00:00,orders-service,1,844m,558.18777Mi
2026-09-20T08:10:00+00:00,payments-service,1,508m,546.868167Mi
2026-09-20T08:10:00+00:00,products-service,1,813m,548.709293Mi
2026-09-20T08:15:00+00:00,orders-service,1,823m,557.172288Mi
2026-09-20T08:15:00+00:00,payments-service,1,508m,546.868167Mi
2026-09-20T08:15:00+00:00,products-service,1,797m,547.640688Mi
2026-09-20T08:20:00+00:00,orders-service,1,823m,557.172288Mi
2026-09-20T08:20:00+00:00,payments-service,1,508m,546.868167Mi
2026-09-20T08:20:00+00:00,products-service,1,797m,547.640688Mi
2026-09-20T08:25:00+00:00,orders-service,1,823m,557.172288Mi
2026-09-20T08:25:00+00:00,payments-service,1,508m,546.868167Mi
2026-09-20T08:25:00+00:00,products-service,1,797m,547.640688Mi
2026-09-20T08:30:00+00:00,orders-service,1,823m,557.172288Mi
2026-09-20T08:30:00+00:00,payments-service,1,508m,546.868167Mi
2026-09-20T08:30:00+00:00,products-service,1,784m,546.281202Mi
2026-09-20T08:35:00+00:00,orders-service,1,823m,557.172288Mi
2026-09-20T08:35:00+00:00,payments-service,1,508m,546.868167Mi
2026-09-20T08:35:00+00:00,products-service,1,784m,546.281202Mi
2026-09-20T08:40:00+00:00,orders-service,1,823m,557.172288Mi
2026-09-20T08:40:00+00:00,payments-service,1,508m,546.868167Mi
2026-09-20T08:40:00+00:00,products-service,1,784m,546.281202Mi
2026-09-20T08:45:00+00:00,orders-service,1,869m,561.524897Mi
2026-09-20T08:45:00+00:00,payments-service,1,508m,546.868167Mi
2026-09-20T08:45:00+00:00,products-service,1,798m,546.685601Mi
2026-09-20T08:50:00+00:00,orders-service,1,869m,561.524897Mi
2026-09-20T08:50:00+00:00,payments-service,1,510m,543.764821Mi
2026-09-20T08:50:00+00:00,products-service,1,798m,546.685601Mi
2026-09-20T08:55:00+00:00,orders-service,1,869m,561.524897Mi
2026-09-20T08:55:00+00:00,payments-service,1,510m,543.764821Mi
2026-09-20T08:55:00+00:00,products-service,1,798m,546.685601Mi
2026-09-20T09:00:00+00:00,orders-service,1,869m,561.524897Mi
2026-09-20T09:00:00+00:00,payments-service,1,510m,543.764821Mi
2026-09-20T09:00:00+00:00,products-service,1,798m,546.685601Mi
2026-09-20T09:05:00+00:00,orders-service,1,869m,561.524897Mi
2026-09-20T09:05:00+00:00,payments-service,1,510m,543.764821Mi
2026-09-20T09:05:00+00:00,products-service,1,798m,546.685601Mi
2026-09-20T09:10:00+00:00,orders-service,1,869m,561.524897Mi
2026-09-20T09:10:00+00:00,payments-service,1,510m,543.764821Mi
2026-09-20T09:10:00+00:00,products-service,1,794m,541.273887Mi
2026-09-20T09:15:00+00:00,orders-service,1,815m,556.964402Mi
2026-09-20T09:15:00+00:00,payments-service,1,510m,543.764821Mi
2026-09-20T09:15:00+00:00,products-service,1,794m,541.273887Mi
2026-09-20T09:20:00+00:00,orders-service,1,815m,556.964402Mi
2026-09-20T09:20:00+00:00,payments-service,1,510m,543.764821Mi
2026-09-20T09:20:00+00:00,products-service,1,794m,541.273887Mi
2026-09-20T09:25:00+00:00,orders-service,1,815m,556.964402Mi
2026-09-20T09:25:00+00:00,payments-service,1,510m,543.764821Mi
2026-09-20T09:25:00+00:00,products-service,1,794m,541.273887Mi
2026-09-20T09:30:00+00:00,orders-service,1,837m,555.005182Mi
2026-09-20T09:30:00+00:00,payments-service,1,510m,543.764821Mi
2026-09-20T09:30:00+00:00,products-service,1,794m,541.273887Mi
2026-09-20T09:35:00+00:00,orders-service,1,837m,555.005182Mi
2026-09-20T09:35:00+00:00,payments-service,1,511m,544.301363Mi
2026-09-20T09:35:00+00:00,products-service,1,798m,544.17463Mi
2026-09-20T09:40:00+00:00,orders-service,1,837m,555.005182Mi
2026-09-20T09:40:00+00:00,payments-service,1,511m,544.301363Mi
2026-09-20T09:40:00+00:00,products-service,1,798m,544.17463Mi
2026-09-20T09:45:00+00:00,orders-service,1,837m,555.005182Mi
2026-09-20T09:45:00+00:00,payments-service,1,511m,544.301363Mi
2026-09-20T09:45:00+00:00,products-service,1,798m,544.17463Mi
2026-09-20T09:50:00+00:00,orders-service,1,837m,555.005182Mi
2026-09-20T09:50:00+00:00,payments-service,1,511m,544.301363Mi
2026-09-20T09:50:00+00:00,products-service,1,798m,544.17463Mi
2026-09-20T09:55:00+00:00,orders-service,1,803m,552.073631Mi
2026-09-20T09:55:00+00:00,payments-service,1,507m,544.705237Mi
2026-09-20T09:55:00+00:00,products-service,1,798m,544.17463Mi
2026-09-20T10:00:00+00:00,orders-service,1,803m,552.073631Mi
2026-09-20T10:00:00+00:00,payments-service,1,507m,544.705237Mi
2026-09-20T10:00:00+00:00,products-service,1,767m,543.430961Mi
2026-09-20T10:05:00+00:00,orders-service,1,803m,552.073631Mi
2026-09-20T10:05:00+00:00,payments-service,1,507m,544.705237Mi
2026-09-20T10:05:00+00:00,products-service,1,767m,543.430961Mi
2026-09-20T10:10:00+00:00,orders-service,1,816m,554.391586Mi
2026-09-20T10:10:00+00:00,payments-service,1,503m,544.848404Mi
2026-09-20T10:10:00+00:00,products-service,1,767m,543.430961Mi
2026-09-20T10:15:00+00:00,orders-service,1,816m,554.391586Mi
2026-09-20T10:15:00+00:00,payments-service,1,503m,544.848404Mi
2026-09-20T10:15:00+00:00,products-service,1,767m,543.430961Mi
2026-09-20T10:20:00+00:00,orders-service,1,816m,554.391586Mi
2026-09-20T10:20:00+00:00,payments-service,1,503m,544.848404Mi
2026-09-20T10:20:00+00:00,products-service,1,726m,543.426388Mi
2026-09-20T10:25:00+00:00,orders-service,1,816m,554.391586Mi
2026-09-20T10:25:00+00:00,payments-service,1,503m,544.848404Mi
2026-09-20T10:25:00+00:00,products-service,1,726m,543.426388Mi
2026-09-20T10:30:00+00:00,orders-service,1,816m,554.391586Mi
2026-09-20T10:30:00+00:00,payments-service,1,503m,544.848404Mi
2026-09-20T10:30:00+00:00,products-service,1,726m,543.426388Mi
2026-09-20T10:35:00+00:00,orders-service,1,816m,554.391586Mi
2026-09-20T10:35:00+00:00,payments-service,1,503m,544.848404Mi
2026-09-20T10:35:00+00:00,products-service,1,743m,545.093675Mi
2026-09-20T10:40:00+00:00,orders-service,1,784m,553.634601Mi
2026-09-20T10:40:00+00:00,payments-service,1,503m,544.848404Mi
2026-09-20T10:40:00+00:00,products-service,1,743m,545.093675Mi
2026-09-20T10:45:00+00:00,orders-service,1,784m,553.634601Mi
2026-09-20T10:45:00+00:00,payments-service,1,500m,544.592853Mi
2026-09-20T10:45:00+00:00,products-service,1,743m,545.093675Mi
2026-09-20T10:50:00+00:00,orders-service,1,784m,553.634601Mi
2026-09-20T10:50:00+00:00,payments-service,1,500m,544.592853Mi
2026-09-20T10:50:00+00:00,products-service,1,692m,539.836872Mi
2026-09-20T10:55:00+00:00,orders-service,1,774m,551.373201Mi
2026-09-20T10:55:00+00:00,payments-service,1,500m,544.592853Mi
2026-09-20T10:55:00+00:00,products-service,1,692m,539.836872Mi
2026-09-20T11:00:00+00:00,orders-service,1,774m,551.373201Mi
2026-09-20T11:00:00+00:00,payments-service,1,500m,544.592853Mi
2026-09-20T11:00:00+00:00,products-service,1,692m,539.836872Mi
2026-09-20T11:05:00+00:00,orders-service,1,774m,551.373201Mi
2026-09-20T11:05:00+00:00,payments-service,1,500m,544.592853Mi
2026-09-20T11:05:00+00:00,products-service,1,692m,539.836872Mi
2026-09-20T11:10:00+00:00,orders-service,1,774m,551.373201Mi
2026-09-20T11:10:00+00:00,payments-service,1,483m,547.146065Mi
2026-09-20T11:10:00+00:00,products-service,1,692m,539.836872Mi
2026-09-20T11:15:00+00:00,orders-service,1,774m,551.373201Mi
2026-09-20T11:15:00+00:00,payments-service,1,483m,547.146065Mi
2026-09-20T11:15:00+00:00,products-service,1,692m,539.836872Mi
2026-09-20T11:20:00+00:00,orders-service,1,774m,551.373201Mi
2026-09-20T11:20:00+00:00,payments-service,1,483m,547.146065Mi
2026-09-20T11:20:00+00:00,products-service,1,692m,539.836872Mi
2026-09-20T11:25:00+00:00,orders-service,1,749m,550.277735Mi
2026-09-20T11:25:00+00:00,payments-service,1,483m,547.146065Mi
2026-09-20T11:25:00+00:00,products-service,1,692m,539.836872Mi
2026-09-20T11:30:00+00:00,orders-service,1,749m,550.277735Mi
2026-09-20T11:30:00+00:00,payments-service,1,483m,547.146065Mi
2026-09-20T11:30:00+00:00,products-service,1,685m,542.562459Mi
2026-09-20T11:35:00+00:00,orders-service,1,749m,550.277735Mi
2026-09-20T11:35:00+00:00,payments-service,1,483m,547.146065Mi
2026-09-20T11:35:00+00:00,products-service,1,685m,542.562459Mi
2026-09-20T11:40:00+00:00,orders-service,1,749m,550.277735Mi
2026-09-20T11:40:00+00:00,payments-service,1,469m,544.698343Mi
2026-09-20T11:40:00+00:00,products-service,1,685m,542.562459Mi
2026-09-20T11:45:00+00:00,orders-service,1,749m,550.277735Mi
2026-09-20T11:45:00+00:00,payments-service,1,469m,544.698343Mi
2026-09-20T11:45:00+00:00,products-service,1,685m,542.562459Mi
2026-09-20T11:50:00+00:00,orders-service,1,711m,551.868577Mi
2026-09-20T11:50:00+00:00,payments-service,1,469m,544.698343Mi
2026-09-20T11:50:00+00:00,products-service,1,650m,537.802657Mi
2026-09-20T11:55:00+00:00,orders-service,1,711m,551.868577Mi
2026-09-20T11:55:00+00:00,payments-service,1,469m,544.698343Mi
2026-09-20T11:55:00+00:00,products-service,1,650m,537.802657Mi
2026-09-20T12:00:00+00:00,orders-service,1,711m,551.868577Mi
2026-09-20T12:00:00+00:00,payments-service,1,469m,544.698343Mi
2026-09-20T12:00:00+00:00,products-service,1,650m,537.802657Mi
2026-09-20T12:05:00+00:00,orders-service,1,680m,546.602582Mi
2026-09-20T12:05:00+00:00,payments-service,1,456m,543.660075Mi
2026-09-20T12:05:00+00:00,products-service,1,634m,537.045855Mi
2026-09-20T12:10:00+00:00,orders-service,1,680m,546.602582Mi
2026-09-20T12:10:00+00:00,payments-service,1,456m,543.660075Mi
2026-09-20T12:10:00+00:00,products-service,1,634m,537.045855Mi
2026-09-20T12:15:00+00:00,orders-service,1,680m,546.602582Mi
2026-09-20T12:15:00+00:00,payments-service,1,456m,543.660075Mi
2026-09-20T12:15:00+00:00,products-service,1,634m,537.045855Mi
2026-09-20T12:20:00+00:00,orders-service,1,680m,546.602582Mi
2026-09-20T12:20:00+00:00,payments-service,1,456m,543.660075Mi
2026-09-20T12:20:00+00:00,products-service,1,634m,537.045855Mi
2026-09-20T12:25:00+00:00,orders-service,1,680m,546.602582Mi
2026-09-20T12:25:00+00:00,payments-service,1,456m,543.660075Mi
2026-09-20T12:25:00+00:00,products-service,1,634m,537.045855Mi
2026-09-20T12:30:00+00:00,orders-service,1,680m,546.602582Mi
2026-09-20T12:30:00+00:00,payments-service,1,453m,542.249626Mi
2026-09-20T12:30:00+00:00,products-service,1,621m,534.391694Mi
2026-09-20T12:35:00+00:00,orders-service,1,640m,544.887664Mi
2026-09-20T12:35:00+00:00,payments-service,1,453m,542.249626Mi
2026-09-20T12:35:00+00:00,products-service,1,621m,534.391694Mi
2026-09-20T12:40:00+00:00,orders-service,1,640m,544.887664Mi
2026-09-20T12:40:00+00:00,payments-service,1,453m,542.249626Mi
2026-09-20T12:40:00+00:00,products-service,1,621m,534.391694Mi
2026-09-20T12:45:00+00:00,orders-service,1,640m,544.887664Mi
2026-09-20T12:45:00+00:00,payments-service,1,453m,542.249626Mi
2026-09-20T12:45:00+00:00,products-service,1,621m,534.391694Mi
2026-09-20T12:50:00+00:00,orders-service,1,660m,550.702087Mi
2026-09-20T12:50:00+00:00,payments-service,1,453m,542.249626Mi
2026-09-20T12:50:00+00:00,products-service,1,621m,534.391694Mi
2026-09-20T12:55:00+00:00,orders-service,1,660m,550.702087Mi
2026-09-20T12:55:00+00:00,payments-service,1,453m,542.249626Mi
2026-09-20T12:55:00+00:00,products-service,1,596m,536.046692Mi
2026-09-20T13:00:00+00:00,orders-service,1,660m,550.702087Mi
2026-09-20T13:00:00+00:00,payments-service,1,449m,541.538559Mi
2026-09-20T13:00:00+00:00,products-service,1,596m,536.046692Mi
2026-09-20T13:05:00+00:00,orders-service,1,677m,551.68584Mi
2026-09-20T13:05:00+00:00,payments-service,1,449m,541.538559Mi
2026-09-20T13:05:00+00:00,products-service,1,596m,536.046692Mi
2026-09-20T13:10:00+00:00,orders-service,1,677m,551.68584Mi
2026-09-20T13:10:00+00:00,payments-service,1,449m,541.538559Mi
2026-09-20T13:10:00+00:00,products-service,1,596m,536.046692Mi
2026-09-20T13:15:00+00:00,orders-service,1,677m,551.68584Mi
2026-09-20T13:15:00+00:00,payments-service,1,449m,541.538559Mi
2026-09-20T13:15:00+00:00,products-service,1,596m,536.046692Mi
2026-09-20T13:20:00+00:00,orders-service,1,620m,547.131685Mi
2026-09-20T13:20:00+00:00,payments-service,1,449m,541.538559Mi
2026-09-20T13:20:00+00:00,products-service,1,596m,536.046692Mi
2026-09-20T13:25:00+00:00,orders-service,1,620m,547.131685Mi
2026-09-20T13:25:00+00:00,payments-service,1,440m,543.39859Mi
2026-09-20T13:25:00+00:00,products-service,1,570m,531.452026Mi
2026-09-20T13:30:00+00:00,orders-service,1,620m,547.131685Mi
2026-09-20T13:30:00+00:00,payments-service,1,440m,543.39859Mi
2026-09-20T13:30:00+00:00,products-service,1,570m,531.452026Mi
2026-09-20T13:35:00+00:00,orders-service,1,620m,547.131685Mi
2026-09-20T13:35:00+00:00,payments-service,1,440m,543.39859Mi
2026-09-20T13:35:00+00:00,products-service,1,570m,531.452026Mi
2026-09-20T13:40:00+00:00,orders-service,1,620m,547.131685Mi
2026-09-20T13:40:00+00:00,payments-service,1,440m,543.39859Mi
2026-09-20T13:40:00+00:00,products-service,1,570m,531.452026Mi
2026-09-20T13:45:00+00:00,orders-service,1,620m,547.131685Mi
2026-09-20T13:45:00+00:00,payments-service,1,430m,539.463233Mi
2026-09-20T13:45:00+00:00,products-service,1,570m,531.452026Mi
2026-09-20T13:50:00+00:00,orders-service,1,620m,547.131685Mi
2026-09-20T13:50:00+00:00,payments-service,1,430m,539.463233Mi
2026-09-20T13:50:00+00:00,products-service,1,564m,527.295056Mi
2026-09-20T13:55:00+00:00,orders-service,1,624m,547.871192Mi
2026-09-20T13:55:00+00:00,payments-service,1,430m,539.463233Mi
2026-09-20T13:55:00+00:00,products-service,1,564m,527.295056Mi
2026-09-20T14:00:00+00:00,orders-service,1,624m,547.871192Mi
2026-09-20T14:00:00+00:00,payments-service,1,433m,537.365335Mi
2026-09-20T14:00:00+00:00,products-service,1,564m,527.295056Mi
2026-09-20T14:05:00+00:00,orders-service,1,624m,547.871192Mi
2026-09-20T14:05:00+00:00,payments-service,1,433m,537.365335Mi
2026-09-20T14:05:00+00:00,products-service,1,533m,529.989556Mi
2026-09-20T14:10:00+00:00,orders-service,1,624m,547.871192Mi
2026-09-20T14:10:00+00:00,payments-service,1,433m,537.365335Mi
2026-09-20T14:10:00+00:00,products-service,1,533m,529.989556Mi
2026-09-20T14:15:00+00:00,orders-service,1,570m,537.909646Mi
2026-09-20T14:15:00+00:00,payments-service,1,433m,537.365335Mi
2026-09-20T14:15:00+00:00,products-service,1,533m,529.989556Mi
2026-09-20T14:20:00+00:00,orders-service,1,570m,537.909646Mi
2026-09-20T14:20:00+00:00,payments-service,1,433m,537.365335Mi
2026-09-20T14:20:00+00:00,products-service,1,533m,529.989556Mi
2026-09-20T14:25:00+00:00,orders-service,1,570m,537.909646Mi
2026-09-20T14:25:00+00:00,payments-service,1,422m,535.971989Mi
2026-09-20T14:25:00+00:00,products-service,1,533m,529.989556Mi
2026-09-20T14:30:00+00:00,orders-service,1,568m,546.45596Mi
2026-09-20T14:30:00+00:00,payments-service,1,422m,535.971989Mi
2026-09-20T14:30:00+00:00,products-service,1,526m,527.87601Mi
2026-09-20T14:35:00+00:00,orders-service,1,568m,546.45596Mi
2026-09-20T14:35:00+00:00,payments-service,1,422m,535.971989Mi
2026-09-20T14:35:00+00:00,products-service,1,526m,527.87601Mi
2026-09-20T14:40:00+00:00,orders-service,1,568m,546.45596Mi
2026-09-20T14:40:00+00:00,payments-service,1,417m,537.745912Mi
2026-09-20T14:40:00+00:00,products-service,1,526m,527.87601Mi
2026-09-20T14:45:00+00:00,orders-service,1,539m,540.779052Mi
2026-09-20T14:45:00+00:00,payments-service,1,417m,537.745912Mi
2026-09-20T14:45:00+00:00,products-service,1,504m,522.287171Mi
2026-09-20T14:50:00+00:00,orders-service,1,539m,540.779052Mi
2026-09-20T14:50:00+00:00,payments-service,1,417m,537.745912Mi
2026-09-20T14:50:00+00:00,products-service,1,504m,522.287171Mi
2026-09-20T14:55:00+00:00,orders-service,1,539m,540.779052Mi
2026-09-20T14:55:00+00:00,payments-service,1,415m,538.941443Mi
2026-09-20T14:55:00+00:00,products-service,1,504m,522.287171Mi
2026-09-20T15:00:00+00:00,orders-service,1,539m,540.779052Mi
2026-09-20T15:00:00+00:00,payments-service,1,415m,538.941443Mi
2026-09-20T15:00:00+00:00,products-service,1,500m,522.272632Mi
2026-09-20T15:05:00+00:00,orders-service,1,539m,540.779052Mi
2026-09-20T15:05:00+00:00,payments-service,1,415m,538.941443Mi
2026-09-20T15:05:00+00:00,products-service,1,500m,522.272632Mi
2026-09-20T15:10:00+00:00,orders-service,1,539m,540.779052Mi
2026-09-20T15:10:00+00:00,payments-service,1,408m,538.778567Mi
2026-09-20T15:10:00+00:00,products-service,1,500m,522.272632Mi
2026-09-20T15:15:00+00:00,orders-service,1,535m,540.876318Mi
2026-09-20T15:15:00+00:00,payments-service,1,408m,538.778567Mi
2026-09-20T15:15:00+00:00,products-service,1,500m,522.272632Mi
2026-09-20T15:20:00+00:00,orders-service,1,535m,540.876318Mi
2026-09-20T15:20:00+00:00,payments-service,1,408m,538.778567Mi
2026-09-20T15:20:00+00:00,products-service,1,500m,522.272632Mi
2026-09-20T15:25:00+00:00,orders-service,1,535m,540.876318Mi
2026-09-20T15:25:00+00:00,payments-service,1,408m,538.778567Mi
2026-09-20T15:25:00+00:00,products-service,1,484m,519.780794Mi
2026-09-20T15:30:00+00:00,orders-service,1,524m,538.905056Mi
2026-09-20T15:30:00+00:00,payments-service,1,408m,538.778567Mi
2026-09-20T15:30:00+00:00,products-service,1,484m,519.780794Mi
2026-09-20T15:35:00+00:00,orders-service,1,524m,538.905056Mi
2026-09-20T15:35:00+00:00,payments-service,1,408m,538.778567Mi
2026-09-20T15:35:00+00:00,products-service,1,484m,519.780794Mi
2026-09-20T15:40:00+00:00,orders-service,1,524m,538.905056Mi
2026-09-20T15:40:00+00:00,payments-service,1,403m,531.106336Mi
2026-09-20T15:40:00+00:00,products-service,1,471m,515.112318Mi
2026-09-20T15:45:00+00:00,orders-service,1,502m,534.561302Mi
2026-09-20T15:45:00+00:00,payments-service,1,403m,531.106336Mi
2026-09-20T15:45:00+00:00,products-service,1,471m,515.112318Mi
2026-09-20T15:50:00+00:00,orders-service,1,502m,534.561302Mi
2026-09-20T15:50:00+00:00,payments-service,1,403m,531.106336Mi
2026-09-20T15:50:00+00:00,products-service,1,471m,515.112318Mi
2026-09-20T15:55:00+00:00,orders-service,1,502m,534.561302Mi
2026-09-20T15:55:00+00:00,payments-service,1,403m,536.489775Mi
2026-09-20T15:55:00+00:00,products-service,1,471m,515.112318Mi
2026-09-20T16:00:00+00:00,orders-service,1,464m,536.346713Mi
2026-09-20T16:00:00+00:00,payments-service,1,403m,536.489775Mi
2026-09-20T16:00:00+00:00,products-service,1,471m,515.112318Mi
2026-09-20T16:05:00+00:00,orders-service,1,464m,536.346713Mi
2026-09-20T16:05:00+00:00,payments-service,1,403m,536.489775Mi
2026-09-20T16:05:00+00:00,products-service,1,467m,516.443633Mi
2026-09-20T16:10:00+00:00,orders-service,1,464m,536.346713Mi
2026-09-20T16:10:00+00:00,payments-service,1,403m,536.489775Mi
2026-09-20T16:10:00+00:00,products-service,1,467m,516.443633Mi
2026-09-20T16:15:00+00:00,orders-service,1,464m,536.346713Mi
2026-09-20T16:15:00+00:00,payments-service,1,403m,536.489775Mi
2026-09-20T16:15:00+00:00,products-service,1,467m,516.443633Mi
2026-09-20T16:20:00+00:00,orders-service,1,464m,536.346713Mi
2026-09-20T16:20:00+00:00,payments-service,1,403m,536.489775Mi
2026-09-20T16:20:00+00:00,products-service,1,460m,513.777453Mi
2026-09-20T16:25:00+00:00,orders-service,1,464m,536.346713Mi
2026-09-20T16:25:00+00:00,payments-service,1,403m,536.489775Mi
2026-09-20T16:25:00+00:00,products-service,1,460m,513.777453Mi
2026-09-20T16:30:00+00:00,orders-service,1,464m,536.346713Mi
2026-09-20T16:30:00+00:00,payments-service,1,401m,532.212085Mi
2026-09-20T16:30:00+00:00,products-service,1,460m,513.777453Mi
2026-09-20T16:35:00+00:00,orders-service,1,464m,536.346713Mi
2026-09-20T16:35:00+00:00,payments-service,1,401m,532.212085Mi
2026-09-20T16:35:00+00:00,products-service,1,446m,512.710981Mi
2026-09-20T16:40:00+00:00,orders-service,1,461m,536.693715Mi
2026-09-20T16:40:00+00:00,payments-service,1,401m,532.212085Mi
2026-09-20T16:40:00+00:00,products-service,1,446m,512.710981Mi
2026-09-20T16:45:00+00:00,orders-service,1,461m,536.693715Mi
2026-09-20T16:45:00+00:00,payments-service,1,401m,532.212085Mi
2026-09-20T16:45:00+00:00,products-service,1,446m,512.710981Mi
2026-09-20T16:50:00+00:00,orders-service,1,461m,536.693715Mi
2026-09-20T16:50:00+00:00,payments-service,1,401m,532.212085Mi
2026-09-20T16:50:00+00:00,products-service,1,430m,512.284392Mi
2026-09-20T16:55:00+00:00,orders-service,1,461m,536.693715Mi
2026-09-20T16:55:00+00:00,payments-service,1,400m,526.522346Mi
2026-09-20T16:55:00+00:00,products-service,1,430m,512.284392Mi
2026-09-20T17:00:00+00:00,orders-service,1,461m,536.693715Mi
2026-09-20T17:00:00+00:00,payments-service,1,400m,526.522346Mi
2026-09-20T17:00:00+00:00,products-service,1,430m,512.284392Mi
2026-09-20T17:05:00+00:00,orders-service,1,433m,538.698616Mi
2026-09-20T17:05:00+00:00,payments-service,1,400m,526.522346Mi
2026-09-20T17:05:00+00:00,products-service,1,430m,512.284392Mi
2026-09-20T17:10:00+00:00,orders-service,1,433m,538.698616Mi
2026-09-20T17:10:00+00:00,payments-service,1,400m,526.522346Mi
2026-09-20T17:10:00+00:00,products-service,1,413m,518.758361Mi
2026-09-20T17:15:00+00:00,orders-service,1,433m,538.698616Mi
2026-09-20T17:15:00+00:00,payments-service,1,400m,526.522346Mi
2026-09-20T17:15:00+00:00,products-service,1,413m,518.758361Mi
2026-09-20T17:20:00+00:00,orders-service,1,433m,538.698616Mi
2026-09-20T17:20:00+00:00,payments-service,1,400m,520.197256Mi
2026-09-20T17:20:00+00:00,products-service,1,413m,518.758361Mi
2026-09-20T17:25:00+00:00,orders-service,1,426m,538.63848Mi
2026-09-20T17:25:00+00:00,payments-service,1,400m,520.197256Mi
2026-09-20T17:25:00+00:00,products-service,1,421m,517.217126Mi
2026-09-20T17:30:00+00:00,orders-service,1,426m,538.63848Mi
2026-09-20T17:30:00+00:00,payments-service,1,400m,520.197256Mi
2026-09-20T17:30:00+00:00,products-service,1,421m,517.217126Mi
2026-09-20T17:35:00+00:00,orders-service,1,426m,538.63848Mi
2026-09-20T17:35:00+00:00,payments-service,1,400m,528.811971Mi
2026-09-20T17:35:00+00:00,products-service,1,421m,517.217126Mi
2026-09-20T17:40:00+00:00,orders-service,1,418m,538.824814Mi
2026-09-20T17:40:00+00:00,payments-service,1,400m,528.811971Mi
2026-09-20T17:40:00+00:00,products-service,1,421m,517.217126Mi
2026-09-20T17:45:00+00:00,orders-service,1,418m,538.824814Mi
2026-09-20T17:45:00+00:00,payments-service,1,400m,528.811971Mi
2026-09-20T17:45:00+00:00,products-service,1,421m,517.217126Mi
2026-09-20T17:50:00+00:00,orders-service,1,418m,538.824814Mi
2026-09-20T17:50:00+00:00,payments-service,1,400m,528.811971Mi
2026-09-20T17:50:00+00:00,products-service,1,413m,514.08685Mi
2026-09-20T17:55:00+00:00,orders-service,1,418m,538.824814Mi
2026-09-20T17:55:00+00:00,payments-service,1,400m,528.811971Mi
2026-09-20T17:55:00+00:00,products-service,1,413m,514.08685Mi
2026-09-20T18:00:00+00:00,orders-service,1,418m,538.824814Mi
2026-09-20T18:00:00+00:00,payments-service,1,400m,528.811971Mi
2026-09-20T18:00:00+00:00,products-service,1,413m,514.08685Mi
2026-09-20T18:05:00+00:00,orders-service,1,418m,538.824814Mi
2026-09-20T18:05:00+00:00,payments-service,1,400m,524.065828Mi
2026-09-20T18:05:00+00:00,products-service,1,413m,514.08685Mi
2026-09-20T18:10:00+00:00,orders-service,1,418m,538.824814Mi
2026-09-20T18:10:00+00:00,payments-service,1,400m,524.065828Mi
2026-09-20T18:10:00+00:00,products-service,1,408m,512.83474Mi
2026-09-20T18:15:00+00:00,orders-service,1,418m,538.824814Mi
2026-09-20T18:15:00+00:00,payments-service,1,400m,524.065828Mi
2026-09-20T18:15:00+00:00,products-service,1,408m,512.83474Mi
2026-09-20T18:20:00+00:00,orders-service,1,418m,538.824814Mi
2026-09-20T18:20:00+00:00,payments-service,1,400m,524.065828Mi
2026-09-20T18:20:00+00:00,products-service,1,408m,512.83474Mi
2026-09-20T18:25:00+00:00,orders-service,1,418m,538.824814Mi
2026-09-20T18:25:00+00:00,payments-service,1,400m,518.165455Mi
2026-09-20T18:25:00+00:00,products-service,1,403m,512.333896Mi
2026-09-20T18:30:00+00:00,orders-service,1,418m,538.824814Mi
2026-09-20T18:30:00+00:00,payments-service,1,400m,518.165455Mi
2026-09-20T18:30:00+00:00,products-service,1,403m,512.333896Mi
2026-09-20T18:35:00+00:00,orders-service,1,407m,540.152667Mi
2026-09-20T18:35:00+00:00,payments-service,1,400m,518.165455Mi
2026-09-20T18:35:00+00:00,products-service,1,403m,512.333896Mi
2026-09-20T18:40:00+00:00,orders-service,1,407m,540.152667Mi
2026-09-20T18:40:00+00:00,payments-service,1,400m,525.84615Mi
2026-09-20T18:40:00+00:00,products-service,1,401m,512.133558Mi
2026-09-20T18:45:00+00:00,orders-service,1,407m,540.152667Mi
2026-09-20T18:45:00+00:00,payments-service,1,400m,525.84615Mi
2026-09-20T18:45:00+00:00,products-service,1,401m,512.133558Mi
2026-09-20T18:50:00+00:00,orders-service,1,407m,540.152667Mi
2026-09-20T18:50:00+00:00,payments-service,1,400m,525.84615Mi
2026-09-20T18:50:00+00:00,products-service,1,401m,512.133558Mi
2026-09-20T18:55:00+00:00,orders-service,1,407m,540.152667Mi
2026-09-20T18:55:00+00:00,payments-service,1,400m,525.84615Mi
2026-09-20T18:55:00+00:00,products-service,1,401m,512.133558Mi
2026-09-20T19:00:00+00:00,orders-service,1,407m,540.152667Mi
2026-09-20T19:00:00+00:00,payments-service,1,400m,527.18929Mi
2026-09-20T19:00:00+00:00,products-service,1,400m,512.053423Mi
2026-09-20T19:05:00+00:00,orders-service,1,407m,540.152667Mi
2026-09-20T19:05:00+00:00,payments-service,1,400m,527.18929Mi
2026-09-20T19:05:00+00:00,products-service,1,400m,512.053423Mi
2026-09-20T19:10:00+00:00,orders-service,1,403m,542.171138Mi
2026-09-20T19:10:00+00:00,payments-service,1,400m,527.18929Mi
2026-09-20T19:10:00+00:00,products-service,1,400m,512.053423Mi
2026-09-20T19:15:00+00:00,orders-service,1,403m,542.171138Mi
2026-09-20T19:15:00+00:00,payments-service,1,400m,522.010982Mi
2026-09-20T19:15:00+00:00,products-service,1,400m,512.021369Mi
2026-09-20T19:20:00+00:00,orders-service,1,403m,542.171138Mi
2026-09-20T19:20:00+00:00,payments-service,1,400m,522.010982Mi
2026-09-20T19:20:00+00:00,products-service,1,400m,512.021369Mi
2026-09-20T19:25:00+00:00,orders-service,1,403m,542.171138Mi
2026-09-20T19:25:00+00:00,payments-service,1,400m,522.010982Mi
2026-09-20T19:25:00+00:00,products-service,1,400m,512.021369Mi
2026-09-20T19:30:00+00:00,orders-service,1,405m,540.80576Mi
2026-09-20T19:30:00+00:00,payments-service,1,400m,522.010982Mi
2026-09-20T19:30:00+00:00,products-service,1,400m,512.008548Mi
2026-09-20T19:35:00+00:00,orders-service,1,405m,540.80576Mi
2026-09-20T19:35:00+00:00,payments-service,1,400m,526.558372Mi
2026-09-20T19:35:00+00:00,products-service,1,400m,512.008548Mi
2026-09-20T19:40:00+00:00,orders-service,1,405m,540.80576Mi
2026-09-20T19:40:00+00:00,payments-service,1,400m,526.558372Mi
2026-09-20T19:40:00+00:00,products-service,1,400m,512.008548Mi
2026-09-20T19:45:00+00:00,orders-service,1,405m,540.80576Mi
2026-09-20T19:45:00+00:00,payments-service,1,400m,526.558372Mi
2026-09-20T19:45:00+00:00,products-service,1,400m,512.003419Mi
2026-09-20T19:50:00+00:00,orders-service,1,403m,542.016213Mi
2026-09-20T19:50:00+00:00,payments-service,1,400m,522.034958Mi
2026-09-20T19:50:00+00:00,products-service,1,400m,512.003419Mi
2026-09-20T19:55:00+00:00,orders-service,1,403m,542.016213Mi
2026-09-20T19:55:00+00:00,payments-service,1,400m,522.034958Mi
2026-09-20T19:55:00+00:00,products-service,1,400m,512.003419Mi
2026-09-20T20:00:00+00:00,orders-service,1,403m,542.016213Mi
2026-09-20T20:00:00+00:00,payments-service,1,400m,522.034958Mi
2026-09-20T20:00:00+00:00,products-service,1,400m,512.001368Mi
2026-09-20T20:05:00+00:00,orders-service,1,403m,542.016213Mi
2026-09-20T20:05:00+00:00,payments-service,1,400m,525.696015Mi
2026-09-20T20:05:00+00:00,products-service,1,400m,512.001368Mi
2026-09-20T20:10:00+00:00,orders-service,1,403m,542.016213Mi
2026-09-20T20:10:00+00:00,payments-service,1,400m,525.696015Mi
2026-09-20T20:10:00+00:00,products-service,1,400m,512.001368Mi
2026-09-20T20:15:00+00:00,orders-service,1,405m,541.23411Mi
2026-09-20T20:15:00+00:00,payments-service,1,400m,525.696015Mi
2026-09-20T20:15:00+00:00,products-service,1,400m,512.000547Mi
2026-09-20T20:20:00+00:00,orders-service,1,405m,541.23411Mi
2026-09-20T20:20:00+00:00,payments-service,1,400m,525.696015Mi
2026-09-20T20:20:00+00:00,products-service,1,400m,512.000547Mi
2026-09-20T20:25:00+00:00,orders-service,1,405m,541.23411Mi
2026-09-20T20:25:00+00:00,payments-service,1,400m,525.696015Mi
2026-09-20T20:25:00+00:00,products-service,1,400m,512.000547Mi
2026-09-20T20:30:00+00:00,orders-service,1,405m,541.23411Mi
2026-09-20T20:30:00+00:00,payments-service,1,400m,525.696015Mi
2026-09-20T20:30:00+00:00,products-service,1,400m,512.000219Mi
2026-09-20T20:35:00+00:00,orders-service,1,405m,541.23411Mi
2026-09-20T20:35:00+00:00,payments-service,1,400m,527.831153Mi
2026-09-20T20:35:00+00:00,products-service,1,400m,512.000219Mi
2026-09-20T20:40:00+00:00,orders-service,1,409m,543.289372Mi
2026-09-20T20:40:00+00:00,payments-service,1,400m,527.831153Mi
2026-09-20T20:40:00+00:00,products-service,1,400m,512.000219Mi
2026-09-20T20:45:00+00:00,orders-service,1,409m,543.289372Mi
2026-09-20T20:45:00+00:00,payments-service,1,400m,527.831153Mi
2026-09-20T20:45:00+00:00,products-service,1,400m,512.000219Mi
2026-09-20T20:50:00+00:00,orders-service,1,409m,543.289372Mi
2026-09-20T20:50:00+00:00,payments-service,1,400m,527.055752Mi
2026-09-20T20:50:00+00:00,products-service,1,400m,512.000219Mi
2026-09-20T20:55:00+00:00,orders-service,1,409m,543.289372Mi
2026-09-20T20:55:00+00:00,payments-service,1,400m,527.055752Mi
2026-09-20T20:55:00+00:00,products-service,1,400m,512.000219Mi
2026-09-20T21:00:00+00:00,orders-service,1,409m,543.289372Mi
2026-09-20T21:00:00+00:00,payments-service,1,400m,527.055752Mi
2026-09-20T21:00:00+00:00,products-service,1,400m,512.000088Mi
2026-09-20T21:05:00+00:00,orders-service,1,409m,543.289372Mi
2026-09-20T21:05:00+00:00,payments-service,1,400m,528.987755Mi
2026-09-20T21:05:00+00:00,products-service,1,400m,512.000088Mi
2026-09-20T21:10:00+00:00,orders-service,1,408m,540.686745Mi
2026-09-20T21:10:00+00:00,payments-service,1,400m,528.987755Mi
2026-09-20T21:10:00+00:00,products-service,1,400m,512.000088Mi
2026-09-20T21:15:00+00:00,orders-service,1,408m,540.686745Mi
2026-09-20T21:15:00+00:00,payments-service,1,400m,528.987755Mi
2026-09-20T21:15:00+00:00,products-service,1,400m,512.000088Mi
2026-09-20T21:20:00+00:00,orders-service,1,408m,540.686745Mi
2026-09-20T21:20:00+00:00,payments-service,1,400m,522.792294Mi
2026-09-20T21:20:00+00:00,products-service,1,400m,512.000088Mi
2026-09-20T21:25:00+00:00,orders-service,1,408m,540.686745Mi
2026-09-20T21:25:00+00:00,payments-service,1,400m,522.792294Mi
2026-09-20T21:25:00+00:00,products-service,1,400m,512.000088Mi
2026-09-20T21:30:00+00:00,orders-service,1,408m,540.686745Mi
2026-09-20T21:30:00+00:00,payments-service,1,400m,522.792294Mi
2026-09-20T21:30:00+00:00,products-service,1,400m,512.000088Mi
2026-09-20T21:35:00+00:00,orders-service,1,408m,540.686745Mi
2026-09-20T21:35:00+00:00,payments-service,1,400m,522.792294Mi
2026-09-20T21:35:00+00:00,products-service,1,401m,512.000035Mi
2026-09-20T21:40:00+00:00,orders-service,1,408m,540.686745Mi
2026-09-20T21:40:00+00:00,payments-service,1,400m,522.792294Mi
2026-09-20T21:40:00+00:00,products-service,1,401m,512.000035Mi
2026-09-20T21:45:00+00:00,orders-service,1,408m,540.686745Mi
2026-09-20T21:45:00+00:00,payments-service,1,400m,522.792294Mi
2026-09-20T21:45:00+00:00,products-service,1,401m,512.000035Mi
2026-09-20T21:50:00+00:00,orders-service,1,408m,540.686745Mi
2026-09-20T21:50:00+00:00,payments-service,1,400m,522.792294Mi
2026-09-20T21:50:00+00:00,products-service,1,401m,512.000035Mi
2026-09-20T21:55:00+00:00,orders-service,1,408m,540.686745Mi
2026-09-20T21:55:00+00:00,payments-service,1,400m,523.617149Mi
2026-09-20T21:55:00+00:00,products-service,1,401m,512.000035Mi
2026-09-20T22:00:00+00:00,orders-service,1,406m,538.843765Mi
2026-09-20T22:00:00+00:00,payments-service,1,400m,523.617149Mi
2026-09-20T22:00:00+00:00,products-service,1,401m,512.000035Mi
2026-09-20T22:05:00+00:00,orders-service,1,406m,538.843765Mi
2026-09-20T22:05:00+00:00,payments-service,1,400m,523.617149Mi
2026-09-20T22:05:00+00:00,products-service,1,408m,512.000014Mi
2026-09-20T22:10:00+00:00,orders-service,1,406m,538.843765Mi
2026-09-20T22:10:00+00:00,payments-service,1,400m,523.617149Mi
2026-09-20T22:10:00+00:00,products-service,1,408m,512.000014Mi
2026-09-20T22:15:00+00:00,orders-service,1,406m,538.843765Mi
2026-09-20T22:15:00+00:00,payments-service,1,400m,522.644882Mi
2026-09-20T22:15:00+00:00,products-service,1,408m,512.000014Mi
2026-09-20T22:20:00+00:00,orders-service,1,406m,538.843765Mi
2026-09-20T22:20:00+00:00,payments-service,1,400m,522.644882Mi
2026-09-20T22:20:00+00:00,products-service,1,408m,512.000014Mi
2026-09-20T22:25:00+00:00,orders-service,1,414m,541.973175Mi
2026-09-20T22:25:00+00:00,payments-service,1,400m,522.644882Mi
2026-09-20T22:25:00+00:00,products-service,1,408m,512.000014Mi
2026-09-20T22:30:00+00:00,orders-service,1,414m,541.973175Mi
2026-09-20T22:30:00+00:00,payments-service,1,400m,522.644882Mi
2026-09-20T22:30:00+00:00,products-service,1,408m,512.000014Mi
2026-09-20T22:35:00+00:00,orders-service,1,414m,541.973175Mi
2026-09-20T22:35:00+00:00,payments-service,1,400m,522.644882Mi
2026-09-20T22:35:00+00:00,products-service,1,409m,512.000006Mi
2026-09-20T22:40:00+00:00,orders-service,1,415m,540.258777Mi
2026-09-20T22:40:00+00:00,payments-service,1,400m,522.644882Mi
2026-09-20T22:40:00+00:00,products-service,1,409m,512.000006Mi
2026-09-20T22:45:00+00:00,orders-service,1,415m,540.258777Mi
2026-09-20T22:45:00+00:00,payments-service,1,400m,522.644882Mi
2026-09-20T22:45:00+00:00,products-service,1,409m,512.000006Mi
2026-09-20T22:50:00+00:00,orders-service,1,415m,540.258777Mi
2026-09-20T22:50:00+00:00,payments-service,1,400m,522.644882Mi
2026-09-20T22:50:00+00:00,products-service,1,409m,512.000006Mi
2026-09-20T22:55:00+00:00,orders-service,1,415m,540.258777Mi
2026-09-20T22:55:00+00:00,payments-service,1,400m,522.644882Mi
2026-09-20T22:55:00+00:00,products-service,1,413m,512.000002Mi
2026-09-20T23:00:00+00:00,orders-service,1,433m,535.537117Mi
2026-09-20T23:00:00+00:00,payments-service,1,400m,522.644882Mi
2026-09-20T23:00:00+00:00,products-service,1,413m,512.000002Mi
2026-09-20T23:05:00+00:00,orders-service,1,433m,535.537117Mi
2026-09-20T23:05:00+00:00,payments-service,1,400m,522.644882Mi
2026-09-20T23:05:00+00:00,products-service,1,413m,512.000002Mi
2026-09-20T23:10:00+00:00,orders-service,1,433m,535.537117Mi
2026-09-20T23:10:00+00:00,payments-service,1,400m,522.644882Mi
2026-09-20T23:10:00+00:00,products-service,1,413m,512.000002Mi
2026-09-20T23:15:00+00:00,orders-service,1,456m,536.391116Mi
2026-09-20T23:15:00+00:00,payments-service,1,403m,531.401325Mi
2026-09-20T23:15:00+00:00,products-service,1,413m,512.000002Mi
2026-09-20T23:20:00+00:00,orders-service,1,456m,536.391116Mi
2026-09-20T23:20:00+00:00,payments-service,1,403m,531.401325Mi
2026-09-20T23:20:00+00:00,products-service,1,426m,514.365906Mi
2026-09-20T23:25:00+00:00,orders-service,1,456m,536.391116Mi
2026-09-20T23:25:00+00:00,payments-service,1,403m,531.401325Mi
2026-09-20T23:25:00+00:00,products-service,1,426m,514.365906Mi
2026-09-20T23:30:00+00:00,orders-service,1,456m,536.391116Mi
2026-09-20T23:30:00+00:00,payments-service,1,404m,532.809248Mi
2026-09-20T23:30:00+00:00,products-service,1,426m,514.365906Mi
2026-09-20T23:35:00+00:00,orders-service,1,461m,536.400599Mi
2026-09-20T23:35:00+00:00,payments-service,1,404m,532.809248Mi
2026-09-20T23:35:00+00:00,products-service,1,426m,514.365906Mi
2026-09-20T23:40:00+00:00,orders-service,1,461m,536.400599Mi
2026-09-20T23:40:00+00:00,payments-service,1,404m,532.809248Mi
2026-09-20T23:40:00+00:00,products-service,1,426m,514.365906Mi
2026-09-20T23:45:00+00:00,orders-service,1,461m,536.400599Mi
2026-09-20T23:45:00+00:00,payments-service,1,404m,532.809248Mi
2026-09-20T23:45:00+00:00,products-service,1,452m,516.477954Mi
2026-09-20T23:50:00+00:00,orders-service,1,461m,536.400599Mi
2026-09-20T23:50:00+00:00,payments-service,1,404m,532.809248Mi
2026-09-20T23:50:00+00:00,products-service,1,452m,516.477954Mi
2026-09-20T23:55:00+00:00,orders-service,1,465m,533.118784Mi
2026-09-20T23:55:00+00:00,payments-service,1,404m,532.809248Mi
2026-09-20T23:55:00+00:00,products-service,1,452m,516.477954Mi
2026-09-21T00:00:00+00:00,orders-service,1,465m,533.118784Mi
2026-09-21T00:00:00+00:00,payments-service,1,408m,533.708892Mi
2026-09-21T00:00:00+00:00,products-service,1,452m,516.477954Mi
2026-09-21T00:05:00+00:00,orders-service,1,465m,533.118784Mi
2026-09-21T00:05:00+00:00,payments-service,1,408m,533.708892Mi
2026-09-21T00:05:00+00:00,products-service,1,452m,516.477954Mi
2026-09-21T00:10:00+00:00,orders-service,1,489m,536.181437Mi
2026-09-21T00:10:00+00:00,payments-service,1,408m,533.708892Mi
2026-09-21T00:10:00+00:00,products-service,1,452m,516.477954Mi
2026-09-21T00:15:00+00:00,orders-service,1,489m,536.181437Mi
2026-09-21T00:15:00+00:00,payments-service,1,408m,533.708892Mi
2026-09-21T00:15:00+00:00,products-service,1,469m,516.563362Mi
2026-09-21T00:20:00+00:00,orders-service,1,489m,536.181437Mi
2026-09-21T00:20:00+00:00,payments-service,1,408m,533.708892Mi
2026-09-21T00:20:00+00:00,products-service,1,469m,516.563362Mi
2026-09-21T00:25:00+00:00,orders-service,1,489m,536.181437Mi
2026-09-21T00:25:00+00:00,payments-service,1,408m,533.708892Mi
2026-09-21T00:25:00+00:00,products-service,1,469m,516.563362Mi
2026-09-21T00:30:00+00:00,orders-service,1,493m,537.404887Mi
2026-09-21T00:30:00+00:00,payments-service,1,408m,533.708892Mi
2026-09-21T00:30:00+00:00,products-service,1,469m,516.563362Mi
2026-09-21T00:35:00+00:00,orders-service,1,493m,537.404887Mi
2026-09-21T00:35:00+00:00,payments-service,1,411m,535.83645Mi
2026-09-21T00:35:00+00:00,products-service,1,469m,516.563362Mi
2026-09-21T00:40:00+00:00,orders-service,1,493m,537.404887Mi
2026-09-21T00:40:00+00:00,payments-service,1,411m,535.83645Mi
2026-09-21T00:40:00+00:00,products-service,1,488m,518.808267Mi
2026-09-21T00:45:00+00:00,orders-service,1,493m,537.404887Mi
2026-09-21T00:45:00+00:00,payments-service,1,411m,535.83645Mi
2026-09-21T00:45:00+00:00,products-service,1,488m,518.808267Mi
2026-09-21T00:50:00+00:00,orders-service,1,537m,539.244596Mi
2026-09-21T00:50:00+00:00,payments-service,1,415m,539.338291Mi
2026-09-21T00:50:00+00:00,products-service,1,488m,518.808267Mi
2026-09-21T00:55:00+00:00,orders-service,1,537m,539.244596Mi
2026-09-21T00:55:00+00:00,payments-service,1,415m,539.338291Mi
2026-09-21T00:55:00+00:00,products-service,1,512m,522.951481Mi
2026-09-21T01:00:00+00:00,orders-service,1,537m,539.244596Mi
2026-09-21T01:00:00+00:00,payments-service,1,415m,539.338291Mi
2026-09-21T01:00:00+00:00,products-service,1,512m,522.951481Mi
2026-09-21T01:05:00+00:00,orders-service,1,530m,534.499071Mi
2026-09-21T01:05:00+00:00,payments-service,1,414m,538.032106Mi
2026-09-21T01:05:00+00:00,products-service,1,512m,522.951481Mi
2026-09-21T01:10:00+00:00,orders-service,1,530m,534.499071Mi
2026-09-21T01:10:00+00:00,payments-service,1,414m,538.032106Mi
2026-09-21T01:10:00+00:00,products-service,1,512m,522.951481Mi
2026-09-21T01:15:00+00:00,orders-service,1,530m,534.499071Mi
2026-09-21T01:15:00+00:00,payments-service,1,414m,538.032106Mi
2026-09-21T01:15:00+00:00,products-service,1,512m,522.951481Mi
2026-09-21T01:20:00+00:00,orders-service,1,537m,542.088617Mi
2026-09-21T01:20:00+00:00,payments-service,1,414m,538.032106Mi
2026-09-21T01:20:00+00:00,products-service,1,505m,520.45608Mi
2026-09-21T01:25:00+00:00,orders-service,1,537m,542.088617Mi
2026-09-21T01:25:00+00:00,payments-service,1,422m,540.304444Mi
2026-09-21T01:25:00+00:00,products-service,1,505m,520.45608Mi
2026-09-21T01:30:00+00:00,orders-service,1,537m,542.088617Mi
2026-09-21T01:30:00+00:00,payments-service,1,422m,540.304444Mi
2026-09-21T01:30:00+00:00,products-service,1,505m,520.45608Mi
2026-09-21T01:35:00+00:00,orders-service,1,582m,546.728586Mi
2026-09-21T01:35:00+00:00,payments-service,1,422m,540.304444Mi
2026-09-21T01:35:00+00:00,products-service,1,525m,524.380381Mi
2026-09-21T01:40:00+00:00,orders-service,1,582m,546.728586Mi
2026-09-21T01:40:00+00:00,payments-service,1,422m,540.304444Mi
2026-09-21T01:40:00+00:00,products-service,1,525m,524.380381Mi
2026-09-21T01:45:00+00:00,orders-service,1,582m,546.728586Mi
2026-09-21T01:45:00+00:00,payments-service,1,422m,540.304444Mi
2026-09-21T01:45:00+00:00,products-service,1,525m,524.380381Mi
2026-09-21T01:50:00+00:00,orders-service,1,583m,544.043961Mi
2026-09-21T01:50:00+00:00,payments-service,1,422m,540.304444Mi
2026-09-21T01:50:00+00:00,products-service,1,525m,524.380381Mi
2026-09-21T01:55:00+00:00,orders-service,1,583m,544.043961Mi
2026-09-21T01:55:00+00:00,payments-service,1,422m,540.304444Mi
2026-09-21T01:55:00+00:00,products-service,1,525m,524.380381Mi
2026-09-21T02:00:00+00:00,orders-service,1,583m,544.043961Mi
2026-09-21T02:00:00+00:00,payments-service,1,422m,540.304444Mi
2026-09-21T02:00:00+00:00,products-service,1,525m,524.380381Mi
2026-09-21T02:05:00+00:00,orders-service,1,583m,544.043961Mi
2026-09-21T02:05:00+00:00,payments-service,1,422m,540.304444Mi
2026-09-21T02:05:00+00:00,products-service,1,525m,524.380381Mi
2026-09-21T02:10:00+00:00,orders-service,1,623m,548.018146Mi
2026-09-21T02:10:00+00:00,payments-service,1,432m,541.90874Mi
2026-09-21T02:10:00+00:00,products-service,1,578m,534.359586Mi
2026-09-21T02:15:00+00:00,orders-service,1,623m,548.018146Mi
2026-09-21T02:15:00+00:00,payments-service,1,432m,541.90874Mi
2026-09-21T02:15:00+00:00,products-service,1,578m,534.359586Mi
2026-09-21T02:20:00+00:00,orders-service,1,623m,548.018146Mi
2026-09-21T02:20:00+00:00,payments-service,1,432m,541.90874Mi
2026-09-21T02:20:00+00:00,products-service,1,578m,534.359586Mi
2026-09-21T02:25:00+00:00,orders-service,1,623m,548.018146Mi
2026-09-21T02:25:00+00:00,payments-service,1,432m,541.90874Mi
2026-09-21T02:25:00+00:00,products-service,1,578m,534.359586Mi
2026-09-21T02:30:00+00:00,orders-service,1,623m,548.018146Mi
2026-09-21T02:30:00+00:00,payments-service,1,432m,541.90874Mi
2026-09-21T02:30:00+00:00,products-service,1,585m,534.038805Mi
2026-09-21T02:35:00+00:00,orders-service,1,642m,549.150642Mi
2026-09-21T02:35:00+00:00,payments-service,1,432m,541.90874Mi
2026-09-21T02:35:00+00:00,products-service,1,585m,534.038805Mi
2026-09-21T02:40:00+00:00,orders-service,1,642m,549.150642Mi
2026-09-21T02:40:00+00:00,payments-service,1,437m,544.282124Mi
2026-09-21T02:40:00+00:00,products-service,1,585m,534.038805Mi
2026-09-21T02:45:00+00:00,orders-service,1,642m,549.150642Mi
2026-09-21T02:45:00+00:00,payments-service,1,437m,544.282124Mi
2026-09-21T02:45:00+00:00,products-service,1,585m,534.038805Mi
2026-09-21T02:50:00+00:00,orders-service,1,642m,549.150642Mi
2026-09-21T02:50:00+00:00,payments-service,1,437m,544.282124Mi
2026-09-21T02:50:00+00:00,products-service,1,585m,534.038805Mi
2026-09-21T02:55:00+00:00,orders-service,1,652m,551.841043Mi
2026-09-21T02:55:00+00:00,payments-service,1,442m,543.519588Mi
2026-09-21T02:55:00+00:00,products-service,1,585m,534.038805Mi
2026-09-21T03:00:00+00:00,orders-service,1,652m,551.841043Mi
2026-09-21T03:00:00+00:00,payments-service,1,442m,543.519588Mi
2026-09-21T03:00:00+00:00,products-service,1,585m,534.038805Mi
2026-09-21T03:05:00+00:00,orders-service,1,652m,551.841043Mi
2026-09-21T03:05:00+00:00,payments-service,1,442m,543.519588Mi
2026-09-21T03:05:00+00:00,products-service,1,585m,534.038805Mi
2026-09-21T03:10:00+00:00,orders-service,1,652m,551.841043Mi
2026-09-21T03:10:00+00:00,payments-service,1,454m,540.881627Mi
2026-09-21T03:10:00+00:00,products-service,1,585m,534.038805Mi
2026-09-21T03:15:00+00:00,orders-service,1,652m,551.841043Mi
2026-09-21T03:15:00+00:00,payments-service,1,454m,540.881627Mi
2026-09-21T03:15:00+00:00,products-service,1,585m,534.038805Mi
2026-09-21T03:20:00+00:00,orders-service,1,652m,551.841043Mi
2026-09-21T03:20:00+00:00,payments-service,1,454m,540.881627Mi
2026-09-21T03:20:00+00:00,products-service,1,585m,534.038805Mi
2026-09-21T03:25:00+00:00,orders-service,1,652m,551.841043Mi
2026-09-21T03:25:00+00:00,payments-service,1,454m,540.881627Mi
2026-09-21T03:25:00+00:00,products-service,1,598m,534.101142Mi
2026-09-21T03:30:00+00:00,orders-service,1,652m,551.841043Mi
2026-09-21T03:30:00+00:00,payments-service,1,441m,543.355434Mi
2026-09-21T03:30:00+00:00,products-service,1,598m,534.101142Mi
2026-09-21T03:35:00+00:00,orders-service,1,652m,551.841043Mi
2026-09-21T03:35:00+00:00,payments-service,1,441m,543.355434Mi
2026-09-21T03:35:00+00:00,products-service,1,598m,534.101142Mi
2026-09-21T03:40:00+00:00,orders-service,1,706m,550.962809Mi
2026-09-21T03:40:00+00:00,payments-service,1,441m,543.355434Mi
2026-09-21T03:40:00+00:00,products-service,1,635m,539.016311Mi
2026-09-21T03:45:00+00:00,orders-service,1,706m,550.962809Mi
2026-09-21T03:45:00+00:00,payments-service,1,441m,543.355434Mi
2026-09-21T03:45:00+00:00,products-service,1,635m,539.016311Mi
2026-09-21T03:50:00+00:00,orders-service,1,706m,550.962809Mi
2026-09-21T03:50:00+00:00,payments-service,1,441m,543.355434Mi
2026-09-21T03:50:00+00:00,products-service,1,635m,539.016311Mi
2026-09-21T03:55:00+00:00,orders-service,1,706m,550.962809Mi
2026-09-21T03:55:00+00:00,payments-service,1,441m,543.355434Mi
2026-09-21T03:55:00+00:00,products-service,1,635m,539.016311Mi
2026-09-21T04:00:00+00:00,orders-service,1,706m,550.962809Mi
2026-09-21T04:00:00+00:00,payments-service,1,455m,541.365391Mi
2026-09-21T04:00:00+00:00,products-service,1,636m,538.955841Mi
2026-09-21T04:05:00+00:00,orders-service,1,706m,550.962809Mi
2026-09-21T04:05:00+00:00,payments-service,1,455m,541.365391Mi
2026-09-21T04:05:00+00:00,products-service,1,636m,538.955841Mi
2026-09-21T04:10:00+00:00,orders-service,1,759m,555.05164Mi
2026-09-21T04:10:00+00:00,payments-service,1,455m,541.365391Mi
2026-09-21T04:10:00+00:00,products-service,1,636m,538.955841Mi
2026-09-21T04:15:00+00:00,orders-service,1,759m,555.05164Mi
2026-09-21T04:15:00+00:00,payments-service,1,455m,541.365391Mi
2026-09-21T04:15:00+00:00,products-service,1,713m,542.668726Mi
2026-09-21T04:20:00+00:00,orders-service,1,759m,555.05164Mi
2026-09-21T04:20:00+00:00,payments-service,1,455m,541.365391Mi
2026-09-21T04:20:00+00:00,products-service,1,713m,542.668726Mi
2026-09-21T04:25:00+00:00,orders-service,1,739m,553.654836Mi
2026-09-21T04:25:00+00:00,payments-service,1,455m,541.365391Mi
2026-09-21T04:25:00+00:00,products-service,1,713m,542.668726Mi
2026-09-21T04:30:00+00:00,orders-service,1,739m,553.654836Mi
2026-09-21T04:30:00+00:00,payments-service,1,466m,541.272866Mi
2026-09-21T04:30:00+00:00,products-service,1,696m,541.322153Mi
2026-09-21T04:35:00+00:00,orders-service,1,739m,553.654836Mi
2026-09-21T04:35:00+00:00,payments-service,1,466m,541.272866Mi
2026-09-21T04:35:00+00:00,products-service,1,696m,541.322153Mi
2026-09-21T04:40:00+00:00,orders-service,1,739m,553.654836Mi
2026-09-21T04:40:00+00:00,payments-service,1,466m,541.272866Mi
2026-09-21T04:40:00+00:00,products-service,1,696m,541.322153Mi
2026-09-21T04:45:00+00:00,orders-service,1,739m,553.654836Mi
2026-09-21T04:45:00+00:00,payments-service,1,466m,541.272866Mi
2026-09-21T04:45:00+00:00,products-service,1,696m,541.322153Mi
2026-09-21T04:50:00+00:00,orders-service,1,762m,553.25743Mi
2026-09-21T04:50:00+00:00,payments-service,1,494m,543.027982Mi
2026-09-21T04:50:00+00:00,products-service,1,696m,541.322153Mi
2026-09-21T04:55:00+00:00,orders-service,1,762m,553.25743Mi
2026-09-21T04:55:00+00:00,payments-service,1,494m,543.027982Mi
2026-09-21T04:55:00+00:00,products-service,1,696m,541.322153Mi
2026-09-21T05:00:00+00:00,orders-service,1,762m,553.25743Mi
2026-09-21T05:00:00+00:00,payments-service,1,494m,543.027982Mi
2026-09-21T05:00:00+00:00,products-service,1,737m,544.539676Mi
2026-09-21T05:05:00+00:00,orders-service,1,782m,558.160674Mi
2026-09-21T05:05:00+00:00,payments-service,1,494m,543.027982Mi
2026-09-21T05:05:00+00:00,products-service,1,737m,544.539676Mi
2026-09-21T05:10:00+00:00,orders-service,1,782m,558.160674Mi
2026-09-21T05:10:00+00:00,payments-service,1,494m,543.027982Mi
2026-09-21T05:10:00+00:00,products-service,1,737m,544.539676Mi
2026-09-21T05:15:00+00:00,orders-service,1,782m,558.160674Mi
2026-09-21T05:15:00+00:00,payments-service,1,478m,542.417748Mi
2026-09-21T05:15:00+00:00,products-service,1,704m,541.286549Mi
2026-09-21T05:20:00+00:00,orders-service,1,757m,554.445044Mi
2026-09-21T05:20:00+00:00,payments-service,1,478m,542.417748Mi
2026-09-21T05:20:00+00:00,products-service,1,704m,541.286549Mi
2026-09-21T05:25:00+00:00,orders-service,1,757m,554.445044Mi
2026-09-21T05:25:00+00:00,payments-service,1,478m,542.417748Mi
2026-09-21T05:25:00+00:00,products-service,1,704m,541.286549Mi
2026-09-21T05:30:00+00:00,orders-service,1,757m,554.445044Mi
2026-09-21T05:30:00+00:00,payments-service,1,479m,544.982309Mi
2026-09-21T05:30:00+00:00,products-service,1,750m,544.996236Mi
2026-09-21T05:35:00+00:00,orders-service,1,757m,554.445044Mi
2026-09-21T05:35:00+00:00,payments-service,1,479m,544.982309Mi
2026-09-21T05:35:00+00:00,products-service,1,750m,544.996236Mi
2026-09-21T05:40:00+00:00,orders-service,1,792m,553.93489Mi
2026-09-21T05:40:00+00:00,payments-service,1,479m,544.982309Mi
2026-09-21T05:40:00+00:00,products-service,1,750m,544.996236Mi
2026-09-21T05:45:00+00:00,orders-service,1,792m,553.93489Mi
2026-09-21T05:45:00+00:00,payments-service,1,493m,547.203996Mi
2026-09-21T05:45:00+00:00,products-service,1,750m,544.996236Mi
2026-09-21T05:50:00+00:00,orders-service,1,792m,553.93489Mi
2026-09-21T05:50:00+00:00,payments-service,1,493m,547.203996Mi
2026-09-21T05:50:00+00:00,products-service,1,750m,544.996236Mi
2026-09-21T05:55:00+00:00,orders-service,1,792m,553.93489Mi
2026-09-21T05:55:00+00:00,payments-service,1,493m,547.203996Mi
2026-09-21T05:55:00+00:00,products-service,1,750m,544.996236Mi
2026-09-21T06:00:00+00:00,orders-service,1,852m,555.55921Mi
2026-09-21T06:00:00+00:00,payments-service,1,493m,547.203996Mi
2026-09-21T06:00:00+00:00,products-service,1,750m,544.996236Mi
2026-09-21T06:05:00+00:00,orders-service,1,852m,555.55921Mi
2026-09-21T06:05:00+00:00,payments-service,1,519m,547.311982Mi
2026-09-21T06:05:00+00:00,products-service,1,771m,547.593099Mi
2026-09-21T06:10:00+00:00,orders-service,1,852m,555.55921Mi
2026-09-21T06:10:00+00:00,payments-service,1,519m,547.311982Mi
2026-09-21T06:10:00+00:00,products-service,1,771m,547.593099Mi
2026-09-21T06:15:00+00:00,orders-service,1,852m,555.55921Mi
2026-09-21T06:15:00+00:00,payments-service,1,519m,547.311982Mi
2026-09-21T06:15:00+00:00,products-service,1,771m,547.593099Mi
2026-09-21T06:20:00+00:00,orders-service,1,852m,555.55921Mi
2026-09-21T06:20:00+00:00,payments-service,1,519m,547.311982Mi
2026-09-21T06:20:00+00:00,products-service,1,771m,547.593099Mi
2026-09-21T06:25:00+00:00,orders-service,1,852m,555.55921Mi
2026-09-21T06:25:00+00:00,payments-service,1,503m,544.508618Mi
2026-09-21T06:25:00+00:00,products-service,1,793m,544.712984Mi
2026-09-21T06:30:00+00:00,orders-service,1,852m,555.55921Mi
2026-09-21T06:30:00+00:00,payments-service,1,503m,544.508618Mi
2026-09-21T06:30:00+00:00,products-service,1,793m,544.712984Mi
2026-09-21T06:35:00+00:00,orders-service,1,852m,555.55921Mi
2026-09-21T06:35:00+00:00,payments-service,1,503m,544.508618Mi
2026-09-21T06:35:00+00:00,products-service,1,793m,544.712984Mi
2026-09-21T06:40:00+00:00,orders-service,1,852m,555.55921Mi
2026-09-21T06:40:00+00:00,payments-service,1,503m,544.508618Mi
2026-09-21T06:40:00+00:00,products-service,1,793m,544.712984Mi
2026-09-21T06:45:00+00:00,orders-service,1,852m,555.55921Mi
2026-09-21T06:45:00+00:00,payments-service,1,498m,543.696245Mi
2026-09-21T06:45:00+00:00,products-service,1,793m,544.712984Mi
2026-09-21T06:50:00+00:00,orders-service,1,852m,555.55921Mi
2026-09-21T06:50:00+00:00,payments-service,1,498m,543.696245Mi
2026-09-21T06:50:00+00:00,products-service,1,793m,544.712984Mi
2026-09-21T06:55:00+00:00,orders-service,1,852m,555.55921Mi
2026-09-21T06:55:00+00:00,payments-service,1,498m,543.696245Mi
2026-09-21T06:55:00+00:00,products-service,1,793m,544.712984Mi
2026-09-21T07:00:00+00:00,orders-service,1,865m,557.10447Mi
2026-09-21T07:00:00+00:00,payments-service,1,508m,547.012861Mi
2026-09-21T07:00:00+00:00,products-service,1,793m,544.712984Mi
2026-09-21T07:05:00+00:00,orders-service,1,865m,557.10447Mi
2026-09-21T07:05:00+00:00,payments-service,1,508m,547.012861Mi
2026-09-21T07:05:00+00:00,products-service,1,793m,544.712984Mi
2026-09-21T07:10:00+00:00,orders-service,1,865m,557.10447Mi
2026-09-21T07:10:00+00:00,payments-service,1,508m,547.012861Mi
2026-09-21T07:10:00+00:00,products-service,1,793m,544.712984Mi
2026-09-21T07:15:00+00:00,orders-service,1,852m,557.443705Mi
2026-09-21T07:15:00+00:00,payments-service,1,501m,546.496111Mi
2026-09-21T07:15:00+00:00,products-service,1,801m,546.794031Mi
2026-09-21T07:20:00+00:00,orders-service,1,852m,557.443705Mi
2026-09-21T07:20:00+00:00,payments-service,1,501m,546.496111Mi
2026-09-21T07:20:00+00:00,products-service,1,801m,546.794031Mi
2026-09-21T07:25:00+00:00,orders-service,1,852m,557.443705Mi
2026-09-21T07:25:00+00:00,payments-service,1,501m,546.496111Mi
2026-09-21T07:25:00+00:00,products-service,1,801m,546.794031Mi
2026-09-21T07:30:00+00:00,orders-service,1,872m,558.268278Mi
2026-09-21T07:30:00+00:00,payments-service,1,523m,546.628523Mi
2026-09-21T07:30:00+00:00,products-service,1,816m,544.211423Mi
2026-09-21T07:35:00+00:00,orders-service,1,872m,558.268278Mi
2026-09-21T07:35:00+00:00,payments-service,1,523m,546.628523Mi
2026-09-21T07:35:00+00:00,products-service,1,816m,544.211423Mi
2026-09-21T07:40:00+00:00,orders-service,1,872m,558.268278Mi
2026-09-21T07:40:00+00:00,payments-service,1,523m,546.628523Mi
2026-09-21T07:40:00+00:00,products-service,1,816m,544.211423Mi
2026-09-21T07:45:00+00:00,orders-service,1,822m,555.88778Mi
2026-09-21T07:45:00+00:00,payments-service,1,523m,546.628523Mi
2026-09-21T07:45:00+00:00,products-service,1,816m,544.211423Mi
2026-09-21T07:50:00+00:00,orders-service,1,822m,555.88778Mi
2026-09-21T07:50:00+00:00,payments-service,1,510m,545.285821Mi
2026-09-21T07:50:00+00:00,products-service,1,816m,544.211423Mi
2026-09-21T07:55:00+00:00,orders-service,1,822m,555.88778Mi
2026-09-21T07:55:00+00:00,payments-service,1,510m,545.285821Mi
2026-09-21T07:55:00+00:00,products-service,1,802m,548.103258Mi
2026-09-21T08:00:00+00:00,orders-service,1,822m,555.88778Mi
2026-09-21T08:00:00+00:00,payments-service,1,510m,545.285821Mi
2026-09-21T08:00:00+00:00,products-service,1,802m,548.103258Mi
2026-09-21T08:05:00+00:00,orders-service,1,797m,554.377438Mi
2026-09-21T08:05:00+00:00,payments-service,1,510m,545.285821Mi
2026-09-21T08:05:00+00:00,products-service,1,802m,548.103258Mi
2026-09-21T08:10:00+00:00,orders-service,1,797m,554.377438Mi
2026-09-21T08:10:00+00:00,payments-service,1,510m,545.285821Mi
2026-09-21T08:10:00+00:00,products-service,1,802m,548.103258Mi
2026-09-21T08:15:00+00:00,orders-service,1,797m,554.377438Mi
2026-09-21T08:15:00+00:00,payments-service,1,558m,547.719992Mi
2026-09-21T08:15:00+00:00,products-service,1,802m,548.103258Mi
2026-09-21T08:20:00+00:00,orders-service,1,874m,561.48629Mi
2026-09-21T08:20:00+00:00,payments-service,1,558m,547.719992Mi
2026-09-21T08:20:00+00:00,products-service,1,802m,548.103258Mi
2026-09-21T08:25:00+00:00,orders-service,1,874m,561.48629Mi
2026-09-21T08:25:00+00:00,payments-service,1,558m,547.719992Mi
2026-09-21T08:25:00+00:00,products-service,1,802m,548.103258Mi
2026-09-21T08:30:00+00:00,orders-service,1,874m,561.48629Mi
2026-09-21T08:30:00+00:00,payments-service,1,527m,548.750058Mi
2026-09-21T08:30:00+00:00,products-service,1,802m,548.103258Mi
2026-09-21T08:35:00+00:00,orders-service,1,874m,561.48629Mi
2026-09-21T08:35:00+00:00,payments-service,1,527m,548.750058Mi
2026-09-21T08:35:00+00:00,products-service,1,802m,548.103258Mi
2026-09-21T08:40:00+00:00,orders-service,1,874m,561.48629Mi
2026-09-21T08:40:00+00:00,payments-service,1,527m,548.750058Mi
2026-09-21T08:40:00+00:00,products-service,1,802m,548.103258Mi
2026-09-21T08:45:00+00:00,orders-service,1,874m,561.48629Mi
2026-09-21T08:45:00+00:00,payments-service,1,527m,548.750058Mi
2026-09-21T08:45:00+00:00,products-service,1,802m,548.103258Mi
2026-09-21T08:50:00+00:00,orders-service,1,874m,561.48629Mi
2026-09-21T08:50:00+00:00,payments-service,1,527m,548.750058Mi
2026-09-21T08:50:00+00:00,products-service,1,814m,543.429975Mi
2026-09-21T08:55:00+00:00,orders-service,1,874m,561.48629Mi
2026-09-21T08:55:00+00:00,payments-service,1,503m,544.225231Mi
2026-09-21T08:55:00+00:00,products-service,1,814m,543.429975Mi
2026-09-21T09:00:00+00:00,orders-service,1,874m,561.48629Mi
2026-09-21T09:00:00+00:00,payments-service,1,503m,544.225231Mi
2026-09-21T09:00:00+00:00,products-service,1,814m,543.429975Mi
2026-09-21T09:05:00+00:00,orders-service,1,874m,561.48629Mi
2026-09-21T09:05:00+00:00,payments-service,1,503m,544.225231Mi
2026-09-21T09:05:00+00:00,products-service,1,814m,543.429975Mi
2026-09-21T09:10:00+00:00,orders-service,1,874m,561.48629Mi
2026-09-21T09:10:00+00:00,payments-service,1,510m,545.816814Mi
2026-09-21T09:10:00+00:00,products-service,1,814m,543.429975Mi
2026-09-21T09:15:00+00:00,orders-service,1,822m,558.239011Mi
2026-09-21T09:15:00+00:00,payments-service,1,510m,545.816814Mi
2026-09-21T09:15:00+00:00,products-service,1,814m,543.429975Mi
2026-09-21T09:20:00+00:00,orders-service,1,822m,558.239011Mi
2026-09-21T09:20:00+00:00,payments-service,1,510m,545.816814Mi
2026-09-21T09:20:00+00:00,products-service,1,780m,543.212017Mi
2026-09-21T09:25:00+00:00,orders-service,1,822m,558.239011Mi
2026-09-21T09:25:00+00:00,payments-service,1,485m,544.035502Mi
2026-09-21T09:25:00+00:00,products-service,1,780m,543.212017Mi
2026-09-21T09:30:00+00:00,orders-service,1,803m,554.607665Mi
2026-09-21T09:30:00+00:00,payments-service,1,485m,544.035502Mi
2026-09-21T09:30:00+00:00,products-service,1,780m,543.212017Mi
2026-09-21T09:35:00+00:00,orders-service,1,803m,554.607665Mi
2026-09-21T09:35:00+00:00,payments-service,1,485m,544.035502Mi
2026-09-21T09:35:00+00:00,products-service,1,753m,545.226408Mi
2026-09-21T09:40:00+00:00,orders-service,1,803m,554.607665Mi
2026-09-21T09:40:00+00:00,payments-service,1,485m,544.035502Mi
2026-09-21T09:40:00+00:00,products-service,1,753m,545.226408Mi
2026-09-21T09:45:00+00:00,orders-service,1,803m,554.607665Mi
2026-09-21T09:45:00+00:00,payments-service,1,485m,544.035502Mi
2026-09-21T09:45:00+00:00,products-service,1,753m,545.226408Mi
2026-09-21T09:50:00+00:00,orders-service,1,841m,559.732971Mi
2026-09-21T09:50:00+00:00,payments-service,1,485m,544.035502Mi
2026-09-21T09:50:00+00:00,products-service,1,753m,545.226408Mi
2026-09-21T09:55:00+00:00,orders-service,1,841m,559.732971Mi
2026-09-21T09:55:00+00:00,payments-service,1,488m,545.270451Mi
2026-09-21T09:55:00+00:00,products-service,1,767m,544.543517Mi
2026-09-21T10:00:00+00:00,orders-service,1,841m,559.732971Mi
2026-09-21T10:00:00+00:00,payments-service,1,488m,545.270451Mi
2026-09-21T10:00:00+00:00,products-service,1,767m,544.543517Mi
2026-09-21T10:05:00+00:00,orders-service,1,789m,555.915625Mi
2026-09-21T10:05:00+00:00,payments-service,1,488m,545.270451Mi
2026-09-21T10:05:00+00:00,products-service,1,767m,544.543517Mi
2026-09-21T10:10:00+00:00,orders-service,1,789m,555.915625Mi
2026-09-21T10:10:00+00:00,payments-service,1,488m,545.270451Mi
2026-09-21T10:10:00+00:00,products-service,1,767m,544.543517Mi
2026-09-21T10:15:00+00:00,orders-service,1,789m,555.915625Mi
2026-09-21T10:15:00+00:00,payments-service,1,488m,545.270451Mi
2026-09-21T10:15:00+00:00,products-service,1,767m,544.543517Mi
2026-09-21T10:20:00+00:00,orders-service,1,770m,552.650906Mi
2026-09-21T10:20:00+00:00,payments-service,1,488m,545.270451Mi
2026-09-21T10:20:00+00:00,products-service,1,750m,543.218603Mi
2026-09-21T10:25:00+00:00,orders-service,1,770m,552.650906Mi
2026-09-21T10:25:00+00:00,payments-service,1,488m,545.270451Mi
2026-09-21T10:25:00+00:00,products-service,1,750m,543.218603Mi
2026-09-21T10:30:00+00:00,orders-service,1,770m,552.650906Mi
2026-09-21T10:30:00+00:00,payments-service,1,488m,545.270451Mi
2026-09-21T10:30:00+00:00,products-service,1,750m,543.218603Mi
2026-09-21T10:35:00+00:00,orders-service,1,770m,552.650906Mi
2026-09-21T10:35:00+00:00,payments-service,1,488m,545.270451Mi
2026-09-21T10:35:00+00:00,products-service,1,750m,543.218603Mi
2026-09-21T10:40:00+00:00,orders-service,1,771m,552.907201Mi
2026-09-21T10:40:00+00:00,payments-service,1,487m,546.410939Mi
2026-09-21T10:40:00+00:00,products-service,1,750m,543.218603Mi
2026-09-21T10:45:00+00:00,orders-service,1,771m,552.907201Mi
2026-09-21T10:45:00+00:00,payments-service,1,487m,546.410939Mi
2026-09-21T10:45:00+00:00,products-service,1,750m,543.218603Mi
2026-09-21T10:50:00+00:00,orders-service,1,771m,552.907201Mi
2026-09-21T10:50:00+00:00,payments-service,1,487m,546.410939Mi
2026-09-21T10:50:00+00:00,products-service,1,750m,543.218603Mi
2026-09-21T10:55:00+00:00,orders-service,1,783m,555.469631Mi
2026-09-21T10:55:00+00:00,payments-service,1,487m,546.410939Mi
2026-09-21T10:55:00+00:00,products-service,1,750m,543.218603Mi
2026-09-21T11:00:00+00:00,orders-service,1,783m,555.469631Mi
2026-09-21T11:00:00+00:00,payments-service,1,487m,546.410939Mi
2026-09-21T11:00:00+00:00,products-service,1,750m,543.218603Mi
2026-09-21T11:05:00+00:00,orders-service,1,783m,555.469631Mi
2026-09-21T11:05:00+00:00,payments-service,1,485m,544.654378Mi
2026-09-21T11:05:00+00:00,products-service,1,750m,543.218603Mi
2026-09-21T11:10:00+00:00,orders-service,1,783m,555.469631Mi
2026-09-21T11:10:00+00:00,payments-service,1,485m,544.654378Mi
2026-09-21T11:10:00+00:00,products-service,1,733m,540.044631Mi
2026-09-21T11:15:00+00:00,orders-service,1,779m,554.034544Mi
2026-09-21T11:15:00+00:00,payments-service,1,485m,544.654378Mi
2026-09-21T11:15:00+00:00,products-service,1,733m,540.044631Mi
2026-09-21T11:20:00+00:00,orders-service,1,779m,554.034544Mi
2026-09-21T11:20:00+00:00,payments-service,1,485m,544.654378Mi
2026-09-21T11:20:00+00:00,products-service,1,733m,540.044631Mi
2026-09-21T11:25:00+00:00,orders-service,1,779m,554.034544Mi
2026-09-21T11:25:00+00:00,payments-service,1,480m,541.718453Mi
2026-09-21T11:25:00+00:00,products-service,1,680m,543.676556Mi
2026-09-21T11:30:00+00:00,orders-service,1,732m,551.093358Mi
2026-09-21T11:30:00+00:00,payments-service,1,480m,541.718453Mi
2026-09-21T11:30:00+00:00,products-service,1,680m,543.676556Mi
2026-09-21T11:35:00+00:00,orders-service,1,732m,551.093358Mi
2026-09-21T11:35:00+00:00,payments-service,1,480m,541.718453Mi
2026-09-21T11:35:00+00:00,products-service,1,680m,543.676556Mi
2026-09-21T11:40:00+00:00,orders-service,1,732m,551.093358Mi
2026-09-21T11:40:00+00:00,payments-service,1,480m,541.718453Mi
2026-09-21T11:40:00+00:00,products-service,1,642m,539.610198Mi
2026-09-21T11:45:00+00:00,orders-service,1,721m,551.215651Mi
2026-09-21T11:45:00+00:00,payments-service,1,480m,541.718453Mi
2026-09-21T11:45:00+00:00,products-service,1,642m,539.610198Mi
2026-09-21T11:50:00+00:00,orders-service,1,721m,551.215651Mi
2026-09-21T11:50:00+00:00,payments-service,1,472m,543.611136Mi
2026-09-21T11:50:00+00:00,products-service,1,642m,539.610198Mi
2026-09-21T11:55:00+00:00,orders-service,1,721m,551.215651Mi
2026-09-21T11:55:00+00:00,payments-service,1,472m,543.611136Mi
2026-09-21T11:55:00+00:00,products-service,1,657m,542.795593Mi
2026-09-21T12:00:00+00:00,orders-service,1,711m,553.053216Mi
2026-09-21T12:00:00+00:00,payments-service,1,472m,543.611136Mi
2026-09-21T12:00:00+00:00,products-service,1,657m,542.795593Mi
2026-09-21T12:05:00+00:00,orders-service,1,711m,553.053216Mi
2026-09-21T12:05:00+00:00,payments-service,1,472m,543.611136Mi
2026-09-21T12:05:00+00:00,products-service,1,657m,542.795593Mi
2026-09-21T12:10:00+00:00,orders-service,1,711m,553.053216Mi
2026-09-21T12:10:00+00:00,payments-service,1,472m,543.611136Mi
2026-09-21T12:10:00+00:00,products-service,1,657m,542.795593Mi
2026-09-21T12:15:00+00:00,orders-service,1,711m,553.053216Mi
2026-09-21T12:15:00+00:00,payments-service,1,472m,543.611136Mi
2026-09-21T12:15:00+00:00,products-service,1,631m,537.814465Mi
2026-09-21T12:20:00+00:00,orders-service,1,671m,551.098569Mi
2026-09-21T12:20:00+00:00,payments-service,1,454m,543.54493Mi
2026-09-21T12:20:00+00:00,products-service,1,631m,537.814465Mi
2026-09-21T12:25:00+00:00,orders-service,1,671m,551.098569Mi
2026-09-21T12:25:00+00:00,payments-service,1,454m,543.54493Mi
2026-09-21T12:25:00+00:00,products-service,1,631m,537.814465Mi
2026-09-21T12:30:00+00:00,orders-service,1,671m,551.098569Mi
2026-09-21T12:30:00+00:00,payments-service,1,454m,543.54493Mi
2026-09-21T12:30:00+00:00,products-service,1,631m,537.814465Mi
2026-09-21T12:35:00+00:00,orders-service,1,671m,551.098569Mi
2026-09-21T12:35:00+00:00,payments-service,1,454m,543.54493Mi
2026-09-21T12:35:00+00:00,products-service,1,631m,537.814465Mi
2026-09-21T12:40:00+00:00,orders-service,1,671m,551.098569Mi
2026-09-21T12:40:00+00:00,payments-service,1,458m,540.020621Mi
2026-09-21T12:40:00+00:00,products-service,1,631m,537.814465Mi
2026-09-21T12:45:00+00:00,orders-service,1,671m,551.098569Mi
2026-09-21T12:45:00+00:00,payments-service,1,458m,540.020621Mi
2026-09-21T12:45:00+00:00,products-service,1,631m,537.814465Mi
2026-09-21T12:50:00+00:00,orders-service,1,652m,548.071727Mi
2026-09-21T12:50:00+00:00,payments-service,1,458m,540.020621Mi
2026-09-21T12:50:00+00:00,products-service,1,596m,535.908989Mi
2026-09-21T12:55:00+00:00,orders-service,1,652m,548.071727Mi
2026-09-21T12:55:00+00:00,payments-service,1,458m,540.020621Mi
2026-09-21T12:55:00+00:00,products-service,1,596m,535.908989Mi
2026-09-21T13:00:00+00:00,orders-service,1,652m,548.071727Mi
2026-09-21T13:00:00+00:00,payments-service,1,451m,543.678671Mi
2026-09-21T13:00:00+00:00,products-service,1,596m,535.908989Mi
2026-09-21T13:05:00+00:00,orders-service,1,652m,548.071727Mi
2026-09-21T13:05:00+00:00,payments-service,1,451m,543.678671Mi
2026-09-21T13:05:00+00:00,products-service,1,596m,535.908989Mi
2026-09-21T13:10:00+00:00,orders-service,1,652m,548.071727Mi
2026-09-21T13:10:00+00:00,payments-service,1,451m,543.678671Mi
2026-09-21T13:10:00+00:00,products-service,1,596m,535.908989Mi
2026-09-21T13:15:00+00:00,orders-service,1,652m,548.071727Mi
2026-09-21T13:15:00+00:00,payments-service,1,451m,543.678671Mi
2026-09-21T13:15:00+00:00,products-service,1,594m,537.039414Mi
2026-09-21T13:20:00+00:00,orders-service,1,642m,551.106108Mi
2026-09-21T13:20:00+00:00,payments-service,1,451m,543.678671Mi
2026-09-21T13:20:00+00:00,products-service,1,594m,537.039414Mi
2026-09-21T13:25:00+00:00,orders-service,1,642m,551.106108Mi
2026-09-21T13:25:00+00:00,payments-service,1,451m,543.678671Mi
2026-09-21T13:25:00+00:00,products-service,1,594m,537.039414Mi
2026-09-21T13:30:00+00:00,orders-service,1,642m,551.106108Mi
2026-09-21T13:30:00+00:00,payments-service,1,451m,543.678671Mi
2026-09-21T13:30:00+00:00,products-service,1,571m,535.317755Mi
2026-09-21T13:35:00+00:00,orders-service,1,642m,551.106108Mi
2026-09-21T13:35:00+00:00,payments-service,1,451m,543.678671Mi
2026-09-21T13:35:00+00:00,products-service,1,571m,535.317755Mi
2026-09-21T13:40:00+00:00,orders-service,1,619m,549.148474Mi
2026-09-21T13:40:00+00:00,payments-service,1,451m,543.678671Mi
2026-09-21T13:40:00+00:00,products-service,1,571m,535.317755Mi
2026-09-21T13:45:00+00:00,orders-service,1,619m,549.148474Mi
2026-09-21T13:45:00+00:00,payments-service,1,451m,543.678671Mi
2026-09-21T13:45:00+00:00,products-service,1,559m,533.118545Mi
2026-09-21T13:50:00+00:00,orders-service,1,619m,549.148474Mi
2026-09-21T13:50:00+00:00,payments-service,1,434m,542.620931Mi
2026-09-21T13:50:00+00:00,products-service,1,559m,533.118545Mi
2026-09-21T13:55:00+00:00,orders-service,1,619m,549.148474Mi
2026-09-21T13:55:00+00:00,payments-service,1,434m,542.620931Mi
2026-09-21T13:55:00+00:00,products-service,1,559m,533.118545Mi
2026-09-21T14:00:00+00:00,orders-service,1,619m,549.148474Mi
2026-09-21T14:00:00+00:00,payments-service,1,434m,542.620931Mi
2026-09-21T14:00:00+00:00,products-service,1,549m,529.100323Mi
2026-09-21T14:05:00+00:00,orders-service,1,587m,544.472671Mi
2026-09-21T14:05:00+00:00,payments-service,1,434m,542.620931Mi
2026-09-21T14:05:00+00:00,products-service,1,549m,529.100323Mi
2026-09-21T14:10:00+00:00,orders-service,1,587m,544.472671Mi
2026-09-21T14:10:00+00:00,payments-service,1,434m,542.620931Mi
2026-09-21T14:10:00+00:00,products-service,1,549m,529.100323Mi
2026-09-21T14:15:00+00:00,orders-service,1,587m,544.472671Mi
2026-09-21T14:15:00+00:00,payments-service,1,434m,542.620931Mi
2026-09-21T14:15:00+00:00,products-service,1,549m,529.100323Mi
2026-09-21T14:20:00+00:00,orders-service,1,587m,544.472671Mi
2026-09-21T14:20:00+00:00,payments-service,1,426m,537.041292Mi
2026-09-21T14:20:00+00:00,products-service,1,549m,529.100323Mi
2026-09-21T14:25:00+00:00,orders-service,1,587m,544.472671Mi
2026-09-21T14:25:00+00:00,payments-service,1,426m,537.041292Mi
2026-09-21T14:25:00+00:00,products-service,1,532m,526.086602Mi
2026-09-21T14:30:00+00:00,orders-service,1,574m,547.685504Mi
2026-09-21T14:30:00+00:00,payments-service,1,426m,537.041292Mi
2026-09-21T14:30:00+00:00,products-service,1,532m,526.086602Mi
2026-09-21T14:35:00+00:00,orders-service,1,574m,547.685504Mi
2026-09-21T14:35:00+00:00,payments-service,1,426m,537.041292Mi
2026-09-21T14:35:00+00:00,products-service,1,532m,526.086602Mi
2026-09-21T14:40:00+00:00,orders-service,1,574m,547.685504Mi
2026-09-21T14:40:00+00:00,payments-service,1,415m,538.369154Mi
2026-09-21T14:40:00+00:00,products-service,1,509m,519.134568Mi
2026-09-21T14:45:00+00:00,orders-service,1,527m,536.094551Mi
2026-09-21T14:45:00+00:00,payments-service,1,415m,538.369154Mi
2026-09-21T14:45:00+00:00,products-service,1,509m,519.134568Mi
2026-09-21T14:50:00+00:00,orders-service,1,527m,536.094551Mi
2026-09-21T14:50:00+00:00,payments-service,1,415m,538.369154Mi
2026-09-21T14:50:00+00:00,products-service,1,509m,519.134568Mi
2026-09-21T14:55:00+00:00,orders-service,1,527m,536.094551Mi
2026-09-21T14:55:00+00:00,payments-service,1,415m,538.369154Mi
2026-09-21T14:55:00+00:00,products-service,1,509m,519.134568Mi
2026-09-21T15:00:00+00:00,orders-service,1,527m,536.094551Mi
2026-09-21T15:00:00+00:00,payments-service,1,415m,538.369154Mi
2026-09-21T15:00:00+00:00,products-service,1,509m,519.134568Mi
2026-09-21T15:05:00+00:00,orders-service,1,527m,536.094551Mi
2026-09-21T15:05:00+00:00,payments-service,1,498m,555.602263Mi
2026-09-21T15:05:00+00:00,products-service,2,611m,587.171991Mi
2026-09-21T15:10:00+00:00,orders-service,1,632m,603.08284Mi
2026-09-21T15:10:00+00:00,payments-service,1,498m,555.602263Mi
2026-09-21T15:10:00+00:00,products-service,2,611m,587.171991Mi
2026-09-21T15:15:00+00:00,orders-service,1,632m,603.08284Mi
2026-09-21T15:15:00+00:00,payments-service,1,498m,555.602263Mi
2026-09-21T15:15:00+00:00,products-service,2,611m,587.171991Mi
2026-09-21T15:20:00+00:00,orders-service,1,632m,603.08284Mi
2026-09-21T15:20:00+00:00,payments-service,1,498m,555.602263Mi
2026-09-21T15:20:00+00:00,products-service,2,733m,604.554014Mi
2026-09-21T15:25:00+00:00,orders-service,1,758m,621.588092Mi
2026-09-21T15:25:00+00:00,payments-service,1,498m,555.602263Mi
2026-09-21T15:25:00+00:00,products-service,2,733m,604.554014Mi
2026-09-21T15:30:00+00:00,orders-service,1,758m,621.588092Mi
2026-09-21T15:30:00+00:00,payments-service,1,598m,564.994018Mi
2026-09-21T15:30:00+00:00,products-service,2,733m,604.554014Mi
2026-09-21T15:35:00+00:00,orders-service,1,758m,621.588092Mi
2026-09-21T15:35:00+00:00,payments-service,1,598m,564.994018Mi
2026-09-21T15:35:00+00:00,products-service,2,880m,619.257018Mi
2026-09-21T15:40:00+00:00,orders-service,1,910m,636.529597Mi
2026-09-21T15:40:00+00:00,payments-service,1,598m,564.994018Mi
2026-09-21T15:40:00+00:00,products-service,2,880m,619.257018Mi
2026-09-21T15:45:00+00:00,orders-service,1,910m,636.529597Mi
2026-09-21T15:45:00+00:00,payments-service,1,718m,560.180871Mi
2026-09-21T15:45:00+00:00,products-service,2,880m,619.257018Mi
2026-09-21T15:50:00+00:00,orders-service,1,910m,636.529597Mi
2026-09-21T15:50:00+00:00,payments-service,1,718m,560.180871Mi
2026-09-21T15:50:00+00:00,products-service,2,1056m,617.100439Mi
2026-09-21T15:55:00+00:00,orders-service,1,910m,636.529597Mi
2026-09-21T15:55:00+00:00,payments-service,1,718m,560.180871Mi
2026-09-21T15:55:00+00:00,products-service,2,1056m,617.100439Mi
2026-09-21T16:00:00+00:00,orders-service,1,910m,636.529597Mi
2026-09-21T16:00:00+00:00,payments-service,1,862m,553.68552Mi
2026-09-21T16:00:00+00:00,products-service,2,1056m,617.100439Mi
2026-09-21T16:05:00+00:00,orders-service,1,910m,636.529597Mi
2026-09-21T16:05:00+00:00,payments-service,1,862m,553.68552Mi
2026-09-21T16:05:00+00:00,products-service,2,1142m,616.409597Mi
2026-09-21T16:10:00+00:00,orders-service,1,1092m,645.285081Mi
2026-09-21T16:10:00+00:00,payments-service,1,862m,553.68552Mi
2026-09-21T16:10:00+00:00,products-service,2,1142m,616.409597Mi
2026-09-21T16:15:00+00:00,orders-service,1,1092m,645.285081Mi
2026-09-21T16:15:00+00:00,payments-service,1,862m,553.68552Mi
2026-09-21T16:15:00+00:00,products-service,2,1142m,616.409597Mi
2026-09-21T16:20:00+00:00,orders-service,1,1092m,645.285081Mi
2026-09-21T16:20:00+00:00,payments-service,1,862m,553.68552Mi
2026-09-21T16:20:00+00:00,products-service,2,1142m,616.409597Mi
2026-09-21T16:25:00+00:00,orders-service,1,1310m,641.252777Mi
2026-09-21T16:25:00+00:00,payments-service,1,1017m,554.026405Mi
2026-09-21T16:25:00+00:00,products-service,2,1177m,618.083443Mi
2026-09-21T16:30:00+00:00,orders-service,1,1310m,641.252777Mi
2026-09-21T16:30:00+00:00,payments-service,1,1017m,554.026405Mi
2026-09-21T16:30:00+00:00,products-service,2,1177m,618.083443Mi
2026-09-21T16:35:00+00:00,orders-service,1,1310m,641.252777Mi
2026-09-21T16:35:00+00:00,payments-service,1,1017m,554.026405Mi
2026-09-21T16:35:00+00:00,products-service,2,1177m,618.083443Mi
2026-09-21T16:40:00+00:00,orders-service,1,1522m,626.604944Mi
2026-09-21T16:40:00+00:00,payments-service,1,1017m,554.026405Mi
2026-09-21T16:40:00+00:00,products-service,2,1191m,608.105435Mi
2026-09-21T16:45:00+00:00,orders-service,1,1522m,626.604944Mi
2026-09-21T16:45:00+00:00,payments-service,1,1002m,550.633035Mi
2026-09-21T16:45:00+00:00,products-service,2,1191m,608.105435Mi
2026-09-21T16:50:00+00:00,orders-service,1,1522m,626.604944Mi
2026-09-21T16:50:00+00:00,payments-service,1,1002m,550.633035Mi
2026-09-21T16:50:00+00:00,products-service,2,1191m,608.105435Mi
2026-09-21T16:55:00+00:00,orders-service,1,1614m,622.410276Mi
2026-09-21T16:55:00+00:00,payments-service,1,1002m,550.633035Mi
2026-09-21T16:55:00+00:00,products-service,2,1191m,608.105435Mi
2026-09-21T17:00:00+00:00,orders-service,1,1614m,622.410276Mi
2026-09-21T17:00:00+00:00,payments-service,1,1002m,550.633035Mi
2026-09-21T17:00:00+00:00,products-service,2,1191m,608.105435Mi
2026-09-21T17:05:00+00:00,orders-service,1,1614m,622.410276Mi
2026-09-21T17:05:00+00:00,payments-service,1,802m,545.525211Mi
2026-09-21T17:05:00+00:00,products-service,2,953m,550.442174Mi
2026-09-21T17:10:00+00:00,orders-service,1,1291m,569.569628Mi
2026-09-21T17:10:00+00:00,payments-service,1,802m,545.525211Mi
2026-09-21T17:10:00+00:00,products-service,2,953m,550.442174Mi
2026-09-21T17:15:00+00:00,orders-service,1,1291m,569.569628Mi
2026-09-21T17:15:00+00:00,payments-service,1,802m,545.525211Mi
2026-09-21T17:15:00+00:00,products-service,2,953m,550.442174Mi
2026-09-21T17:20:00+00:00,orders-service,1,1291m,569.569628Mi
2026-09-21T17:20:00+00:00,payments-service,1,642m,531.376906Mi
2026-09-21T17:20:00+00:00,products-service,2,762m,529.962942Mi
2026-09-21T17:25:00+00:00,orders-service,1,1033m,550.812934Mi
2026-09-21T17:25:00+00:00,payments-service,1,642m,531.376906Mi
2026-09-21T17:25:00+00:00,products-service,2,762m,529.962942Mi
2026-09-21T17:30:00+00:00,orders-service,1,1033m,550.812934Mi
2026-09-21T17:30:00+00:00,payments-service,1,642m,531.376906Mi
2026-09-21T17:30:00+00:00,products-service,2,762m,529.962942Mi
2026-09-21T17:35:00+00:00,orders-service,1,1033m,550.812934Mi
2026-09-21T17:35:00+00:00,payments-service,1,514m,531.632439Mi
2026-09-21T17:35:00+00:00,products-service,2,610m,519.185177Mi
2026-09-21T17:40:00+00:00,orders-service,1,826m,545.223965Mi
2026-09-21T17:40:00+00:00,payments-service,1,514m,531.632439Mi
2026-09-21T17:40:00+00:00,products-service,2,610m,519.185177Mi
2026-09-21T17:45:00+00:00,orders-service,1,826m,545.223965Mi
2026-09-21T17:45:00+00:00,payments-service,1,514m,531.632439Mi
2026-09-21T17:45:00+00:00,products-service,2,610m,519.185177Mi
2026-09-21T17:50:00+00:00,orders-service,1,826m,545.223965Mi
2026-09-21T17:50:00+00:00,payments-service,1,446m,523.725803Mi
2026-09-21T17:50:00+00:00,products-service,2,488m,516.730284Mi
2026-09-21T17:55:00+00:00,orders-service,1,661m,543.336864Mi
2026-09-21T17:55:00+00:00,payments-service,1,446m,523.725803Mi
2026-09-21T17:55:00+00:00,products-service,2,488m,516.730284Mi
2026-09-21T18:00:00+00:00,orders-service,1,661m,543.336864Mi
2026-09-21T18:00:00+00:00,payments-service,1,446m,523.725803Mi
2026-09-21T18:00:00+00:00,products-service,2,488m,516.730284Mi
2026-09-21T18:05:00+00:00,orders-service,1,661m,543.336864Mi
2026-09-21T18:05:00+00:00,payments-service,1,446m,523.725803Mi
2026-09-21T18:05:00+00:00,products-service,2,435m,513.892114Mi
2026-09-21T18:10:00+00:00,orders-service,1,529m,539.590703Mi
2026-09-21T18:10:00+00:00,payments-service,1,446m,523.725803Mi
2026-09-21T18:10:00+00:00,products-service,2,435m,513.892114Mi
2026-09-21T18:15:00+00:00,orders-service,1,529m,539.590703Mi
2026-09-21T18:15:00+00:00,payments-service,1,418m,525.003786Mi
2026-09-21T18:15:00+00:00,products-service,2,435m,513.892114Mi
2026-09-21T18:20:00+00:00,orders-service,1,529m,539.590703Mi
2026-09-21T18:20:00+00:00,payments-service,1,418m,525.003786Mi
2026-09-21T18:20:00+00:00,products-service,2,414m,512.756846Mi
2026-09-21T18:25:00+00:00,orders-service,1,452m,540.192604Mi
2026-09-21T18:25:00+00:00,payments-service,1,418m,525.003786Mi
2026-09-21T18:25:00+00:00,products-service,2,414m,512.756846Mi
2026-09-21T18:30:00+00:00,orders-service,1,452m,540.192604Mi
2026-09-21T18:30:00+00:00,payments-service,1,407m,525.079554Mi
2026-09-21T18:30:00+00:00,products-service,2,414m,512.756846Mi
2026-09-21T18:35:00+00:00,orders-service,1,452m,540.192604Mi
2026-09-21T18:35:00+00:00,payments-service,1,407m,525.079554Mi
2026-09-21T18:35:00+00:00,products-service,2,406m,512.302738Mi
2026-09-21T18:40:00+00:00,orders-service,1,424m,541.041531Mi
2026-09-21T18:40:00+00:00,payments-service,1,407m,525.079554Mi
2026-09-21T18:40:00+00:00,products-service,2,406m,512.302738Mi
2026-09-21T18:45:00+00:00,orders-service,1,424m,541.041531Mi
2026-09-21T18:45:00+00:00,payments-service,1,407m,525.079554Mi
2026-09-21T18:45:00+00:00,products-service,2,406m,512.302738Mi
2026-09-21T18:50:00+00:00,orders-service,1,424m,541.041531Mi
2026-09-21T18:50:00+00:00,payments-service,1,407m,525.079554Mi
2026-09-21T18:50:00+00:00,products-service,2,402m,512.121095Mi
2026-09-21T18:55:00+00:00,orders-service,1,424m,541.041531Mi
2026-09-21T18:55:00+00:00,payments-service,1,407m,525.079554Mi
2026-09-21T18:55:00+00:00,products-service,2,402m,512.121095Mi
2026-09-21T19:00:00+00:00,orders-service,1,413m,542.964671Mi
2026-09-21T19:00:00+00:00,payments-service,1,407m,525.079554Mi
2026-09-21T19:00:00+00:00,products-service,2,402m,512.121095Mi
2026-09-21T19:05:00+00:00,orders-service,1,413m,542.964671Mi
2026-09-21T19:05:00+00:00,payments-service,1,407m,525.079554Mi
2026-09-21T19:05:00+00:00,products-service,2,401m,512.048438Mi
2026-09-21T19:10:00+00:00,orders-service,1,413m,542.964671Mi
2026-09-21T19:10:00+00:00,payments-service,1,407m,525.079554Mi
2026-09-21T19:10:00+00:00,products-service,2,401m,512.048438Mi
2026-09-21T19:15:00+00:00,orders-service,1,405m,541.866288Mi
2026-09-21T19:15:00+00:00,payments-service,1,407m,525.079554Mi
2026-09-21T19:15:00+00:00,products-service,2,401m,512.048438Mi
2026-09-21T19:20:00+00:00,orders-service,1,405m,541.866288Mi
2026-09-21T19:20:00+00:00,payments-service,1,403m,527.540843Mi
2026-09-21T19:20:00+00:00,products-service,2,400m,512.019375Mi
2026-09-21T19:25:00+00:00,orders-service,1,405m,541.866288Mi
2026-09-21T19:25:00+00:00,payments-service,1,403m,527.540843Mi
2026-09-21T19:25:00+00:00,products-service,2,400m,512.019375Mi
2026-09-21T19:30:00+00:00,orders-service,1,405m,541.866288Mi
2026-09-21T19:30:00+00:00,payments-service,1,403m,527.540843Mi
2026-09-21T19:30:00+00:00,products-service,2,400m,512.019375Mi
2026-09-21T19:35:00+00:00,orders-service,1,402m,541.928241Mi
2026-09-21T19:35:00+00:00,payments-service,1,403m,527.540843Mi
2026-09-21T19:35:00+00:00,products-service,2,400m,512.019375Mi
2026-09-21T19:40:00+00:00,orders-service,1,402m,541.928241Mi
2026-09-21T19:40:00+00:00,payments-service,1,401m,527.193742Mi
2026-09-21T19:40:00+00:00,products-service,2,400m,512.019375Mi
2026-09-21T19:45:00+00:00,orders-service,1,402m,541.928241Mi
2026-09-21T19:45:00+00:00,payments-service,1,401m,527.193742Mi
2026-09-21T19:45:00+00:00,products-service,2,400m,512.00775Mi
2026-09-21T19:50:00+00:00,orders-service,1,402m,541.928241Mi
2026-09-21T19:50:00+00:00,payments-service,1,401m,527.193742Mi
2026-09-21T19:50:00+00:00,products-service,2,400m,512.00775Mi
2026-09-21T19:55:00+00:00,orders-service,1,402m,541.928241Mi
2026-09-21T19:55:00+00:00,payments-service,1,401m,527.193742Mi
2026-09-21T19:55:00+00:00,products-service,2,400m,512.00775Mi
2026-09-21T20:00:00+00:00,orders-service,1,402m,541.928241Mi
2026-09-21T20:00:00+00:00,payments-service,1,400m,526.251911Mi
2026-09-21T20:00:00+00:00,products-service,2,400m,512.0031Mi
2026-09-21T20:05:00+00:00,orders-service,1,402m,541.928241Mi
2026-09-21T20:05:00+00:00,payments-service,1,400m,526.251911Mi
2026-09-21T20:05:00+00:00,products-service,2,400m,512.0031Mi
2026-09-21T20:10:00+00:00,orders-service,1,402m,541.928241Mi
2026-09-21T20:10:00+00:00,payments-service,1,400m,526.251911Mi
2026-09-21T20:10:00+00:00,products-service,2,400m,512.0031Mi
2026-09-21T20:15:00+00:00,orders-service,1,402m,541.928241Mi
2026-09-21T20:15:00+00:00,payments-service,1,400m,526.251911Mi
2026-09-21T20:15:00+00:00,products-service,2,400m,512.0031Mi
2026-09-21T20:20:00+00:00,orders-service,1,401m,541.870661Mi
2026-09-21T20:20:00+00:00,payments-service,1,400m,520.925984Mi
2026-09-21T20:20:00+00:00,products-service,2,400m,512.0031Mi
2026-09-21T20:25:00+00:00,orders-service,1,401m,541.870661Mi
2026-09-21T20:25:00+00:00,payments-service,1,400m,520.925984Mi
2026-09-21T20:25:00+00:00,products-service,2,400m,514.914741Mi
2026-09-21T20:30:00+00:00,orders-service,1,401m,541.870661Mi
2026-09-21T20:30:00+00:00,payments-service,1,400m,520.925984Mi
2026-09-21T20:30:00+00:00,products-service,2,400m,514.914741Mi
2026-09-21T20:35:00+00:00,orders-service,1,401m,541.870661Mi
2026-09-21T20:35:00+00:00,payments-service,1,400m,527.063374Mi
2026-09-21T20:35:00+00:00,products-service,2,400m,514.914741Mi
2026-09-21T20:40:00+00:00,orders-service,1,401m,541.870661Mi
2026-09-21T20:40:00+00:00,payments-service,1,400m,527.063374Mi
2026-09-21T20:40:00+00:00,products-service,2,400m,513.165896Mi
2026-09-21T20:45:00+00:00,orders-service,1,401m,541.870661Mi
2026-09-21T20:45:00+00:00,payments-service,1,400m,527.063374Mi
2026-09-21T20:45:00+00:00,products-service,2,400m,513.165896Mi
2026-09-21T20:50:00+00:00,orders-service,1,401m,541.870661Mi
2026-09-21T20:50:00+00:00,payments-service,1,400m,531.084725Mi
2026-09-21T20:50:00+00:00,products-service,2,400m,513.165896Mi
2026-09-21T20:55:00+00:00,orders-service,1,404m,539.740562Mi
2026-09-21T20:55:00+00:00,payments-service,1,400m,531.084725Mi
2026-09-21T20:55:00+00:00,products-service,2,400m,513.165896Mi
2026-09-21T21:00:00+00:00,orders-service,1,404m,539.740562Mi
2026-09-21T21:00:00+00:00,payments-service,1,400m,531.084725Mi
2026-09-21T21:00:00+00:00,products-service,2,400m,513.165896Mi
2026-09-21T21:05:00+00:00,orders-service,1,404m,539.740562Mi
2026-09-21T21:05:00+00:00,payments-service,1,400m,524.7366Mi
2026-09-21T21:05:00+00:00,products-service,2,400m,512.466358Mi
2026-09-21T21:10:00+00:00,orders-service,1,404m,539.740562Mi
2026-09-21T21:10:00+00:00,payments-service,1,400m,524.7366Mi
2026-09-21T21:10:00+00:00,products-service,2,400m,512.466358Mi
2026-09-21T21:15:00+00:00,orders-service,1,404m,539.740562Mi
2026-09-21T21:15:00+00:00,payments-service,1,400m,524.7366Mi
2026-09-21T21:15:00+00:00,products-service,2,400m,512.466358Mi
2026-09-21T21:20:00+00:00,orders-service,1,404m,539.740562Mi
2026-09-21T21:20:00+00:00,payments-service,1,400m,527.655944Mi
2026-09-21T21:20:00+00:00,products-service,2,400m,512.466358Mi
2026-09-21T21:25:00+00:00,orders-service,1,404m,539.740562Mi
2026-09-21T21:25:00+00:00,payments-service,1,400m,527.655944Mi
2026-09-21T21:25:00+00:00,products-service,2,400m,512.186543Mi
2026-09-21T21:30:00+00:00,orders-service,1,402m,541.119589Mi
2026-09-21T21:30:00+00:00,payments-service,1,400m,527.655944Mi
2026-09-21T21:30:00+00:00,products-service,2,400m,512.186543Mi
2026-09-21T21:35:00+00:00,orders-service,1,402m,541.119589Mi
2026-09-21T21:35:00+00:00,payments-service,1,400m,532.470666Mi
2026-09-21T21:35:00+00:00,products-service,2,400m,512.186543Mi
2026-09-21T21:40:00+00:00,orders-service,1,402m,541.119589Mi
2026-09-21T21:40:00+00:00,payments-service,1,400m,532.470666Mi
2026-09-21T21:40:00+00:00,products-service,2,400m,512.186543Mi
2026-09-21T21:45:00+00:00,orders-service,1,402m,541.119589Mi
2026-09-21T21:45:00+00:00,payments-service,1,400m,532.470666Mi
2026-09-21T21:45:00+00:00,products-service,2,400m,512.074617Mi
2026-09-21T21:50:00+00:00,orders-service,1,402m,541.119589Mi
2026-09-21T21:50:00+00:00,payments-service,1,400m,528.098533Mi
2026-09-21T21:50:00+00:00,products-service,2,400m,512.074617Mi
2026-09-21T21:55:00+00:00,orders-service,1,410m,539.166024Mi
2026-09-21T21:55:00+00:00,payments-service,1,400m,528.098533Mi
2026-09-21T21:55:00+00:00,products-service,2,400m,512.074617Mi
2026-09-21T22:00:00+00:00,orders-service,1,410m,539.166024Mi
2026-09-21T22:00:00+00:00,payments-service,1,400m,528.098533Mi
2026-09-21T22:00:00+00:00,products-service,2,400m,512.074617Mi
2026-09-21T22:05:00+00:00,orders-service,1,410m,539.166024Mi
2026-09-21T22:05:00+00:00,payments-service,1,400m,524.708725Mi
2026-09-21T22:05:00+00:00,products-service,2,400m,512.074617Mi
2026-09-21T22:10:00+00:00,orders-service,1,410m,539.166024Mi
2026-09-21T22:10:00+00:00,payments-service,1,400m,524.708725Mi
2026-09-21T22:10:00+00:00,products-service,2,400m,512.074617Mi
2026-09-21T22:15:00+00:00,orders-service,1,424m,535.898795Mi
2026-09-21T22:15:00+00:00,payments-service,1,400m,524.708725Mi
2026-09-21T22:15:00+00:00,products-service,2,400m,512.074617Mi
2026-09-21T22:20:00+00:00,orders-service,1,424m,535.898795Mi
2026-09-21T22:20:00+00:00,payments-service,1,400m,524.708725Mi
2026-09-21T22:20:00+00:00,products-service,2,409m,512.029847Mi
2026-09-21T22:25:00+00:00,orders-service,1,424m,535.898795Mi
2026-09-21T22:25:00+00:00,payments-service,1,400m,524.708725Mi
2026-09-21T22:25:00+00:00,products-service,2,409m,512.029847Mi
2026-09-21T22:30:00+00:00,orders-service,1,413m,535.279757Mi
2026-09-21T22:30:00+00:00,payments-service,1,400m,532.041266Mi
2026-09-21T22:30:00+00:00,products-service,2,409m,512.029847Mi
2026-09-21T22:35:00+00:00,orders-service,1,413m,535.279757Mi
2026-09-21T22:35:00+00:00,payments-service,1,400m,532.041266Mi
2026-09-21T22:35:00+00:00,products-service,2,409m,512.029847Mi
2026-09-21T22:40:00+00:00,orders-service,1,413m,535.279757Mi
2026-09-21T22:40:00+00:00,payments-service,1,400m,532.041266Mi
2026-09-21T22:40:00+00:00,products-service,2,415m,512.011939Mi
2026-09-21T22:45:00+00:00,orders-service,1,420m,534.561781Mi
2026-09-21T22:45:00+00:00,payments-service,1,400m,532.041266Mi
2026-09-21T22:45:00+00:00,products-service,2,415m,512.011939Mi
2026-09-21T22:50:00+00:00,orders-service,1,420m,534.561781Mi
2026-09-21T22:50:00+00:00,payments-service,1,400m,532.041266Mi
2026-09-21T22:50:00+00:00,products-service,2,415m,512.011939Mi
2026-09-21T22:55:00+00:00,orders-service,1,420m,534.561781Mi
2026-09-21T22:55:00+00:00,payments-service,1,400m,532.041266Mi
2026-09-21T22:55:00+00:00,products-service,2,417m,512.004776Mi
2026-09-21T23:00:00+00:00,orders-service,1,420m,534.561781Mi
2026-09-21T23:00:00+00:00,payments-service,1,400m,532.041266Mi
2026-09-21T23:00:00+00:00,products-service,2,417m,512.004776Mi
2026-09-21T23:05:00+00:00,orders-service,1,448m,541.95678Mi
2026-09-21T23:05:00+00:00,payments-service,1,400m,528.012869Mi
2026-09-21T23:05:00+00:00,products-service,2,417m,512.004776Mi
2026-09-21T23:10:00+00:00,orders-service,1,448m,541.95678Mi
2026-09-21T23:10:00+00:00,payments-service,1,400m,528.012869Mi
2026-09-21T23:10:00+00:00,products-service,2,449m,514.599738Mi
2026-09-21T23:15:00+00:00,orders-service,1,448m,541.95678Mi
2026-09-21T23:15:00+00:00,payments-service,1,400m,528.012869Mi
2026-09-21T23:15:00+00:00,products-service,2,449m,514.599738Mi
2026-09-21T23:20:00+00:00,orders-service,1,448m,541.95678Mi
2026-09-21T23:20:00+00:00,payments-service,1,400m,528.012869Mi
2026-09-21T23:20:00+00:00,products-service,2,449m,514.599738Mi
2026-09-21T23:25:00+00:00,orders-service,1,468m,540.410349Mi
2026-09-21T23:25:00+00:00,payments-service,1,400m,528.012869Mi
2026-09-21T23:25:00+00:00,products-service,2,457m,513.264456Mi
2026-09-21T23:30:00+00:00,orders-service,1,468m,540.410349Mi
2026-09-21T23:30:00+00:00,payments-service,1,400m,528.012869Mi
2026-09-21T23:30:00+00:00,products-service,2,457m,513.264456Mi
2026-09-21T23:35:00+00:00,orders-service,1,468m,540.410349Mi
2026-09-21T23:35:00+00:00,payments-service,1,400m,528.012869Mi
2026-09-21T23:35:00+00:00,products-service,2,457m,513.264456Mi
2026-09-21T23:40:00+00:00,orders-service,1,468m,540.410349Mi
2026-09-21T23:40:00+00:00,payments-service,1,404m,529.266451Mi
2026-09-21T23:40:00+00:00,products-service,2,457m,513.264456Mi
2026-09-21T23:45:00+00:00,orders-service,1,468m,540.410349Mi
2026-09-21T23:45:00+00:00,payments-service,1,404m,529.266451Mi
2026-09-21T23:45:00+00:00,products-service,2,457m,513.264456Mi
2026-09-21T23:50:00+00:00,orders-service,1,476m,539.146659Mi
2026-09-21T23:50:00+00:00,payments-service,1,404m,529.266451Mi
2026-09-21T23:50:00+00:00,products-service,2,457m,513.264456Mi
2026-09-21T23:55:00+00:00,orders-service,1,476m,539.146659Mi
2026-09-21T23:55:00+00:00,payments-service,1,404m,529.266451Mi
2026-09-21T23:55:00+00:00,products-service,2,473m,519.050192Mi
2026-09-22T00:00:00+00:00,orders-service,1,476m,539.146659Mi
2026-09-22T00:00:00+00:00,payments-service,1,404m,529.266451Mi
2026-09-22T00:00:00+00:00,products-service,2,473m,519.050192Mi
2026-09-22T00:05:00+00:00,orders-service,1,472m,538.787851Mi
2026-09-22T00:05:00+00:00,payments-service,1,406m,530.224293Mi
2026-09-22T00:05:00+00:00,products-service,2,473m,519.050192Mi
2026-09-22T00:10:00+00:00,orders-service,1,472m,538.787851Mi
2026-09-22T00:10:00+00:00,payments-service,1,406m,530.224293Mi
2026-09-22T00:10:00+00:00,products-service,2,473m,519.050192Mi
2026-09-22T00:15:00+00:00,orders-service,1,472m,538.787851Mi
2026-09-22T00:15:00+00:00,payments-service,1,406m,530.224293Mi
2026-09-22T00:15:00+00:00,products-service,2,483m,520.946127Mi
2026-09-22T00:20:00+00:00,orders-service,1,492m,534.440006Mi
2026-09-22T00:20:00+00:00,payments-service,1,406m,530.224293Mi
2026-09-22T00:20:00+00:00,products-service,2,483m,520.946127Mi
2026-09-22T00:25:00+00:00,orders-service,1,492m,534.440006Mi
2026-09-22T00:25:00+00:00,payments-service,1,406m,530.224293Mi
2026-09-22T00:25:00+00:00,products-service,2,483m,520.946127Mi
2026-09-22T00:30:00+00:00,orders-service,1,492m,534.440006Mi
2026-09-22T00:30:00+00:00,payments-service,1,406m,530.224293Mi
2026-09-22T00:30:00+00:00,products-service,2,483m,520.946127Mi
2026-09-22T00:35:00+00:00,orders-service,1,517m,539.754823Mi
2026-09-22T00:35:00+00:00,payments-service,1,409m,537.138655Mi
2026-09-22T00:35:00+00:00,products-service,2,491m,517.632418Mi
2026-09-22T00:40:00+00:00,orders-service,1,517m,539.754823Mi
2026-09-22T00:40:00+00:00,payments-service,1,409m,537.138655Mi
2026-09-22T00:40:00+00:00,products-service,2,491m,517.632418Mi
2026-09-22T00:45:00+00:00,orders-service,1,517m,539.754823Mi
2026-09-22T00:45:00+00:00,payments-service,1,409m,537.138655Mi
2026-09-22T00:45:00+00:00,products-service,2,491m,517.632418Mi
2026-09-22T00:50:00+00:00,orders-service,1,517m,539.754823Mi
2026-09-22T00:50:00+00:00,payments-service,1,413m,539.957208Mi
2026-09-22T00:50:00+00:00,products-service,2,491m,517.632418Mi
2026-09-22T00:55:00+00:00,orders-service,1,548m,540.086316Mi
2026-09-22T00:55:00+00:00,payments-service,1,413m,539.957208Mi
2026-09-22T00:55:00+00:00,products-service,2,514m,525.380323Mi
2026-09-22T01:00:00+00:00,orders-service,1,548m,540.086316Mi
2026-09-22T01:00:00+00:00,payments-service,1,413m,539.957208Mi
2026-09-22T01:00:00+00:00,products-service,2,514m,525.380323Mi
2026-09-22T01:05:00+00:00,orders-service,1,548m,540.086316Mi
2026-09-22T01:05:00+00:00,payments-service,1,413m,539.957208Mi
2026-09-22T01:05:00+00:00,products-service,2,514m,525.380323Mi
2026-09-22T01:10:00+00:00,orders-service,1,573m,542.838823Mi
2026-09-22T01:10:00+00:00,payments-service,1,418m,544.949509Mi
2026-09-22T01:10:00+00:00,products-service,2,514m,525.380323Mi
2026-09-22T01:15:00+00:00,orders-service,1,573m,542.838823Mi
2026-09-22T01:15:00+00:00,payments-service,1,418m,544.949509Mi
2026-09-22T01:15:00+00:00,products-service,2,514m,525.380323Mi
2026-09-22T01:20:00+00:00,orders-service,1,573m,542.838823Mi
2026-09-22T01:20:00+00:00,payments-service,1,418m,544.949509Mi
2026-09-22T01:20:00+00:00,products-service,2,514m,525.380323Mi
2026-09-22T01:25:00+00:00,orders-service,1,584m,545.483076Mi
2026-09-22T01:25:00+00:00,payments-service,1,421m,542.771954Mi
2026-09-22T01:25:00+00:00,products-service,2,514m,525.380323Mi
2026-09-22T01:30:00+00:00,orders-service,1,584m,545.483076Mi
2026-09-22T01:30:00+00:00,payments-service,1,421m,542.771954Mi
2026-09-22T01:30:00+00:00,products-service,2,527m,525.421257Mi
2026-09-22T01:35:00+00:00,orders-service,1,584m,545.483076Mi
2026-09-22T01:35:00+00:00,payments-service,1,421m,542.771954Mi
2026-09-22T01:35:00+00:00,products-service,2,527m,525.421257Mi
2026-09-22T01:40:00+00:00,orders-service,1,584m,545.483076Mi
2026-09-22T01:40:00+00:00,payments-service,1,421m,542.771954Mi
2026-09-22T01:40:00+00:00,products-service,2,527m,525.421257Mi
2026-09-22T01:45:00+00:00,orders-service,1,617m,548.5018Mi
2026-09-22T01:45:00+00:00,payments-service,1,429m,538.125627Mi
2026-09-22T01:45:00+00:00,products-service,2,535m,527.871908Mi
2026-09-22T01:50:00+00:00,orders-service,1,617m,548.5018Mi
2026-09-22T01:50:00+00:00,payments-service,1,429m,538.125627Mi
2026-09-22T01:50:00+00:00,products-service,2,535m,527.871908Mi
2026-09-22T01:55:00+00:00,orders-service,1,617m,548.5018Mi
2026-09-22T01:55:00+00:00,payments-service,1,429m,538.125627Mi
2026-09-22T01:55:00+00:00,products-service,2,535m,527.871908Mi
2026-09-22T02:00:00+00:00,orders-service,1,603m,545.314428Mi
2026-09-22T02:00:00+00:00,payments-service,1,429m,538.125627Mi
2026-09-22T02:00:00+00:00,products-service,2,535m,527.871908Mi
2026-09-22T02:05:00+00:00,orders-service,1,603m,545.314428Mi
2026-09-22T02:05:00+00:00,payments-service,1,422m,543.810163Mi
2026-09-22T02:05:00+00:00,products-service,2,542m,528.439156Mi
2026-09-22T02:10:00+00:00,orders-service,1,603m,545.314428Mi
2026-09-22T02:10:00+00:00,payments-service,1,422m,543.810163Mi
2026-09-22T02:10:00+00:00,products-service,2,542m,528.439156Mi
2026-09-22T02:15:00+00:00,orders-service,1,603m,545.314428Mi
2026-09-22T02:15:00+00:00,payments-service,1,422m,543.810163Mi
2026-09-22T02:15:00+00:00,products-service,2,542m,528.439156Mi
2026-09-22T02:20:00+00:00,orders-service,1,606m,550.570742Mi
2026-09-22T02:20:00+00:00,payments-service,1,422m,543.810163Mi
2026-09-22T02:20:00+00:00,products-service,2,564m,531.095645Mi
2026-09-22T02:25:00+00:00,orders-service,1,606m,550.570742Mi
2026-09-22T02:25:00+00:00,payments-service,1,422m,543.810163Mi
2026-09-22T02:25:00+00:00,products-service,2,564m,531.095645Mi
2026-09-22T02:30:00+00:00,orders-service,1,606m,550.570742Mi
2026-09-22T02:30:00+00:00,payments-service,1,422m,543.810163Mi
2026-09-22T02:30:00+00:00,products-service,2,564m,531.095645Mi
2026-09-22T02:35:00+00:00,orders-service,1,606m,550.570742Mi
2026-09-22T02:35:00+00:00,payments-service,1,439m,542.835357Mi
2026-09-22T02:35:00+00:00,products-service,2,564m,531.095645Mi
2026-09-22T02:40:00+00:00,orders-service,1,641m,553.32223Mi
2026-09-22T02:40:00+00:00,payments-service,1,439m,542.835357Mi
2026-09-22T02:40:00+00:00,products-service,2,587m,537.324452Mi
2026-09-22T02:45:00+00:00,orders-service,1,641m,553.32223Mi
2026-09-22T02:45:00+00:00,payments-service,1,439m,542.835357Mi
2026-09-22T02:45:00+00:00,products-service,2,587m,537.324452Mi
2026-09-22T02:50:00+00:00,orders-service,1,641m,553.32223Mi
2026-09-22T02:50:00+00:00,payments-service,1,450m,541.269568Mi
2026-09-22T02:50:00+00:00,products-service,2,587m,537.324452Mi
2026-09-22T02:55:00+00:00,orders-service,1,658m,552.374717Mi
2026-09-22T02:55:00+00:00,payments-service,1,450m,541.269568Mi
2026-09-22T02:55:00+00:00,products-service,2,587m,537.324452Mi
2026-09-22T03:00:00+00:00,orders-service,1,658m,552.374717Mi
2026-09-22T03:00:00+00:00,payments-service,1,450m,541.269568Mi
2026-09-22T03:00:00+00:00,products-service,2,587m,537.324452Mi
2026-09-22T03:05:00+00:00,orders-service,1,658m,552.374717Mi
2026-09-22T03:05:00+00:00,payments-service,1,450m,541.269568Mi
2026-09-22T03:05:00+00:00,products-service,2,608m,534.41451Mi
2026-09-22T03:10:00+00:00,orders-service,1,658m,552.374717Mi
2026-09-22T03:10:00+00:00,payments-service,1,450m,541.269568Mi
2026-09-22T03:10:00+00:00,products-service,2,608m,534.41451Mi
2026-09-22T03:15:00+00:00,orders-service,1,658m,552.374717Mi
2026-09-22T03:15:00+00:00,payments-service,1,450m,541.269568Mi
2026-09-22T03:15:00+00:00,products-service,2,608m,534.41451Mi
2026-09-22T03:20:00+00:00,orders-service,1,658m,552.374717Mi
2026-09-22T03:20:00+00:00,payments-service,1,450m,541.269568Mi
2026-09-22T03:20:00+00:00,products-service,2,629m,538.527376Mi
2026-09-22T03:25:00+00:00,orders-service,1,658m,552.374717Mi
2026-09-22T03:25:00+00:00,payments-service,1,450m,541.269568Mi
2026-09-22T03:25:00+00:00,products-service,2,629m,538.527376Mi
2026-09-22T03:30:00+00:00,orders-service,1,658m,552.374717Mi
2026-09-22T03:30:00+00:00,payments-service,1,450m,541.269568Mi
2026-09-22T03:30:00+00:00,products-service,2,629m,538.527376Mi
2026-09-22T03:35:00+00:00,orders-service,1,702m,547.875985Mi
2026-09-22T03:35:00+00:00,payments-service,1,450m,541.269568Mi
2026-09-22T03:35:00+00:00,products-service,2,660m,538.481214Mi
2026-09-22T03:40:00+00:00,orders-service,1,702m,547.875985Mi
2026-09-22T03:40:00+00:00,payments-service,1,450m,541.269568Mi
2026-09-22T03:40:00+00:00,products-service,2,660m,538.481214Mi
2026-09-22T03:45:00+00:00,orders-service,1,702m,547.875985Mi
2026-09-22T03:45:00+00:00,payments-service,1,450m,541.269568Mi
2026-09-22T03:45:00+00:00,products-service,2,660m,538.481214Mi
2026-09-22T03:50:00+00:00,orders-service,1,702m,547.875985Mi
2026-09-22T03:50:00+00:00,payments-service,1,445m,546.616885Mi
2026-09-22T03:50:00+00:00,products-service,2,660m,538.481214Mi
2026-09-22T03:55:00+00:00,orders-service,1,728m,548.825126Mi
2026-09-22T03:55:00+00:00,payments-service,1,445m,546.616885Mi
2026-09-22T03:55:00+00:00,products-service,2,660m,538.481214Mi
2026-09-22T04:00:00+00:00,orders-service,1,728m,548.825126Mi
2026-09-22T04:00:00+00:00,payments-service,1,445m,546.616885Mi
2026-09-22T04:00:00+00:00,products-service,2,660m,538.481214Mi
2026-09-22T04:05:00+00:00,orders-service,1,728m,548.825126Mi
2026-09-22T04:05:00+00:00,payments-service,1,445m,546.616885Mi
2026-09-22T04:05:00+00:00,products-service,2,660m,538.481214Mi
2026-09-22T04:10:00+00:00,orders-service,1,728m,548.825126Mi
2026-09-22T04:10:00+00:00,payments-service,1,458m,545.483277Mi
2026-09-22T04:10:00+00:00,products-service,2,660m,538.481214Mi
2026-09-22T04:15:00+00:00,orders-service,1,736m,551.281821Mi
2026-09-22T04:15:00+00:00,payments-service,1,458m,545.483277Mi
2026-09-22T04:15:00+00:00,products-service,2,676m,540.616765Mi
2026-09-22T04:20:00+00:00,orders-service,1,736m,551.281821Mi
2026-09-22T04:20:00+00:00,payments-service,1,458m,545.483277Mi
2026-09-22T04:20:00+00:00,products-service,2,676m,540.616765Mi
2026-09-22T04:25:00+00:00,orders-service,1,736m,551.281821Mi
2026-09-22T04:25:00+00:00,payments-service,1,472m,543.324939Mi
2026-09-22T04:25:00+00:00,products-service,2,676m,540.616765Mi
2026-09-22T04:30:00+00:00,orders-service,1,789m,557.328427Mi
2026-09-22T04:30:00+00:00,payments-service,1,472m,543.324939Mi
2026-09-22T04:30:00+00:00,products-service,2,676m,540.616765Mi
2026-09-22T04:35:00+00:00,orders-service,1,789m,557.328427Mi
2026-09-22T04:35:00+00:00,payments-service,1,472m,543.324939Mi
2026-09-22T04:35:00+00:00,products-service,2,676m,540.616765Mi
2026-09-22T04:40:00+00:00,orders-service,1,789m,557.328427Mi
2026-09-22T04:40:00+00:00,payments-service,1,472m,543.324939Mi
2026-09-22T04:40:00+00:00,products-service,2,676m,540.616765Mi
2026-09-22T04:45:00+00:00,orders-service,1,789m,557.328427Mi
2026-09-22T04:45:00+00:00,payments-service,1,483m,543.903193Mi
2026-09-22T04:45:00+00:00,products-service,2,676m,540.616765Mi
2026-09-22T04:50:00+00:00,orders-service,1,749m,556.736486Mi
2026-09-22T04:50:00+00:00,payments-service,1,483m,543.903193Mi
2026-09-22T04:50:00+00:00,products-service,2,676m,540.616765Mi
2026-09-22T04:55:00+00:00,orders-service,1,749m,556.736486Mi
2026-09-22T04:55:00+00:00,payments-service,1,483m,543.903193Mi
2026-09-22T04:55:00+00:00,products-service,2,662m,540.333315Mi
2026-09-22T05:00:00+00:00,orders-service,1,749m,556.736486Mi
2026-09-22T05:00:00+00:00,payments-service,1,482m,543.704307Mi
2026-09-22T05:00:00+00:00,products-service,2,662m,540.333315Mi
2026-09-22T05:05:00+00:00,orders-service,1,749m,556.736486Mi
2026-09-22T05:05:00+00:00,payments-service,1,482m,543.704307Mi
2026-09-22T05:05:00+00:00,products-service,2,662m,540.333315Mi
2026-09-22T05:10:00+00:00,orders-service,1,749m,556.736486Mi
2026-09-22T05:10:00+00:00,payments-service,1,482m,543.704307Mi
2026-09-22T05:10:00+00:00,products-service,2,687m,543.678651Mi
2026-09-22T05:15:00+00:00,orders-service,1,763m,555.053395Mi
2026-09-22T05:15:00+00:00,payments-service,1,498m,542.240585Mi
2026-09-22T05:15:00+00:00,products-service,2,687m,543.678651Mi
2026-09-22T05:20:00+00:00,orders-service,1,763m,555.053395Mi
2026-09-22T05:20:00+00:00,payments-service,1,498m,542.240585Mi
2026-09-22T05:20:00+00:00,products-service,2,687m,543.678651Mi
2026-09-22T05:25:00+00:00,orders-service,1,763m,555.053395Mi
2026-09-22T05:25:00+00:00,payments-service,1,498m,542.240585Mi
2026-09-22T05:25:00+00:00,products-service,2,687m,543.678651Mi
2026-09-22T05:30:00+00:00,orders-service,1,800m,559.219893Mi
2026-09-22T05:30:00+00:00,payments-service,1,498m,542.240585Mi
2026-09-22T05:30:00+00:00,products-service,2,687m,543.678651Mi
2026-09-22T05:35:00+00:00,orders-service,1,800m,559.219893Mi
2026-09-22T05:35:00+00:00,payments-service,1,504m,542.958624Mi
2026-09-22T05:35:00+00:00,products-service,2,687m,543.678651Mi
2026-09-22T05:40:00+00:00,orders-service,1,800m,559.219893Mi
2026-09-22T05:40:00+00:00,payments-service,1,504m,542.958624Mi
2026-09-22T05:40:00+00:00,products-service,2,687m,543.678651Mi
2026-09-22T05:45:00+00:00,orders-service,1,795m,553.459625Mi
2026-09-22T05:45:00+00:00,payments-service,1,504m,542.958624Mi
2026-09-22T05:45:00+00:00,products-service,2,715m,542.277527Mi
2026-09-22T05:50:00+00:00,orders-service,1,795m,553.459625Mi
2026-09-22T05:50:00+00:00,payments-service,1,504m,542.958624Mi
2026-09-22T05:50:00+00:00,products-service,2,715m,542.277527Mi
2026-09-22T05:55:00+00:00,orders-service,1,795m,553.459625Mi
2026-09-22T05:55:00+00:00,payments-service,1,504m,542.958624Mi
2026-09-22T05:55:00+00:00,products-service,2,715m,542.277527Mi
2026-09-22T06:00:00+00:00,orders-service,1,849m,560.815466Mi
2026-09-22T06:00:00+00:00,payments-service,1,504m,542.958624Mi
2026-09-22T06:00:00+00:00,products-service,2,715m,542.277527Mi
2026-09-22T06:05:00+00:00,orders-service,1,849m,560.815466Mi
2026-09-22T06:05:00+00:00,payments-service,1,503m,545.499099Mi
2026-09-22T06:05:00+00:00,products-service,2,753m,543.830078Mi
2026-09-22T06:10:00+00:00,orders-service,1,849m,560.815466Mi
2026-09-22T06:10:00+00:00,payments-service,1,503m,545.499099Mi
2026-09-22T06:10:00+00:00,products-service,2,753m,543.830078Mi
2026-09-22T06:15:00+00:00,orders-service,1,826m,557.170144Mi
2026-09-22T06:15:00+00:00,payments-service,1,503m,545.499099Mi
2026-09-22T06:15:00+00:00,products-service,2,753m,543.830078Mi
2026-09-22T06:20:00+00:00,orders-service,1,826m,557.170144Mi
2026-09-22T06:20:00+00:00,payments-service,1,503m,545.499099Mi
2026-09-22T06:20:00+00:00,products-service,2,753m,543.830078Mi
2026-09-22T06:25:00+00:00,orders-service,1,826m,557.170144Mi
2026-09-22T06:25:00+00:00,payments-service,1,503m,545.499099Mi
2026-09-22T06:25:00+00:00,products-service,2,787m,546.850915Mi
2026-09-22T06:30:00+00:00,orders-service,1,826m,557.170144Mi
2026-09-22T06:30:00+00:00,payments-service,1,526m,548.160125Mi
2026-09-22T06:30:00+00:00,products-service,2,787m,546.850915Mi
2026-09-22T06:35:00+00:00,orders-service,1,842m,556.167325Mi
2026-09-22T06:35:00+00:00,payments-service,1,526m,548.160125Mi
2026-09-22T06:35:00+00:00,products-service,2,787m,546.850915Mi
2026-09-22T06:40:00+00:00,orders-service,1,842m,556.167325Mi
2026-09-22T06:40:00+00:00,payments-service,1,526m,548.160125Mi
2026-09-22T06:40:00+00:00,products-service,2,807m,548.074412Mi
2026-09-22T06:45:00+00:00,orders-service,1,842m,556.167325Mi
2026-09-22T06:45:00+00:00,payments-service,1,526m,548.160125Mi
2026-09-22T06:45:00+00:00,products-service,2,807m,548.074412Mi
2026-09-22T06:50:00+00:00,orders-service,1,842m,556.167325Mi
2026-09-22T06:50:00+00:00,payments-service,1,526m,548.160125Mi
2026-09-22T06:50:00+00:00,products-service,2,807m,548.074412Mi
2026-09-22T06:55:00+00:00,orders-service,1,842m,556.167325Mi
2026-09-22T06:55:00+00:00,payments-service,1,526m,548.160125Mi
2026-09-22T06:55:00+00:00,products-service,2,780m,546.412907Mi
2026-09-22T07:00:00+00:00,orders-service,1,842m,556.167325Mi
2026-09-22T07:00:00+00:00,payments-service,1,526m,548.160125Mi
2026-09-22T07:00:00+00:00,products-service,2,780m,546.412907Mi
2026-09-22T07:05:00+00:00,orders-service,1,842m,556.167325Mi
2026-09-22T07:05:00+00:00,payments-service,1,526m,548.160125Mi
2026-09-22T07:05:00+00:00,products-service,2,780m,546.412907Mi
2026-09-22T07:10:00+00:00,orders-service,1,842m,556.167325Mi
2026-09-22T07:10:00+00:00,payments-service,1,526m,548.160125Mi
2026-09-22T07:10:00+00:00,products-service,2,780m,546.412907Mi
2026-09-22T07:15:00+00:00,orders-service,1,842m,556.167325Mi
2026-09-22T07:15:00+00:00,payments-service,1,526m,548.160125Mi
2026-09-22T07:15:00+00:00,products-service,2,780m,546.412907Mi
2026-09-22T07:20:00+00:00,orders-service,1,842m,556.167325Mi
2026-09-22T07:20:00+00:00,payments-service,1,515m,548.670019Mi
2026-09-22T07:20:00+00:00,products-service,2,828m,546.361525Mi
2026-09-22T07:25:00+00:00,orders-service,1,870m,559.60006Mi
2026-09-22T07:25:00+00:00,payments-service,1,515m,548.670019Mi
2026-09-22T07:25:00+00:00,products-service,2,828m,546.361525Mi
2026-09-22T07:30:00+00:00,orders-service,1,870m,559.60006Mi
2026-09-22T07:30:00+00:00,payments-service,1,515m,548.670019Mi
2026-09-22T07:30:00+00:00,products-service,2,828m,546.361525Mi
2026-09-22T07:35:00+00:00,orders-service,1,870m,559.60006Mi
2026-09-22T07:35:00+00:00,payments-service,1,529m,549.065029Mi
2026-09-22T07:35:00+00:00,products-service,2,828m,546.361525Mi
2026-09-22T07:40:00+00:00,orders-service,1,908m,563.165769Mi
2026-09-22T07:40:00+00:00,payments-service,1,529m,549.065029Mi
2026-09-22T07:40:00+00:00,products-service,2,828m,546.361525Mi
2026-09-22T07:45:00+00:00,orders-service,1,908m,563.165769Mi
2026-09-22T07:45:00+00:00,payments-service,1,529m,549.065029Mi
2026-09-22T07:45:00+00:00,products-service,2,828m,546.361525Mi
2026-09-22T07:50:00+00:00,orders-service,1,908m,563.165769Mi
2026-09-22T07:50:00+00:00,payments-service,1,529m,549.065029Mi
2026-09-22T07:50:00+00:00,products-service,2,828m,546.361525Mi
2026-09-22T07:55:00+00:00,orders-service,1,908m,563.165769Mi
2026-09-22T07:55:00+00:00,payments-service,1,529m,549.065029Mi
2026-09-22T07:55:00+00:00,products-service,2,828m,546.361525Mi
2026-09-22T08:00:00+00:00,orders-service,1,908m,563.165769Mi
2026-09-22T08:00:00+00:00,payments-service,1,529m,549.065029Mi
2026-09-22T08:00:00+00:00,products-service,2,828m,546.361525Mi
2026-09-22T08:05:00+00:00,orders-service,1,908m,563.165769Mi
2026-09-22T08:05:00+00:00,payments-service,1,529m,549.065029Mi
2026-09-22T08:05:00+00:00,products-service,2,828m,546.361525Mi
2026-09-22T08:10:00+00:00,orders-service,1,908m,563.165769Mi
2026-09-22T08:10:00+00:00,payments-service,1,529m,549.065029Mi
2026-09-22T08:10:00+00:00,products-service,2,839m,548.986407Mi
2026-09-22T08:15:00+00:00,orders-service,1,908m,563.165769Mi
2026-09-22T08:15:00+00:00,payments-service,1,509m,545.685655Mi
2026-09-22T08:15:00+00:00,products-service,2,839m,548.986407Mi
2026-09-22T08:20:00+00:00,orders-service,1,853m,557.491442Mi
2026-09-22T08:20:00+00:00,payments-service,1,509m,545.685655Mi
2026-09-22T08:20:00+00:00,products-service,2,839m,548.986407Mi
2026-09-22T08:25:00+00:00,orders-service,1,853m,557.491442Mi
2026-09-22T08:25:00+00:00,payments-service,1,509m,545.685655Mi
2026-09-22T08:25:00+00:00,products-service,2,793m,547.182404Mi
2026-09-22T08:30:00+00:00,orders-service,1,853m,557.491442Mi
2026-09-22T08:30:00+00:00,payments-service,1,509m,545.685655Mi
2026-09-22T08:30:00+00:00,products-service,2,793m,547.182404Mi
2026-09-22T08:35:00+00:00,orders-service,1,853m,557.491442Mi
2026-09-22T08:35:00+00:00,payments-service,1,509m,545.685655Mi
2026-09-22T08:35:00+00:00,products-service,2,793m,547.182404Mi
2026-09-22T08:40:00+00:00,orders-service,1,853m,557.491442Mi
2026-09-22T08:40:00+00:00,payments-service,1,522m,547.266449Mi
2026-09-22T08:40:00+00:00,products-service,2,793m,547.182404Mi
2026-09-22T08:45:00+00:00,orders-service,1,853m,557.491442Mi
2026-09-22T08:45:00+00:00,payments-service,1,522m,547.266449Mi
2026-09-22T08:45:00+00:00,products-service,2,793m,547.182404Mi
2026-09-22T08:50:00+00:00,orders-service,1,853m,557.491442Mi
2026-09-22T08:50:00+00:00,payments-service,1,522m,547.266449Mi
2026-09-22T08:50:00+00:00,products-service,2,793m,547.182404Mi
2026-09-22T08:55:00+00:00,orders-service,1,817m,556.597163Mi
2026-09-22T08:55:00+00:00,payments-service,1,499m,544.246289Mi
2026-09-22T08:55:00+00:00,products-service,2,793m,547.182404Mi
2026-09-22T09:00:00+00:00,orders-service,1,817m,556.597163Mi
2026-09-22T09:00:00+00:00,payments-service,1,499m,544.246289Mi
2026-09-22T09:00:00+00:00,products-service,2,793m,547.182404Mi
2026-09-22T09:05:00+00:00,orders-service,1,817m,556.597163Mi
2026-09-22T09:05:00+00:00,payments-service,1,499m,544.246289Mi
2026-09-22T09:05:00+00:00,products-service,2,793m,547.182404Mi
2026-09-22T09:10:00+00:00,orders-service,1,817m,556.597163Mi
2026-09-22T09:10:00+00:00,payments-service,1,499m,544.246289Mi
2026-09-22T09:10:00+00:00,products-service,2,793m,547.182404Mi
2026-09-22T09:15:00+00:00,orders-service,1,881m,562.005003Mi
2026-09-22T09:15:00+00:00,payments-service,1,537m,546.360198Mi
2026-09-22T09:15:00+00:00,products-service,2,818m,547.60675Mi
2026-09-22T09:20:00+00:00,orders-service,1,881m,562.005003Mi
2026-09-22T09:20:00+00:00,payments-service,1,537m,546.360198Mi
2026-09-22T09:20:00+00:00,products-service,2,818m,547.60675Mi
2026-09-22T09:25:00+00:00,orders-service,1,881m,562.005003Mi
2026-09-22T09:25:00+00:00,payments-service,1,537m,546.360198Mi
2026-09-22T09:25:00+00:00,products-service,2,818m,547.60675Mi
2026-09-22T09:30:00+00:00,orders-service,1,881m,562.005003Mi
2026-09-22T09:30:00+00:00,payments-service,1,537m,546.360198Mi
2026-09-22T09:30:00+00:00,products-service,2,809m,549.834741Mi
2026-09-22T09:35:00+00:00,orders-service,1,849m,557.409973Mi
2026-09-22T09:35:00+00:00,payments-service,1,520m,548.34823Mi
2026-09-22T09:35:00+00:00,products-service,2,809m,549.834741Mi
2026-09-22T09:40:00+00:00,orders-service,1,849m,557.409973Mi
2026-09-22T09:40:00+00:00,payments-service,1,520m,548.34823Mi
2026-09-22T09:40:00+00:00,products-service,2,809m,549.834741Mi
2026-09-22T09:45:00+00:00,orders-service,1,849m,557.409973Mi
2026-09-22T09:45:00+00:00,payments-service,1,520m,548.34823Mi
2026-09-22T09:45:00+00:00,products-service,2,809m,549.834741Mi
2026-09-22T09:50:00+00:00,orders-service,1,849m,557.409973Mi
2026-09-22T09:50:00+00:00,payments-service,1,512m,547.678452Mi
2026-09-22T09:50:00+00:00,products-service,2,789m,548.677244Mi
2026-09-22T09:55:00+00:00,orders-service,1,849m,557.409973Mi
2026-09-22T09:55:00+00:00,payments-service,1,512m,547.678452Mi
2026-09-22T09:55:00+00:00,products-service,2,789m,548.677244Mi
2026-09-22T10:00:00+00:00,orders-service,1,830m,558.243176Mi
2026-09-22T10:00:00+00:00,payments-service,1,512m,547.678452Mi
2026-09-22T10:00:00+00:00,products-service,2,789m,548.677244Mi
2026-09-22T10:05:00+00:00,orders-service,1,830m,558.243176Mi
2026-09-22T10:05:00+00:00,payments-service,1,512m,547.678452Mi
2026-09-22T10:05:00+00:00,products-service,2,779m,546.492394Mi
2026-09-22T10:10:00+00:00,orders-service,1,830m,558.243176Mi
2026-09-22T10:10:00+00:00,payments-service,1,512m,547.678452Mi
2026-09-22T10:10:00+00:00,products-service,2,779m,546.492394Mi
2026-09-22T10:15:00+00:00,orders-service,1,823m,557.799614Mi
2026-09-22T10:15:00+00:00,payments-service,1,512m,547.678452Mi
2026-09-22T10:15:00+00:00,products-service,2,779m,546.492394Mi
2026-09-22T10:20:00+00:00,orders-service,1,823m,557.799614Mi
2026-09-22T10:20:00+00:00,payments-service,1,512m,547.678452Mi
2026-09-22T10:20:00+00:00,products-service,2,779m,546.492394Mi
2026-09-22T10:25:00+00:00,orders-service,1,823m,557.799614Mi
2026-09-22T10:25:00+00:00,payments-service,1,500m,545.046137Mi
2026-09-22T10:25:00+00:00,products-service,2,779m,546.492394Mi
2026-09-22T10:30:00+00:00,orders-service,1,777m,555.576462Mi
2026-09-22T10:30:00+00:00,payments-service,1,500m,545.046137Mi
2026-09-22T10:30:00+00:00,products-service,2,730m,539.877255Mi
2026-09-22T10:35:00+00:00,orders-service,1,777m,555.576462Mi
2026-09-22T10:35:00+00:00,payments-service,1,500m,545.046137Mi
2026-09-22T10:35:00+00:00,products-service,2,730m,539.877255Mi
2026-09-22T10:40:00+00:00,orders-service,1,777m,555.576462Mi
2026-09-22T10:40:00+00:00,payments-service,1,478m,543.956077Mi
2026-09-22T10:40:00+00:00,products-service,2,730m,539.877255Mi
2026-09-22T10:45:00+00:00,orders-service,1,777m,555.576462Mi
2026-09-22T10:45:00+00:00,payments-service,1,478m,543.956077Mi
2026-09-22T10:45:00+00:00,products-service,2,720m,540.578881Mi
2026-09-22T10:50:00+00:00,orders-service,1,777m,555.576462Mi
2026-09-22T10:50:00+00:00,payments-service,1,478m,543.956077Mi
2026-09-22T10:50:00+00:00,products-service,2,720m,540.578881Mi
2026-09-22T10:55:00+00:00,orders-service,1,779m,553.84477Mi
2026-09-22T10:55:00+00:00,payments-service,1,478m,543.956077Mi
2026-09-22T10:55:00+00:00,products-service,2,720m,540.578881Mi
2026-09-22T11:00:00+00:00,orders-service,1,779m,553.84477Mi
2026-09-22T11:00:00+00:00,payments-service,1,478m,543.956077Mi
2026-09-22T11:00:00+00:00,products-service,2,720m,540.578881Mi
2026-09-22T11:05:00+00:00,orders-service,1,779m,553.84477Mi
2026-09-22T11:05:00+00:00,payments-service,1,473m,541.004074Mi
2026-09-22T11:05:00+00:00,products-service,2,720m,540.578881Mi
2026-09-22T11:10:00+00:00,orders-service,1,779m,553.84477Mi
2026-09-22T11:10:00+00:00,payments-service,1,473m,541.004074Mi
2026-09-22T11:10:00+00:00,products-service,2,720m,540.578881Mi
2026-09-22T11:15:00+00:00,orders-service,1,779m,553.84477Mi
2026-09-22T11:15:00+00:00,payments-service,1,473m,541.004074Mi
2026-09-22T11:15:00+00:00,products-service,2,720m,540.578881Mi
2026-09-22T11:20:00+00:00,orders-service,1,779m,553.84477Mi
2026-09-22T11:20:00+00:00,payments-service,1,473m,541.004074Mi
2026-09-22T11:20:00+00:00,products-service,2,718m,541.671933Mi
2026-09-22T11:25:00+00:00,orders-service,1,779m,553.84477Mi
2026-09-22T11:25:00+00:00,payments-service,1,493m,542.265423Mi
2026-09-22T11:25:00+00:00,products-service,2,718m,541.671933Mi
2026-09-22T11:30:00+00:00,orders-service,1,750m,552.536712Mi
2026-09-22T11:30:00+00:00,payments-service,1,493m,542.265423Mi
2026-09-22T11:30:00+00:00,products-service,2,718m,541.671933Mi
2026-09-22T11:35:00+00:00,orders-service,1,750m,552.536712Mi
2026-09-22T11:35:00+00:00,payments-service,1,493m,542.265423Mi
2026-09-22T11:35:00+00:00,products-service,2,718m,541.671933Mi
2026-09-22T11:40:00+00:00,orders-service,1,750m,552.536712Mi
2026-09-22T11:40:00+00:00,payments-service,1,460m,538.251653Mi
2026-09-22T11:40:00+00:00,products-service,2,689m,538.925756Mi
2026-09-22T11:45:00+00:00,orders-service,1,750m,552.536712Mi
2026-09-22T11:45:00+00:00,payments-service,1,460m,538.251653Mi
2026-09-22T11:45:00+00:00,products-service,2,689m,538.925756Mi
2026-09-22T11:50:00+00:00,orders-service,1,719m,551.341931Mi
2026-09-22T11:50:00+00:00,payments-service,1,460m,538.251653Mi
2026-09-22T11:50:00+00:00,products-service,2,689m,538.925756Mi
2026-09-22T11:55:00+00:00,orders-service,1,719m,551.341931Mi
2026-09-22T11:55:00+00:00,payments-service,1,446m,542.148903Mi
2026-09-22T11:55:00+00:00,products-service,2,674m,533.739748Mi
2026-09-22T12:00:00+00:00,orders-service,1,719m,551.341931Mi
2026-09-22T12:00:00+00:00,payments-service,1,446m,542.148903Mi
2026-09-22T12:00:00+00:00,products-service,2,674m,533.739748Mi
2026-09-22T12:05:00+00:00,orders-service,1,709m,548.841252Mi
2026-09-22T12:05:00+00:00,payments-service,1,446m,542.148903Mi
2026-09-22T12:05:00+00:00,products-service,2,674m,533.739748Mi
2026-09-22T12:10:00+00:00,orders-service,1,709m,548.841252Mi
2026-09-22T12:10:00+00:00,payments-service,1,446m,542.148903Mi
2026-09-22T12:10:00+00:00,products-service,2,656m,540.09336Mi
2026-09-22T12:15:00+00:00,orders-service,1,709m,548.841252Mi
2026-09-22T12:15:00+00:00,payments-service,1,446m,542.148903Mi
2026-09-22T12:15:00+00:00,products-service,2,656m,540.09336Mi
2026-09-22T12:20:00+00:00,orders-service,1,692m,549.707119Mi
2026-09-22T12:20:00+00:00,payments-service,1,446m,542.148903Mi
2026-09-22T12:20:00+00:00,products-service,2,656m,540.09336Mi
2026-09-22T12:25:00+00:00,orders-service,1,692m,549.707119Mi
2026-09-22T12:25:00+00:00,payments-service,1,444m,545.084683Mi
2026-09-22T12:25:00+00:00,products-service,2,656m,540.09336Mi
2026-09-22T12:30:00+00:00,orders-service,1,692m,549.707119Mi
2026-09-22T12:30:00+00:00,payments-service,1,444m,545.084683Mi
2026-09-22T12:30:00+00:00,products-service,2,656m,540.09336Mi
2026-09-22T12:35:00+00:00,orders-service,1,680m,548.214464Mi
2026-09-22T12:35:00+00:00,payments-service,1,444m,545.084683Mi
2026-09-22T12:35:00+00:00,products-service,2,642m,539.49418Mi
2026-09-22T12:40:00+00:00,orders-service,1,680m,548.214464Mi
2026-09-22T12:40:00+00:00,payments-service,1,444m,545.084683Mi
2026-09-22T12:40:00+00:00,products-service,2,642m,539.49418Mi
2026-09-22T12:45:00+00:00,orders-service,1,680m,548.214464Mi
2026-09-22T12:45:00+00:00,payments-service,1,444m,545.084683Mi
2026-09-22T12:45:00+00:00,products-service,2,642m,539.49418Mi
2026-09-22T12:50:00+00:00,orders-service,1,680m,548.214464Mi
2026-09-22T12:50:00+00:00,payments-service,1,444m,545.084683Mi
2026-09-22T12:50:00+00:00,products-service,2,627m,538.067289Mi
2026-09-22T12:55:00+00:00,orders-service,1,680m,548.214464Mi
2026-09-22T12:55:00+00:00,payments-service,1,440m,534.138146Mi
2026-09-22T12:55:00+00:00,products-service,2,627m,538.067289Mi
2026-09-22T13:00:00+00:00,orders-service,1,659m,549.563007Mi
2026-09-22T13:00:00+00:00,payments-service,1,440m,534.138146Mi
2026-09-22T13:00:00+00:00,products-service,2,627m,538.067289Mi
2026-09-22T13:05:00+00:00,orders-service,1,659m,549.563007Mi
2026-09-22T13:05:00+00:00,payments-service,1,440m,534.138146Mi
2026-09-22T13:05:00+00:00,products-service,2,598m,533.82296Mi
2026-09-22T13:10:00+00:00,orders-service,1,659m,549.563007Mi
2026-09-22T13:10:00+00:00,payments-service,1,436m,536.189646Mi
2026-09-22T13:10:00+00:00,products-service,2,598m,533.82296Mi
2026-09-22T13:15:00+00:00,orders-service,1,619m,549.321479Mi
2026-09-22T13:15:00+00:00,payments-service,1,436m,536.189646Mi
2026-09-22T13:15:00+00:00,products-service,2,598m,533.82296Mi
2026-09-22T13:20:00+00:00,orders-service,1,619m,549.321479Mi
2026-09-22T13:20:00+00:00,payments-service,1,436m,536.189646Mi
2026-09-22T13:20:00+00:00,products-service,2,567m,530.345407Mi
2026-09-22T13:25:00+00:00,orders-service,1,619m,549.321479Mi
2026-09-22T13:25:00+00:00,payments-service,1,431m,543.15131Mi
2026-09-22T13:25:00+00:00,products-service,2,567m,530.345407Mi
2026-09-22T13:30:00+00:00,orders-service,1,619m,549.321479Mi
2026-09-22T13:30:00+00:00,payments-service,1,431m,543.15131Mi
2026-09-22T13:30:00+00:00,products-service,2,567m,530.345407Mi
2026-09-22T13:35:00+00:00,orders-service,1,619m,549.321479Mi
2026-09-22T13:35:00+00:00,payments-service,1,431m,543.15131Mi
2026-09-22T13:35:00+00:00,products-service,2,567m,530.345407Mi
2026-09-22T13:40:00+00:00,orders-service,1,619m,549.321479Mi
2026-09-22T13:40:00+00:00,payments-service,1,428m,545.835561Mi
2026-09-22T13:40:00+00:00,products-service,2,567m,530.345407Mi
2026-09-22T13:45:00+00:00,orders-service,1,599m,546.538492Mi
2026-09-22T13:45:00+00:00,payments-service,1,428m,545.835561Mi
2026-09-22T13:45:00+00:00,products-service,2,567m,530.345407Mi
2026-09-22T13:50:00+00:00,orders-service,1,599m,546.538492Mi
2026-09-22T13:50:00+00:00,payments-service,1,428m,545.835561Mi
2026-09-22T13:50:00+00:00,products-service,2,567m,530.345407Mi
2026-09-22T13:55:00+00:00,orders-service,1,599m,546.538492Mi
2026-09-22T13:55:00+00:00,payments-service,1,428m,545.835561Mi
2026-09-22T13:55:00+00:00,products-service,2,567m,530.345407Mi
2026-09-22T14:00:00+00:00,orders-service,1,599m,546.538492Mi
2026-09-22T14:00:00+00:00,payments-service,1,428m,545.835561Mi
2026-09-22T14:00:00+00:00,products-service,2,567m,530.345407Mi
2026-09-22T14:05:00+00:00,orders-service,1,599m,546.538492Mi
2026-09-22T14:05:00+00:00,payments-service,1,428m,545.835561Mi
2026-09-22T14:05:00+00:00,products-service,2,567m,530.345407Mi
2026-09-22T14:10:00+00:00,orders-service,1,599m,546.538492Mi
2026-09-22T14:10:00+00:00,payments-service,1,425m,544.440706Mi
2026-09-22T14:10:00+00:00,products-service,2,534m,528.11807Mi
2026-09-22T14:15:00+00:00,orders-service,1,599m,546.538492Mi
2026-09-22T14:15:00+00:00,payments-service,1,425m,544.440706Mi
2026-09-22T14:15:00+00:00,products-service,2,534m,528.11807Mi
2026-09-22T14:20:00+00:00,orders-service,1,559m,545.945097Mi
2026-09-22T14:20:00+00:00,payments-service,1,425m,544.440706Mi
2026-09-22T14:20:00+00:00,products-service,2,534m,528.11807Mi
2026-09-22T14:25:00+00:00,orders-service,1,559m,545.945097Mi
2026-09-22T14:25:00+00:00,payments-service,1,425m,544.440706Mi
2026-09-22T14:25:00+00:00,products-service,2,534m,528.11807Mi
2026-09-22T14:30:00+00:00,orders-service,1,559m,545.945097Mi
2026-09-22T14:30:00+00:00,payments-service,1,425m,544.440706Mi
2026-09-22T14:30:00+00:00,products-service,2,534m,528.11807Mi
2026-09-22T14:35:00+00:00,orders-service,1,550m,541.553258Mi
2026-09-22T14:35:00+00:00,payments-service,1,425m,544.440706Mi
2026-09-22T14:35:00+00:00,products-service,2,520m,525.079272Mi
2026-09-22T14:40:00+00:00,orders-service,1,550m,541.553258Mi
2026-09-22T14:40:00+00:00,payments-service,1,417m,537.836439Mi
2026-09-22T14:40:00+00:00,products-service,2,520m,525.079272Mi
2026-09-22T14:45:00+00:00,orders-service,1,550m,541.553258Mi
2026-09-22T14:45:00+00:00,payments-service,1,417m,537.836439Mi
2026-09-22T14:45:00+00:00,products-service,2,520m,525.079272Mi
2026-09-22T14:50:00+00:00,orders-service,1,531m,537.191775Mi
2026-09-22T14:50:00+00:00,payments-service,1,417m,537.836439Mi
2026-09-22T14:50:00+00:00,products-service,2,510m,521.149946Mi
2026-09-22T14:55:00+00:00,orders-service,1,531m,537.191775Mi
2026-09-22T14:55:00+00:00,payments-service,1,417m,537.836439Mi
2026-09-22T14:55:00+00:00,products-service,2,510m,521.149946Mi
2026-09-22T15:00:00+00:00,orders-service,1,531m,537.191775Mi
2026-09-22T15:00:00+00:00,payments-service,1,417m,537.836439Mi
2026-09-22T15:00:00+00:00,products-service,2,510m,521.149946Mi
2026-09-22T15:05:00+00:00,orders-service,1,637m,603.263954Mi
2026-09-22T15:05:00+00:00,payments-service,1,500m,559.564678Mi
2026-09-22T15:05:00+00:00,products-service,2,612m,588.21314Mi
2026-09-22T15:10:00+00:00,orders-service,1,637m,603.263954Mi
2026-09-22T15:10:00+00:00,payments-service,1,500m,559.564678Mi
2026-09-22T15:10:00+00:00,products-service,2,612m,588.21314Mi
2026-09-22T15:15:00+00:00,orders-service,1,637m,603.263954Mi
2026-09-22T15:15:00+00:00,payments-service,1,500m,559.564678Mi
2026-09-22T15:15:00+00:00,products-service,2,612m,588.21314Mi
2026-09-22T15:20:00+00:00,orders-service,1,764m,623.954483Mi
2026-09-22T15:20:00+00:00,payments-service,1,600m,559.750359Mi
2026-09-22T15:20:00+00:00,products-service,2,734m,606.749526Mi
2026-09-22T15:25:00+00:00,orders-service,1,764m,623.954483Mi
2026-09-22T15:25:00+00:00,payments-service,1,600m,559.750359Mi
2026-09-22T15:25:00+00:00,products-service,2,734m,606.749526Mi
2026-09-22T15:30:00+00:00,orders-service,1,764m,623.954483Mi
2026-09-22T15:30:00+00:00,payments-service,1,600m,559.750359Mi
2026-09-22T15:30:00+00:00,products-service,2,734m,606.749526Mi
2026-09-22T15:35:00+00:00,orders-service,1,917m,642.944598Mi
2026-09-22T15:35:00+00:00,payments-service,1,720m,572.067905Mi
2026-09-22T15:35:00+00:00,products-service,2,881m,621.77702Mi
2026-09-22T15:40:00+00:00,orders-service,1,917m,642.944598Mi
2026-09-22T15:40:00+00:00,payments-service,1,720m,572.067905Mi
2026-09-22T15:40:00+00:00,products-service,2,881m,621.77702Mi
2026-09-22T15:45:00+00:00,orders-service,1,917m,642.944598Mi
2026-09-22T15:45:00+00:00,payments-service,1,720m,572.067905Mi
2026-09-22T15:45:00+00:00,products-service,2,881m,621.77702Mi
2026-09-22T15:50:00+00:00,orders-service,1,917m,642.944598Mi
2026-09-22T15:50:00+00:00,payments-service,1,720m,572.067905Mi
2026-09-22T15:50:00+00:00,products-service,2,881m,621.77702Mi
2026-09-22T15:55:00+00:00,orders-service,1,1100m,638.30008Mi
2026-09-22T15:55:00+00:00,payments-service,1,864m,565.154188Mi
2026-09-22T15:55:00+00:00,products-service,2,1057m,619.620451Mi
2026-09-22T16:00:00+00:00,orders-service,1,1100m,638.30008Mi
2026-09-22T16:00:00+00:00,payments-service,1,864m,565.154188Mi
2026-09-22T16:00:00+00:00,products-service,2,1057m,619.620451Mi
2026-09-22T16:05:00+00:00,orders-service,1,1100m,638.30008Mi
2026-09-22T16:05:00+00:00,payments-service,1,864m,565.154188Mi
2026-09-22T16:05:00+00:00,products-service,2,1057m,619.620451Mi
2026-09-22T16:10:00+00:00,orders-service,1,1320m,636.781128Mi
2026-09-22T16:10:00+00:00,payments-service,1,1037m,562.261663Mi
2026-09-22T16:10:00+00:00,products-service,2,1143m,618.925439Mi
2026-09-22T16:15:00+00:00,orders-service,1,1320m,636.781128Mi
2026-09-22T16:15:00+00:00,payments-service,1,1037m,562.261663Mi
2026-09-22T16:15:00+00:00,products-service,2,1143m,618.925439Mi
2026-09-22T16:20:00+00:00,orders-service,1,1320m,636.781128Mi
2026-09-22T16:20:00+00:00,payments-service,1,1037m,562.261663Mi
2026-09-22T16:20:00+00:00,products-service,2,1143m,618.925439Mi
2026-09-22T16:25:00+00:00,orders-service,1,1555m,634.396546Mi
2026-09-22T16:25:00+00:00,payments-service,1,1037m,562.261663Mi
2026-09-22T16:25:00+00:00,products-service,2,1143m,618.925439Mi
2026-09-22T16:30:00+00:00,orders-service,1,1555m,634.396546Mi
2026-09-22T16:30:00+00:00,payments-service,1,1065m,558.602004Mi
2026-09-22T16:30:00+00:00,products-service,2,1143m,618.925439Mi
2026-09-22T16:35:00+00:00,orders-service,1,1555m,634.396546Mi
2026-09-22T16:35:00+00:00,payments-service,1,1065m,558.602004Mi
2026-09-22T16:35:00+00:00,products-service,2,1177m,615.864927Mi
2026-09-22T16:40:00+00:00,orders-service,1,1655m,638.589917Mi
2026-09-22T16:40:00+00:00,payments-service,1,1065m,558.602004Mi
2026-09-22T16:40:00+00:00,products-service,2,1177m,615.864927Mi
2026-09-22T16:45:00+00:00,orders-service,1,1655m,638.589917Mi
2026-09-22T16:45:00+00:00,payments-service,1,1065m,558.602004Mi
2026-09-22T16:45:00+00:00,products-service,2,1177m,615.864927Mi
2026-09-22T16:50:00+00:00,orders-service,1,1655m,638.589917Mi
2026-09-22T16:50:00+00:00,payments-service,1,1045m,551.807574Mi
2026-09-22T16:50:00+00:00,products-service,2,1191m,609.058166Mi
2026-09-22T16:55:00+00:00,orders-service,1,1655m,638.589917Mi
2026-09-22T16:55:00+00:00,payments-service,1,1045m,551.807574Mi
2026-09-22T16:55:00+00:00,products-service,2,1191m,609.058166Mi
2026-09-22T17:00:00+00:00,orders-service,1,1324m,581.874199Mi
2026-09-22T17:00:00+00:00,payments-service,1,1045m,551.807574Mi
2026-09-22T17:00:00+00:00,products-service,2,1191m,609.058166Mi
2026-09-22T17:05:00+00:00,orders-service,1,1324m,581.874199Mi
2026-09-22T17:05:00+00:00,payments-service,1,836m,545.229389Mi
2026-09-22T17:05:00+00:00,products-service,2,953m,552.087427Mi
2026-09-22T17:10:00+00:00,orders-service,1,1324m,581.874199Mi
2026-09-22T17:10:00+00:00,payments-service,1,836m,545.229389Mi
2026-09-22T17:10:00+00:00,products-service,2,953m,552.087427Mi
2026-09-22T17:15:00+00:00,orders-service,1,1059m,555.804636Mi
2026-09-22T17:15:00+00:00,payments-service,1,836m,545.229389Mi
2026-09-22T17:15:00+00:00,products-service,2,953m,552.087427Mi
2026-09-22T17:20:00+00:00,orders-service,1,1059m,555.804636Mi
2026-09-22T17:20:00+00:00,payments-service,1,669m,537.651814Mi
2026-09-22T17:20:00+00:00,products-service,2,762m,528.034971Mi
2026-09-22T17:25:00+00:00,orders-service,1,1059m,555.804636Mi
2026-09-22T17:25:00+00:00,payments-service,1,669m,537.651814Mi
2026-09-22T17:25:00+00:00,products-service,2,762m,528.034971Mi
2026-09-22T17:30:00+00:00,orders-service,1,847m,549.326689Mi
2026-09-22T17:30:00+00:00,payments-service,1,669m,537.651814Mi
2026-09-22T17:30:00+00:00,products-service,2,762m,528.034971Mi
2026-09-22T17:35:00+00:00,orders-service,1,847m,549.326689Mi
2026-09-22T17:35:00+00:00,payments-service,1,535m,526.612996Mi
2026-09-22T17:35:00+00:00,products-service,2,610m,518.413988Mi
2026-09-22T17:40:00+00:00,orders-service,1,847m,549.326689Mi
2026-09-22T17:40:00+00:00,payments-service,1,535m,526.612996Mi
2026-09-22T17:40:00+00:00,products-service,2,610m,518.413988Mi
2026-09-22T17:45:00+00:00,orders-service,1,678m,541.910351Mi
2026-09-22T17:45:00+00:00,payments-service,1,535m,526.612996Mi
2026-09-22T17:45:00+00:00,products-service,2,610m,518.413988Mi
2026-09-22T17:50:00+00:00,orders-service,1,678m,541.910351Mi
2026-09-22T17:50:00+00:00,payments-service,1,454m,528.24764Mi
2026-09-22T17:50:00+00:00,products-service,2,488m,514.565595Mi
2026-09-22T17:55:00+00:00,orders-service,1,678m,541.910351Mi
2026-09-22T17:55:00+00:00,payments-service,1,454m,528.24764Mi
2026-09-22T17:55:00+00:00,products-service,2,488m,514.565595Mi
2026-09-22T18:00:00+00:00,orders-service,1,678m,541.910351Mi
2026-09-22T18:00:00+00:00,payments-service,1,454m,528.24764Mi
2026-09-22T18:00:00+00:00,products-service,2,488m,514.565595Mi
2026-09-22T18:05:00+00:00,orders-service,1,678m,541.910351Mi
2026-09-22T18:05:00+00:00,payments-service,1,454m,528.24764Mi
2026-09-22T18:05:00+00:00,products-service,2,488m,514.565595Mi
2026-09-22T18:10:00+00:00,orders-service,1,542m,540.573894Mi
2026-09-22T18:10:00+00:00,payments-service,1,454m,528.24764Mi
2026-09-22T18:10:00+00:00,products-service,2,435m,513.026238Mi
2026-09-22T18:15:00+00:00,orders-service,1,542m,540.573894Mi
2026-09-22T18:15:00+00:00,payments-service,1,422m,529.746199Mi
2026-09-22T18:15:00+00:00,products-service,2,435m,513.026238Mi
2026-09-22T18:20:00+00:00,orders-service,1,542m,540.573894Mi
2026-09-22T18:20:00+00:00,payments-service,1,422m,529.746199Mi
2026-09-22T18:20:00+00:00,products-service,2,435m,513.026238Mi
2026-09-22T18:25:00+00:00,orders-service,1,463m,542.569829Mi
2026-09-22T18:25:00+00:00,payments-service,1,422m,529.746199Mi
2026-09-22T18:25:00+00:00,products-service,2,419m,512.808896Mi
2026-09-22T18:30:00+00:00,orders-service,1,463m,542.569829Mi
2026-09-22T18:30:00+00:00,payments-service,1,409m,529.026788Mi
2026-09-22T18:30:00+00:00,products-service,2,419m,512.808896Mi
2026-09-22T18:35:00+00:00,orders-service,1,463m,542.569829Mi
2026-09-22T18:35:00+00:00,payments-service,1,409m,529.026788Mi
2026-09-22T18:35:00+00:00,products-service,2,419m,512.808896Mi
2026-09-22T18:40:00+00:00,orders-service,1,428m,543.50923Mi
2026-09-22T18:40:00+00:00,payments-service,1,409m,529.026788Mi
2026-09-22T18:40:00+00:00,products-service,2,408m,516.14182Mi
2026-09-22T18:45:00+00:00,orders-service,1,428m,543.50923Mi
2026-09-22T18:45:00+00:00,payments-service,1,409m,529.026788Mi
2026-09-22T18:45:00+00:00,products-service,2,408m,516.14182Mi
2026-09-22T18:50:00+00:00,orders-service,1,428m,543.50923Mi
2026-09-22T18:50:00+00:00,payments-service,1,409m,529.026788Mi
2026-09-22T18:50:00+00:00,products-service,2,408m,516.14182Mi
2026-09-22T18:55:00+00:00,orders-service,1,411m,542.916253Mi
2026-09-22T18:55:00+00:00,payments-service,1,404m,527.239206Mi
2026-09-22T18:55:00+00:00,products-service,2,403m,513.656728Mi
2026-09-22T19:00:00+00:00,orders-service,1,411m,542.916253Mi
2026-09-22T19:00:00+00:00,payments-service,1,404m,527.239206Mi
2026-09-22T19:00:00+00:00,products-service,2,403m,513.656728Mi
2026-09-22T19:05:00+00:00,orders-service,1,411m,542.916253Mi
2026-09-22T19:05:00+00:00,payments-service,1,404m,527.239206Mi
2026-09-22T19:05:00+00:00,products-service,2,403m,513.656728Mi
2026-09-22T19:10:00+00:00,orders-service,1,404m,541.657407Mi
2026-09-22T19:10:00+00:00,payments-service,1,402m,526.91547Mi
2026-09-22T19:10:00+00:00,products-service,2,403m,513.656728Mi
2026-09-22T19:15:00+00:00,orders-service,1,404m,541.657407Mi
2026-09-22T19:15:00+00:00,payments-service,1,402m,526.91547Mi
2026-09-22T19:15:00+00:00,products-service,2,401m,512.662691Mi
2026-09-22T19:20:00+00:00,orders-service,1,404m,541.657407Mi
2026-09-22T19:20:00+00:00,payments-service,1,402m,526.91547Mi
2026-09-22T19:20:00+00:00,products-service,2,401m,512.662691Mi
2026-09-22T19:25:00+00:00,orders-service,1,404m,541.657407Mi
2026-09-22T19:25:00+00:00,payments-service,1,401m,520.824391Mi
2026-09-22T19:25:00+00:00,products-service,2,401m,512.662691Mi
2026-09-22T19:30:00+00:00,orders-service,1,404m,541.657407Mi
2026-09-22T19:30:00+00:00,payments-service,1,401m,520.824391Mi
2026-09-22T19:30:00+00:00,products-service,2,400m,512.265076Mi
2026-09-22T19:35:00+00:00,orders-service,1,406m,539.034972Mi
2026-09-22T19:35:00+00:00,payments-service,1,401m,520.824391Mi
2026-09-22T19:35:00+00:00,products-service,2,400m,512.265076Mi
2026-09-22T19:40:00+00:00,orders-service,1,406m,539.034972Mi
2026-09-22T19:40:00+00:00,payments-service,1,401m,520.824391Mi
2026-09-22T19:40:00+00:00,products-service,2,400m,512.265076Mi
2026-09-22T19:45:00+00:00,orders-service,1,406m,539.034972Mi
2026-09-22T19:45:00+00:00,payments-service,1,400m,521.405538Mi
2026-09-22T19:45:00+00:00,products-service,2,400m,512.10603Mi
2026-09-22T19:50:00+00:00,orders-service,1,402m,540.307043Mi
2026-09-22T19:50:00+00:00,payments-service,1,400m,521.405538Mi
2026-09-22T19:50:00+00:00,products-service,2,400m,512.10603Mi
2026-09-22T19:55:00+00:00,orders-service,1,402m,540.307043Mi
2026-09-22T19:55:00+00:00,payments-service,1,400m,521.405538Mi
2026-09-22T19:55:00+00:00,products-service,2,400m,512.10603Mi
2026-09-22T20:00:00+00:00,orders-service,1,402m,540.307043Mi
2026-09-22T20:00:00+00:00,payments-service,1,400m,521.405538Mi
2026-09-22T20:00:00+00:00,products-service,2,400m,512.10603Mi
2026-09-22T20:05:00+00:00,orders-service,1,404m,544.747622Mi
2026-09-22T20:05:00+00:00,payments-service,1,400m,528.040462Mi
2026-09-22T20:05:00+00:00,products-service,2,400m,512.042412Mi
2026-09-22T20:10:00+00:00,orders-service,1,404m,544.747622Mi
2026-09-22T20:10:00+00:00,payments-service,1,400m,528.040462Mi
2026-09-22T20:10:00+00:00,products-service,2,400m,512.042412Mi
2026-09-22T20:15:00+00:00,orders-service,1,404m,544.747622Mi
2026-09-22T20:15:00+00:00,payments-service,1,400m,528.040462Mi
2026-09-22T20:15:00+00:00,products-service,2,400m,512.042412Mi
2026-09-22T20:20:00+00:00,orders-service,1,403m,540.834144Mi
2026-09-22T20:20:00+00:00,payments-service,1,400m,528.040462Mi
2026-09-22T20:20:00+00:00,products-service,2,400m,512.016965Mi
2026-09-22T20:25:00+00:00,orders-service,1,403m,540.834144Mi
2026-09-22T20:25:00+00:00,payments-service,1,400m,528.040462Mi
2026-09-22T20:25:00+00:00,products-service,2,400m,512.016965Mi
2026-09-22T20:30:00+00:00,orders-service,1,403m,540.834144Mi
2026-09-22T20:30:00+00:00,payments-service,1,400m,530.689049Mi
2026-09-22T20:30:00+00:00,products-service,2,400m,512.016965Mi
2026-09-22T20:35:00+00:00,orders-service,1,411m,540.094009Mi
2026-09-22T20:35:00+00:00,payments-service,1,400m,530.689049Mi
2026-09-22T20:35:00+00:00,products-service,2,402m,512.006786Mi
2026-09-22T20:40:00+00:00,orders-service,1,411m,540.094009Mi
2026-09-22T20:40:00+00:00,payments-service,1,400m,530.689049Mi
2026-09-22T20:40:00+00:00,products-service,2,402m,512.006786Mi
2026-09-22T20:45:00+00:00,orders-service,1,411m,540.094009Mi
2026-09-22T20:45:00+00:00,payments-service,1,400m,532.96782Mi
2026-09-22T20:45:00+00:00,products-service,2,402m,512.006786Mi
2026-09-22T20:50:00+00:00,orders-service,1,411m,540.094009Mi
2026-09-22T20:50:00+00:00,payments-service,1,400m,532.96782Mi
2026-09-22T20:50:00+00:00,products-service,2,402m,512.006786Mi
2026-09-22T20:55:00+00:00,orders-service,1,411m,540.094009Mi
2026-09-22T20:55:00+00:00,payments-service,1,400m,532.96782Mi
2026-09-22T20:55:00+00:00,products-service,2,401m,512.002714Mi
2026-09-22T21:00:00+00:00,orders-service,1,409m,540.155267Mi
2026-09-22T21:00:00+00:00,payments-service,1,400m,532.96782Mi
2026-09-22T21:00:00+00:00,products-service,2,401m,512.002714Mi
2026-09-22T21:05:00+00:00,orders-service,1,409m,540.155267Mi
2026-09-22T21:05:00+00:00,payments-service,1,400m,532.96782Mi
2026-09-22T21:05:00+00:00,products-service,2,401m,512.002714Mi
2026-09-22T21:10:00+00:00,orders-service,1,409m,540.155267Mi
2026-09-22T21:10:00+00:00,payments-service,1,400m,524.417316Mi
2026-09-22T21:10:00+00:00,products-service,2,401m,512.002714Mi
2026-09-22T21:15:00+00:00,orders-service,1,409m,540.155267Mi
2026-09-22T21:15:00+00:00,payments-service,1,400m,524.417316Mi
2026-09-22T21:15:00+00:00,products-service,2,401m,512.002714Mi
2026-09-22T21:20:00+00:00,orders-service,1,409m,540.155267Mi
2026-09-22T21:20:00+00:00,payments-service,1,400m,524.417316Mi
2026-09-22T21:20:00+00:00,products-service,2,401m,512.002714Mi
2026-09-22T21:25:00+00:00,orders-service,1,411m,538.797361Mi
2026-09-22T21:25:00+00:00,payments-service,1,400m,524.417316Mi
2026-09-22T21:25:00+00:00,products-service,2,401m,512.002714Mi
2026-09-22T21:30:00+00:00,orders-service,1,411m,538.797361Mi
2026-09-22T21:30:00+00:00,payments-service,1,400m,524.417316Mi
2026-09-22T21:30:00+00:00,products-service,2,406m,512.001086Mi
2026-09-22T21:35:00+00:00,orders-service,1,411m,538.797361Mi
2026-09-22T21:35:00+00:00,payments-service,1,400m,524.417316Mi
2026-09-22T21:35:00+00:00,products-service,2,406m,512.001086Mi
2026-09-22T21:40:00+00:00,orders-service,1,411m,538.797361Mi
2026-09-22T21:40:00+00:00,payments-service,1,400m,524.417316Mi
2026-09-22T21:40:00+00:00,products-service,2,406m,512.001086Mi
2026-09-22T21:45:00+00:00,orders-service,1,411m,538.797361Mi
2026-09-22T21:45:00+00:00,payments-service,1,400m,524.417316Mi
2026-09-22T21:45:00+00:00,products-service,2,406m,512.001086Mi
2026-09-22T21:50:00+00:00,orders-service,1,422m,536.576256Mi
2026-09-22T21:50:00+00:00,payments-service,1,400m,524.417316Mi
2026-09-22T21:50:00+00:00,products-service,2,406m,512.001086Mi
2026-09-22T21:55:00+00:00,orders-service,1,422m,536.576256Mi
2026-09-22T21:55:00+00:00,payments-service,1,400m,524.417316Mi
2026-09-22T21:55:00+00:00,products-service,2,406m,512.001086Mi
2026-09-22T22:00:00+00:00,orders-service,1,422m,536.576256Mi
2026-09-22T22:00:00+00:00,payments-service,1,400m,524.417316Mi
2026-09-22T22:00:00+00:00,products-service,2,409m,512.000434Mi
2026-09-22T22:05:00+00:00,orders-service,1,422m,536.576256Mi
2026-09-22T22:05:00+00:00,payments-service,1,400m,524.417316Mi
2026-09-22T22:05:00+00:00,products-service,2,409m,512.000434Mi
2026-09-22T22:10:00+00:00,orders-service,1,427m,543.891526Mi
2026-09-22T22:10:00+00:00,payments-service,1,400m,524.417316Mi
2026-09-22T22:10:00+00:00,products-service,2,409m,512.000434Mi
2026-09-22T22:15:00+00:00,orders-service,1,427m,543.891526Mi
2026-09-22T22:15:00+00:00,payments-service,1,400m,524.417316Mi
2026-09-22T22:15:00+00:00,products-service,2,409m,512.000434Mi
2026-09-22T22:20:00+00:00,orders-service,1,427m,543.891526Mi
2026-09-22T22:20:00+00:00,payments-service,1,400m,530.875398Mi
2026-09-22T22:20:00+00:00,products-service,2,409m,512.000434Mi
2026-09-22T22:25:00+00:00,orders-service,1,417m,542.740827Mi
2026-09-22T22:25:00+00:00,payments-service,1,400m,530.875398Mi
2026-09-22T22:25:00+00:00,products-service,2,409m,512.000434Mi
2026-09-22T22:30:00+00:00,orders-service,1,417m,542.740827Mi
2026-09-22T22:30:00+00:00,payments-service,1,400m,530.875398Mi
2026-09-22T22:30:00+00:00,products-service,2,409m,512.000434Mi
2026-09-22T22:35:00+00:00,orders-service,1,417m,542.740827Mi
2026-09-22T22:35:00+00:00,payments-service,1,400m,530.875398Mi
2026-09-22T22:35:00+00:00,products-service,2,421m,512.000174Mi
2026-09-22T22:40:00+00:00,orders-service,1,437m,541.557976Mi
2026-09-22T22:40:00+00:00,payments-service,1,400m,530.875398Mi
2026-09-22T22:40:00+00:00,products-service,2,421m,512.000174Mi
2026-09-22T22:45:00+00:00,orders-service,1,437m,541.557976Mi
2026-09-22T22:45:00+00:00,payments-service,1,400m,530.875398Mi
2026-09-22T22:45:00+00:00,products-service,2,421m,512.000174Mi
2026-09-22T22:50:00+00:00,orders-service,1,437m,541.557976Mi
2026-09-22T22:50:00+00:00,payments-service,1,400m,530.875398Mi
2026-09-22T22:50:00+00:00,products-service,2,421m,512.000174Mi
2026-09-22T22:55:00+00:00,orders-service,1,447m,536.388657Mi
2026-09-22T22:55:00+00:00,payments-service,1,400m,530.875398Mi
2026-09-22T22:55:00+00:00,products-service,2,421m,512.000174Mi
2026-09-22T23:00:00+00:00,orders-service,1,447m,536.388657Mi
2026-09-22T23:00:00+00:00,payments-service,1,400m,530.875398Mi
2026-09-22T23:00:00+00:00,products-service,2,421m,512.000174Mi
2026-09-22T23:05:00+00:00,orders-service,1,447m,536.388657Mi
2026-09-22T23:05:00+00:00,payments-service,1,400m,527.865711Mi
2026-09-22T23:05:00+00:00,products-service,2,421m,512.000174Mi
2026-09-22T23:10:00+00:00,orders-service,1,447m,536.388657Mi
2026-09-22T23:10:00+00:00,payments-service,1,400m,527.865711Mi
2026-09-22T23:10:00+00:00,products-service,2,421m,512.000174Mi
2026-09-22T23:15:00+00:00,orders-service,1,447m,536.388657Mi
2026-09-22T23:15:00+00:00,payments-service,1,400m,527.865711Mi
2026-09-22T23:15:00+00:00,products-service,2,421m,512.000174Mi
2026-09-22T23:20:00+00:00,orders-service,1,447m,536.388657Mi
2026-09-22T23:20:00+00:00,payments-service,1,400m,527.865711Mi
2026-09-22T23:20:00+00:00,products-service,2,421m,512.000174Mi
2026-09-22T23:25:00+00:00,orders-service,1,447m,536.388657Mi
2026-09-22T23:25:00+00:00,payments-service,1,400m,527.865711Mi
2026-09-22T23:25:00+00:00,products-service,2,452m,514.565194Mi
2026-09-22T23:30:00+00:00,orders-service,1,447m,536.388657Mi
2026-09-22T23:30:00+00:00,payments-service,1,400m,527.865711Mi
2026-09-22T23:30:00+00:00,products-service,2,452m,514.565194Mi
2026-09-22T23:35:00+00:00,orders-service,1,447m,536.388657Mi
2026-09-22T23:35:00+00:00,payments-service,1,400m,520.712117Mi
2026-09-22T23:35:00+00:00,products-service,2,452m,514.565194Mi
2026-09-22T23:40:00+00:00,orders-service,1,465m,533.919745Mi
2026-09-22T23:40:00+00:00,payments-service,1,400m,520.712117Mi
2026-09-22T23:40:00+00:00,products-service,2,448m,513.026078Mi
2026-09-22T23:45:00+00:00,orders-service,1,465m,533.919745Mi
2026-09-22T23:45:00+00:00,payments-service,1,400m,520.712117Mi
2026-09-22T23:45:00+00:00,products-service,2,448m,513.026078Mi
2026-09-22T23:50:00+00:00,orders-service,1,465m,533.919745Mi
2026-09-22T23:50:00+00:00,payments-service,1,400m,520.712117Mi
2026-09-22T23:50:00+00:00,products-service,2,448m,513.026078Mi
2026-09-22T23:55:00+00:00,orders-service,1,465m,533.919745Mi
2026-09-22T23:55:00+00:00,payments-service,1,400m,520.712117Mi
2026-09-22T23:55:00+00:00,products-service,2,448m,513.026078Mi
2026-09-23T00:00:00+00:00,orders-service,1,465m,533.919745Mi
2026-09-23T00:00:00+00:00,payments-service,1,402m,529.947176Mi
2026-09-23T00:00:00+00:00,products-service,2,470m,515.75965Mi
2026-09-23T00:05:00+00:00,orders-service,1,487m,531.884487Mi
2026-09-23T00:05:00+00:00,payments-service,1,402m,529.947176Mi
2026-09-23T00:05:00+00:00,products-service,2,470m,515.75965Mi
2026-09-23T00:10:00+00:00,orders-service,1,487m,531.884487Mi
2026-09-23T00:10:00+00:00,payments-service,1,402m,529.947176Mi
2026-09-23T00:10:00+00:00,products-service,2,470m,515.75965Mi
2026-09-23T00:15:00+00:00,orders-service,1,487m,531.884487Mi
2026-09-23T00:15:00+00:00,payments-service,1,402m,529.947176Mi
2026-09-23T00:15:00+00:00,products-service,2,470m,515.75965Mi
2026-09-23T00:20:00+00:00,orders-service,1,487m,531.884487Mi
2026-09-23T00:20:00+00:00,payments-service,1,402m,529.947176Mi
2026-09-23T00:20:00+00:00,products-service,2,470m,515.75965Mi
2026-09-23T00:25:00+00:00,orders-service,1,498m,540.433372Mi
2026-09-23T00:25:00+00:00,payments-service,1,404m,526.908778Mi
2026-09-23T00:25:00+00:00,products-service,2,452m,521.173013Mi
2026-09-23T00:30:00+00:00,orders-service,1,498m,540.433372Mi
2026-09-23T00:30:00+00:00,payments-service,1,404m,526.908778Mi
2026-09-23T00:30:00+00:00,products-service,2,452m,521.173013Mi
2026-09-23T00:35:00+00:00,orders-service,1,498m,540.433372Mi
2026-09-23T00:35:00+00:00,payments-service,1,404m,526.908778Mi
2026-09-23T00:35:00+00:00,products-service,2,452m,521.173013Mi
2026-09-23T00:40:00+00:00,orders-service,1,526m,543.290499Mi
2026-09-23T00:40:00+00:00,payments-service,1,404m,526.908778Mi
2026-09-23T00:40:00+00:00,products-service,2,487m,523.118998Mi
2026-09-23T00:45:00+00:00,orders-service,1,526m,543.290499Mi
2026-09-23T00:45:00+00:00,payments-service,1,414m,534.919041Mi
2026-09-23T00:45:00+00:00,products-service,2,487m,523.118998Mi
2026-09-23T00:50:00+00:00,orders-service,1,526m,543.290499Mi
2026-09-23T00:50:00+00:00,payments-service,1,414m,534.919041Mi
2026-09-23T00:50:00+00:00,products-service,2,487m,523.118998Mi
2026-09-23T00:55:00+00:00,orders-service,1,526m,543.290499Mi
2026-09-23T00:55:00+00:00,payments-service,1,414m,534.919041Mi
2026-09-23T00:55:00+00:00,products-service,2,487m,523.118998Mi
2026-09-23T01:00:00+00:00,orders-service,1,526m,543.290499Mi
2026-09-23T01:00:00+00:00,payments-service,1,415m,535.890358Mi
2026-09-23T01:00:00+00:00,products-service,2,487m,523.118998Mi
2026-09-23T01:05:00+00:00,orders-service,1,514m,538.214246Mi
2026-09-23T01:05:00+00:00,payments-service,1,415m,535.890358Mi
2026-09-23T01:05:00+00:00,products-service,2,487m,523.118998Mi
2026-09-23T01:10:00+00:00,orders-service,1,514m,538.214246Mi
2026-09-23T01:10:00+00:00,payments-service,1,415m,535.890358Mi
2026-09-23T01:10:00+00:00,products-service,2,487m,523.118998Mi
2026-09-23T01:15:00+00:00,orders-service,1,514m,538.214246Mi
2026-09-23T01:15:00+00:00,payments-service,1,415m,535.890358Mi
2026-09-23T01:15:00+00:00,products-service,2,487m,523.118998Mi
2026-09-23T01:20:00+00:00,orders-service,1,570m,545.612248Mi
2026-09-23T01:20:00+00:00,payments-service,1,415m,535.890358Mi
2026-09-23T01:20:00+00:00,products-service,2,513m,524.959403Mi
2026-09-23T01:25:00+00:00,orders-service,1,570m,545.612248Mi
2026-09-23T01:25:00+00:00,payments-service,1,420m,541.863711Mi
2026-09-23T01:25:00+00:00,products-service,2,513m,524.959403Mi
2026-09-23T01:30:00+00:00,orders-service,1,570m,545.612248Mi
2026-09-23T01:30:00+00:00,payments-service,1,420m,541.863711Mi
2026-09-23T01:30:00+00:00,products-service,2,513m,524.959403Mi
2026-09-23T01:35:00+00:00,orders-service,1,570m,545.612248Mi
2026-09-23T01:35:00+00:00,payments-service,1,420m,541.863711Mi
2026-09-23T01:35:00+00:00,products-service,2,513m,524.959403Mi
2026-09-23T01:40:00+00:00,orders-service,1,570m,545.612248Mi
2026-09-23T01:40:00+00:00,payments-service,1,420m,541.863711Mi
2026-09-23T01:40:00+00:00,products-service,2,529m,525.023751Mi
2026-09-23T01:45:00+00:00,orders-service,1,570m,545.612248Mi
2026-09-23T01:45:00+00:00,payments-service,1,415m,533.188575Mi
2026-09-23T01:45:00+00:00,products-service,2,529m,525.023751Mi
2026-09-23T01:50:00+00:00,orders-service,1,570m,545.612248Mi
2026-09-23T01:50:00+00:00,payments-service,1,415m,533.188575Mi
2026-09-23T01:50:00+00:00,products-service,2,529m,525.023751Mi
2026-09-23T01:55:00+00:00,orders-service,1,570m,545.612248Mi
2026-09-23T01:55:00+00:00,payments-service,1,415m,533.188575Mi
2026-09-23T01:55:00+00:00,products-service,2,529m,525.023751Mi
2026-09-23T02:00:00+00:00,orders-service,1,596m,548.286903Mi
2026-09-23T02:00:00+00:00,payments-service,1,421m,545.23085Mi
2026-09-23T02:00:00+00:00,products-service,2,529m,525.023751Mi
2026-09-23T02:05:00+00:00,orders-service,1,596m,548.286903Mi
2026-09-23T02:05:00+00:00,payments-service,1,421m,545.23085Mi
2026-09-23T02:05:00+00:00,products-service,2,529m,525.023751Mi
2026-09-23T02:10:00+00:00,orders-service,1,596m,548.286903Mi
2026-09-23T02:10:00+00:00,payments-service,1,421m,545.23085Mi
2026-09-23T02:10:00+00:00,products-service,2,549m,526.010099Mi
2026-09-23T02:15:00+00:00,orders-service,1,634m,549.84368Mi
2026-09-23T02:15:00+00:00,payments-service,1,421m,545.23085Mi
2026-09-23T02:15:00+00:00,products-service,2,549m,526.010099Mi
2026-09-23T02:20:00+00:00,orders-service,1,634m,549.84368Mi
2026-09-23T02:20:00+00:00,payments-service,1,421m,545.23085Mi
2026-09-23T02:20:00+00:00,products-service,2,549m,526.010099Mi
2026-09-23T02:25:00+00:00,orders-service,1,634m,549.84368Mi
2026-09-23T02:25:00+00:00,payments-service,1,438m,537.81712Mi
2026-09-23T02:25:00+00:00,products-service,2,605m,535.737487Mi
2026-09-23T02:30:00+00:00,orders-service,1,634m,549.84368Mi
2026-09-23T02:30:00+00:00,payments-service,1,438m,537.81712Mi
2026-09-23T02:30:00+00:00,products-service,2,605m,535.737487Mi
2026-09-23T02:35:00+00:00,orders-service,1,634m,549.84368Mi
2026-09-23T02:35:00+00:00,payments-service,1,438m,537.81712Mi
2026-09-23T02:35:00+00:00,products-service,2,605m,535.737487Mi
2026-09-23T02:40:00+00:00,orders-service,1,634m,549.84368Mi
2026-09-23T02:40:00+00:00,payments-service,1,438m,537.81712Mi
2026-09-23T02:40:00+00:00,products-service,2,605m,535.737487Mi
2026-09-23T02:45:00+00:00,orders-service,1,634m,549.84368Mi
2026-09-23T02:45:00+00:00,payments-service,1,438m,537.81712Mi
2026-09-23T02:45:00+00:00,products-service,2,562m,532.308398Mi
2026-09-23T02:50:00+00:00,orders-service,1,634m,549.84368Mi
2026-09-23T02:50:00+00:00,payments-service,1,438m,537.81712Mi
2026-09-23T02:50:00+00:00,products-service,2,562m,532.308398Mi
2026-09-23T02:55:00+00:00,orders-service,1,634m,549.84368Mi
2026-09-23T02:55:00+00:00,payments-service,1,438m,537.81712Mi
2026-09-23T02:55:00+00:00,products-service,2,562m,532.308398Mi
2026-09-23T03:00:00+00:00,orders-service,1,647m,553.177999Mi
2026-09-23T03:00:00+00:00,payments-service,1,438m,537.81712Mi
2026-09-23T03:00:00+00:00,products-service,2,582m,534.244526Mi
2026-09-23T03:05:00+00:00,orders-service,1,647m,553.177999Mi
2026-09-23T03:05:00+00:00,payments-service,1,438m,537.81712Mi
2026-09-23T03:05:00+00:00,products-service,2,582m,534.244526Mi
2026-09-23T03:10:00+00:00,orders-service,1,647m,553.177999Mi
2026-09-23T03:10:00+00:00,payments-service,1,462m,540.136895Mi
2026-09-23T03:10:00+00:00,products-service,2,582m,534.244526Mi
2026-09-23T03:15:00+00:00,orders-service,1,660m,549.094039Mi
2026-09-23T03:15:00+00:00,payments-service,1,462m,540.136895Mi
2026-09-23T03:15:00+00:00,products-service,2,582m,534.244526Mi
2026-09-23T03:20:00+00:00,orders-service,1,660m,549.094039Mi
2026-09-23T03:20:00+00:00,payments-service,1,462m,540.136895Mi
2026-09-23T03:20:00+00:00,products-service,2,582m,534.244526Mi
2026-09-23T03:25:00+00:00,orders-service,1,660m,549.094039Mi
2026-09-23T03:25:00+00:00,payments-service,1,462m,540.136895Mi
2026-09-23T03:25:00+00:00,products-service,2,582m,534.244526Mi
2026-09-23T03:30:00+00:00,orders-service,1,660m,549.094039Mi
2026-09-23T03:30:00+00:00,payments-service,1,462m,540.136895Mi
2026-09-23T03:30:00+00:00,products-service,2,582m,534.244526Mi
2026-09-23T03:35:00+00:00,orders-service,1,660m,549.094039Mi
2026-09-23T03:35:00+00:00,payments-service,1,462m,540.136895Mi
2026-09-23T03:35:00+00:00,products-service,2,582m,534.244526Mi
2026-09-23T03:40:00+00:00,orders-service,1,704m,552.332525Mi
2026-09-23T03:40:00+00:00,payments-service,1,462m,540.136895Mi
2026-09-23T03:40:00+00:00,products-service,2,619m,537.525398Mi
2026-09-23T03:45:00+00:00,orders-service,1,704m,552.332525Mi
2026-09-23T03:45:00+00:00,payments-service,1,462m,540.136895Mi
2026-09-23T03:45:00+00:00,products-service,2,619m,537.525398Mi
2026-09-23T03:50:00+00:00,orders-service,1,704m,552.332525Mi
2026-09-23T03:50:00+00:00,payments-service,1,473m,540.520029Mi
2026-09-23T03:50:00+00:00,products-service,2,619m,537.525398Mi
2026-09-23T03:55:00+00:00,orders-service,1,704m,552.332525Mi
2026-09-23T03:55:00+00:00,payments-service,1,473m,540.520029Mi
2026-09-23T03:55:00+00:00,products-service,2,636m,539.071426Mi
2026-09-23T04:00:00+00:00,orders-service,1,704m,552.332525Mi
2026-09-23T04:00:00+00:00,payments-service,1,473m,540.520029Mi
2026-09-23T04:00:00+00:00,products-service,2,636m,539.071426Mi
2026-09-23T04:05:00+00:00,orders-service,1,704m,552.332525Mi
2026-09-23T04:05:00+00:00,payments-service,1,473m,540.520029Mi
2026-09-23T04:05:00+00:00,products-service,2,636m,539.071426Mi
2026-09-23T04:10:00+00:00,orders-service,1,704m,552.332525Mi
2026-09-23T04:10:00+00:00,payments-service,1,473m,540.520029Mi
2026-09-23T04:10:00+00:00,products-service,2,686m,537.939569Mi
2026-09-23T04:15:00+00:00,orders-service,1,704m,552.332525Mi
2026-09-23T04:15:00+00:00,payments-service,1,473m,540.520029Mi
2026-09-23T04:15:00+00:00,products-service,2,686m,537.939569Mi
2026-09-23T04:20:00+00:00,orders-service,1,704m,552.332525Mi
2026-09-23T04:20:00+00:00,payments-service,1,473m,540.520029Mi
2026-09-23T04:20:00+00:00,products-service,2,686m,537.939569Mi
2026-09-23T04:25:00+00:00,orders-service,1,723m,551.876919Mi
2026-09-23T04:25:00+00:00,payments-service,1,473m,540.520029Mi
2026-09-23T04:25:00+00:00,products-service,2,686m,537.939569Mi
2026-09-23T04:30:00+00:00,orders-service,1,723m,551.876919Mi
2026-09-23T04:30:00+00:00,payments-service,1,462m,543.124918Mi
2026-09-23T04:30:00+00:00,products-service,2,686m,537.939569Mi
2026-09-23T04:35:00+00:00,orders-service,1,723m,551.876919Mi
2026-09-23T04:35:00+00:00,payments-service,1,462m,543.124918Mi
2026-09-23T04:35:00+00:00,products-service,2,697m,545.282761Mi
2026-09-23T04:40:00+00:00,orders-service,1,738m,551.878001Mi
2026-09-23T04:40:00+00:00,payments-service,1,462m,543.124918Mi
2026-09-23T04:40:00+00:00,products-service,2,697m,545.282761Mi
2026-09-23T04:45:00+00:00,orders-service,1,738m,551.878001Mi
2026-09-23T04:45:00+00:00,payments-service,1,462m,543.124918Mi
2026-09-23T04:45:00+00:00,products-service,2,697m,545.282761Mi
2026-09-23T04:50:00+00:00,orders-service,1,738m,551.878001Mi
2026-09-23T04:50:00+00:00,payments-service,1,462m,543.124918Mi
2026-09-23T04:50:00+00:00,products-service,2,726m,559.576569Mi
2026-09-23T04:55:00+00:00,orders-service,1,779m,553.592082Mi
2026-09-23T04:55:00+00:00,payments-service,1,462m,543.124918Mi
2026-09-23T04:55:00+00:00,products-service,2,726m,559.576569Mi
2026-09-23T05:00:00+00:00,orders-service,1,779m,553.592082Mi
2026-09-23T05:00:00+00:00,payments-service,1,462m,543.124918Mi
2026-09-23T05:00:00+00:00,products-service,2,726m,559.576569Mi
2026-09-23T05:05:00+00:00,orders-service,1,779m,553.592082Mi
2026-09-23T05:05:00+00:00,payments-service,1,466m,547.835685Mi
2026-09-23T05:05:00+00:00,products-service,2,726m,559.576569Mi
2026-09-23T05:10:00+00:00,orders-service,1,779m,553.592082Mi
2026-09-23T05:10:00+00:00,payments-service,1,466m,547.835685Mi
2026-09-23T05:10:00+00:00,products-service,2,726m,559.576569Mi
2026-09-23T05:15:00+00:00,orders-service,1,811m,560.020781Mi
2026-09-23T05:15:00+00:00,payments-service,1,466m,547.835685Mi
2026-09-23T05:15:00+00:00,products-service,2,726m,559.576569Mi
2026-09-23T05:20:00+00:00,orders-service,1,811m,560.020781Mi
2026-09-23T05:20:00+00:00,payments-service,1,466m,547.835685Mi
2026-09-23T05:20:00+00:00,products-service,2,722m,562.857727Mi
2026-09-23T05:25:00+00:00,orders-service,1,811m,560.020781Mi
2026-09-23T05:25:00+00:00,payments-service,1,450m,545.149533Mi
2026-09-23T05:25:00+00:00,products-service,2,722m,562.857727Mi
2026-09-23T05:30:00+00:00,orders-service,1,786m,555.597412Mi
2026-09-23T05:30:00+00:00,payments-service,1,450m,545.149533Mi
2026-09-23T05:30:00+00:00,products-service,2,722m,562.857727Mi
2026-09-23T05:35:00+00:00,orders-service,1,786m,555.597412Mi
2026-09-23T05:35:00+00:00,payments-service,1,450m,545.149533Mi
2026-09-23T05:35:00+00:00,products-service,2,722m,562.857727Mi
2026-09-23T05:40:00+00:00,orders-service,1,786m,555.597412Mi
2026-09-23T05:40:00+00:00,payments-service,1,450m,545.149533Mi
2026-09-23T05:40:00+00:00,products-service,2,722m,562.857727Mi
2026-09-23T05:45:00+00:00,orders-service,1,786m,555.597412Mi
2026-09-23T05:45:00+00:00,payments-service,1,450m,545.149533Mi
2026-09-23T05:45:00+00:00,products-service,2,722m,562.857727Mi
2026-09-23T05:50:00+00:00,orders-service,1,786m,555.597412Mi
2026-09-23T05:50:00+00:00,payments-service,1,451m,547.240123Mi
2026-09-23T05:50:00+00:00,products-service,2,766m,565.126367Mi
2026-09-23T05:55:00+00:00,orders-service,1,766m,552.717346Mi
2026-09-23T05:55:00+00:00,payments-service,1,451m,547.240123Mi
2026-09-23T05:55:00+00:00,products-service,2,766m,565.126367Mi
2026-09-23T06:00:00+00:00,orders-service,1,766m,552.717346Mi
2026-09-23T06:00:00+00:00,payments-service,1,451m,547.240123Mi
2026-09-23T06:00:00+00:00,products-service,2,766m,565.126367Mi
2026-09-23T06:05:00+00:00,orders-service,1,766m,552.717346Mi
2026-09-23T06:05:00+00:00,payments-service,1,485m,552.822123Mi
2026-09-23T06:05:00+00:00,products-service,2,766m,565.126367Mi
2026-09-23T06:10:00+00:00,orders-service,1,839m,556.331848Mi
2026-09-23T06:10:00+00:00,payments-service,1,485m,552.822123Mi
2026-09-23T06:10:00+00:00,products-service,2,774m,560.690769Mi
2026-09-23T06:15:00+00:00,orders-service,1,839m,556.331848Mi
2026-09-23T06:15:00+00:00,payments-service,1,485m,552.822123Mi
2026-09-23T06:15:00+00:00,products-service,2,774m,560.690769Mi
2026-09-23T06:20:00+00:00,orders-service,1,839m,556.331848Mi
2026-09-23T06:20:00+00:00,payments-service,1,485m,552.822123Mi
2026-09-23T06:20:00+00:00,products-service,2,774m,560.690769Mi
2026-09-23T06:25:00+00:00,orders-service,1,839m,556.331848Mi
2026-09-23T06:25:00+00:00,payments-service,1,485m,552.822123Mi
2026-09-23T06:25:00+00:00,products-service,2,815m,557.80442Mi
2026-09-23T06:30:00+00:00,orders-service,1,877m,562.09718Mi
2026-09-23T06:30:00+00:00,payments-service,1,485m,552.822123Mi
2026-09-23T06:30:00+00:00,products-service,2,815m,557.80442Mi
2026-09-23T06:35:00+00:00,orders-service,1,877m,562.09718Mi
2026-09-23T06:35:00+00:00,payments-service,1,485m,552.822123Mi
2026-09-23T06:35:00+00:00,products-service,2,815m,557.80442Mi
2026-09-23T06:40:00+00:00,orders-service,1,877m,562.09718Mi
2026-09-23T06:40:00+00:00,payments-service,1,485m,552.822123Mi
2026-09-23T06:40:00+00:00,products-service,2,815m,557.80442Mi
2026-09-23T06:45:00+00:00,orders-service,1,830m,556.369231Mi
2026-09-23T06:45:00+00:00,payments-service,1,502m,550.528776Mi
2026-09-23T06:45:00+00:00,products-service,2,815m,557.80442Mi
2026-09-23T06:50:00+00:00,orders-service,1,830m,556.369231Mi
2026-09-23T06:50:00+00:00,payments-service,1,502m,550.528776Mi
2026-09-23T06:50:00+00:00,products-service,2,801m,550.747659Mi
2026-09-23T06:55:00+00:00,orders-service,1,830m,556.369231Mi
2026-09-23T06:55:00+00:00,payments-service,1,502m,550.528776Mi
2026-09-23T06:55:00+00:00,products-service,2,801m,550.747659Mi
2026-09-23T07:00:00+00:00,orders-service,1,865m,558.626977Mi
2026-09-23T07:00:00+00:00,payments-service,1,502m,550.528776Mi
2026-09-23T07:00:00+00:00,products-service,2,801m,550.747659Mi
2026-09-23T07:05:00+00:00,orders-service,1,865m,558.626977Mi
2026-09-23T07:05:00+00:00,payments-service,1,502m,550.528776Mi
2026-09-23T07:05:00+00:00,products-service,2,793m,547.487076Mi
2026-09-23T07:10:00+00:00,orders-service,1,865m,558.626977Mi
2026-09-23T07:10:00+00:00,payments-service,1,503m,545.645006Mi
2026-09-23T07:10:00+00:00,products-service,2,793m,547.487076Mi
2026-09-23T07:15:00+00:00,orders-service,1,829m,557.945774Mi
2026-09-23T07:15:00+00:00,payments-service,1,503m,545.645006Mi
2026-09-23T07:15:00+00:00,products-service,2,793m,547.487076Mi
2026-09-23T07:20:00+00:00,orders-service,1,829m,557.945774Mi
2026-09-23T07:20:00+00:00,payments-service,1,503m,545.645006Mi
2026-09-23T07:20:00+00:00,products-service,2,793m,547.487076Mi
2026-09-23T07:25:00+00:00,orders-service,1,829m,557.945774Mi
2026-09-23T07:25:00+00:00,payments-service,1,503m,545.645006Mi
2026-09-23T07:25:00+00:00,products-service,2,793m,547.487076Mi
2026-09-23T07:30:00+00:00,orders-service,1,829m,557.945774Mi
2026-09-23T07:30:00+00:00,payments-service,1,510m,546.747968Mi
2026-09-23T07:30:00+00:00,products-service,2,793m,547.487076Mi
2026-09-23T07:35:00+00:00,orders-service,1,829m,557.945774Mi
2026-09-23T07:35:00+00:00,payments-service,1,510m,546.747968Mi
2026-09-23T07:35:00+00:00,products-service,2,793m,547.487076Mi
2026-09-23T07:40:00+00:00,orders-service,1,869m,560.455397Mi
2026-09-23T07:40:00+00:00,payments-service,1,510m,546.747968Mi
2026-09-23T07:40:00+00:00,products-service,2,809m,547.313263Mi
2026-09-23T07:45:00+00:00,orders-service,1,869m,560.455397Mi
2026-09-23T07:45:00+00:00,payments-service,1,510m,546.747968Mi
2026-09-23T07:45:00+00:00,products-service,2,809m,547.313263Mi
2026-09-23T07:50:00+00:00,orders-service,1,869m,560.455397Mi
2026-09-23T07:50:00+00:00,payments-service,1,515m,548.377507Mi
2026-09-23T07:50:00+00:00,products-service,2,809m,547.313263Mi
2026-09-23T07:55:00+00:00,orders-service,1,840m,558.523809Mi
2026-09-23T07:55:00+00:00,payments-service,1,515m,548.377507Mi
2026-09-23T07:55:00+00:00,products-service,2,809m,547.313263Mi
2026-09-23T08:00:00+00:00,orders-service,1,840m,558.523809Mi
2026-09-23T08:00:00+00:00,payments-service,1,515m,548.377507Mi
2026-09-23T08:00:00+00:00,products-service,2,809m,547.313263Mi
2026-09-23T08:05:00+00:00,orders-service,1,840m,558.523809Mi
2026-09-23T08:05:00+00:00,payments-service,1,515m,548.377507Mi
2026-09-23T08:05:00+00:00,products-service,2,809m,547.313263Mi
2026-09-23T08:10:00+00:00,orders-service,1,840m,558.523809Mi
2026-09-23T08:10:00+00:00,payments-service,1,525m,548.700429Mi
2026-09-23T08:10:00+00:00,products-service,2,809m,547.313263Mi
2026-09-23T08:15:00+00:00,orders-service,1,840m,558.523809Mi
2026-09-23T08:15:00+00:00,payments-service,1,525m,548.700429Mi
2026-09-23T08:15:00+00:00,products-service,2,809m,547.313263Mi
2026-09-23T08:20:00+00:00,orders-service,1,849m,556.406045Mi
2026-09-23T08:20:00+00:00,payments-service,1,525m,548.700429Mi
2026-09-23T08:20:00+00:00,products-service,2,809m,547.313263Mi
2026-09-23T08:25:00+00:00,orders-service,1,849m,556.406045Mi
2026-09-23T08:25:00+00:00,payments-service,1,525m,548.700429Mi
2026-09-23T08:25:00+00:00,products-service,2,809m,547.313263Mi
2026-09-23T08:30:00+00:00,orders-service,1,849m,556.406045Mi
2026-09-23T08:30:00+00:00,payments-service,1,525m,548.700429Mi
2026-09-23T08:30:00+00:00,products-service,2,809m,547.313263Mi
2026-09-23T08:35:00+00:00,orders-service,1,884m,558.104215Mi
2026-09-23T08:35:00+00:00,payments-service,1,512m,549.606112Mi
2026-09-23T08:35:00+00:00,products-service,2,809m,547.313263Mi
2026-09-23T08:40:00+00:00,orders-service,1,884m,558.104215Mi
2026-09-23T08:40:00+00:00,payments-service,1,512m,549.606112Mi
2026-09-23T08:40:00+00:00,products-service,2,834m,550.310681Mi
2026-09-23T08:45:00+00:00,orders-service,1,884m,558.104215Mi
2026-09-23T08:45:00+00:00,payments-service,1,512m,549.606112Mi
2026-09-23T08:45:00+00:00,products-service,2,834m,550.310681Mi
2026-09-23T08:50:00+00:00,orders-service,1,884m,558.104215Mi
2026-09-23T08:50:00+00:00,payments-service,1,512m,549.606112Mi
2026-09-23T08:50:00+00:00,products-service,2,834m,550.310681Mi
2026-09-23T08:55:00+00:00,orders-service,1,884m,558.104215Mi
2026-09-23T08:55:00+00:00,payments-service,1,512m,549.606112Mi
2026-09-23T08:55:00+00:00,products-service,2,811m,548.168889Mi
2026-09-23T09:00:00+00:00,orders-service,1,884m,558.104215Mi
2026-09-23T09:00:00+00:00,payments-service,1,512m,549.606112Mi
2026-09-23T09:00:00+00:00,products-service,2,811m,548.168889Mi
2026-09-23T09:05:00+00:00,orders-service,1,810m,553.972753Mi
2026-09-23T09:05:00+00:00,payments-service,1,499m,545.563636Mi
2026-09-23T09:05:00+00:00,products-service,2,811m,548.168889Mi
2026-09-23T09:10:00+00:00,orders-service,1,810m,553.972753Mi
2026-09-23T09:10:00+00:00,payments-service,1,499m,545.563636Mi
2026-09-23T09:10:00+00:00,products-service,2,793m,547.325356Mi
2026-09-23T09:15:00+00:00,orders-service,1,810m,553.972753Mi
2026-09-23T09:15:00+00:00,payments-service,1,499m,545.563636Mi
2026-09-23T09:15:00+00:00,products-service,2,793m,547.325356Mi
2026-09-23T09:20:00+00:00,orders-service,1,797m,553.976504Mi
2026-09-23T09:20:00+00:00,payments-service,1,499m,545.563636Mi
2026-09-23T09:20:00+00:00,products-service,2,793m,547.325356Mi
2026-09-23T09:25:00+00:00,orders-service,1,797m,553.976504Mi
2026-09-23T09:25:00+00:00,payments-service,1,497m,542.435879Mi
2026-09-23T09:25:00+00:00,products-service,2,793m,547.325356Mi
2026-09-23T09:30:00+00:00,orders-service,1,797m,553.976504Mi
2026-09-23T09:30:00+00:00,payments-service,1,497m,542.435879Mi
2026-09-23T09:30:00+00:00,products-service,2,793m,547.325356Mi
2026-09-23T09:35:00+00:00,orders-service,1,797m,553.976504Mi
2026-09-23T09:35:00+00:00,payments-service,1,497m,542.435879Mi
2026-09-23T09:35:00+00:00,products-service,2,793m,547.325356Mi
2026-09-23T09:40:00+00:00,orders-service,1,770m,551.156385Mi
2026-09-23T09:40:00+00:00,payments-service,1,497m,542.435879Mi
2026-09-23T09:40:00+00:00,products-service,2,761m,545.148282Mi
2026-09-23T09:45:00+00:00,orders-service,1,770m,551.156385Mi
2026-09-23T09:45:00+00:00,payments-service,1,497m,542.435879Mi
2026-09-23T09:45:00+00:00,products-service,2,761m,545.148282Mi
2026-09-23T09:50:00+00:00,orders-service,1,770m,551.156385Mi
2026-09-23T09:50:00+00:00,payments-service,1,506m,544.084764Mi
2026-09-23T09:50:00+00:00,products-service,2,761m,545.148282Mi
2026-09-23T09:55:00+00:00,orders-service,1,774m,554.677093Mi
2026-09-23T09:55:00+00:00,payments-service,1,506m,544.084764Mi
2026-09-23T09:55:00+00:00,products-service,2,761m,545.148282Mi
2026-09-23T10:00:00+00:00,orders-service,1,774m,554.677093Mi
2026-09-23T10:00:00+00:00,payments-service,1,506m,544.084764Mi
2026-09-23T10:00:00+00:00,products-service,2,761m,545.148282Mi
2026-09-23T10:05:00+00:00,orders-service,1,774m,554.677093Mi
2026-09-23T10:05:00+00:00,payments-service,1,506m,544.084764Mi
2026-09-23T10:05:00+00:00,products-service,2,761m,545.148282Mi
2026-09-23T10:10:00+00:00,orders-service,1,774m,554.677093Mi
2026-09-23T10:10:00+00:00,payments-service,1,492m,542.300373Mi
2026-09-23T10:10:00+00:00,products-service,2,756m,542.815795Mi
2026-09-23T10:15:00+00:00,orders-service,1,774m,554.677093Mi
2026-09-23T10:15:00+00:00,payments-service,1,492m,542.300373Mi
2026-09-23T10:15:00+00:00,products-service,2,756m,542.815795Mi
2026-09-23T10:20:00+00:00,orders-service,1,774m,554.677093Mi
2026-09-23T10:20:00+00:00,payments-service,1,492m,542.300373Mi
2026-09-23T10:20:00+00:00,products-service,2,756m,542.815795Mi
2026-09-23T10:25:00+00:00,orders-service,1,774m,554.677093Mi
2026-09-23T10:25:00+00:00,payments-service,1,492m,542.300373Mi
2026-09-23T10:25:00+00:00,products-service,2,756m,542.815795Mi
2026-09-23T10:30:00+00:00,orders-service,1,774m,554.677093Mi
2026-09-23T10:30:00+00:00,payments-service,1,492m,542.300373Mi
2026-09-23T10:30:00+00:00,products-service,2,756m,542.815795Mi
2026-09-23T10:35:00+00:00,orders-service,1,774m,554.677093Mi
2026-09-23T10:35:00+00:00,payments-service,1,475m,546.879244Mi
2026-09-23T10:35:00+00:00,products-service,2,756m,542.815795Mi
2026-09-23T10:40:00+00:00,orders-service,1,774m,554.677093Mi
2026-09-23T10:40:00+00:00,payments-service,1,475m,546.879244Mi
2026-09-23T10:40:00+00:00,products-service,2,756m,542.815795Mi
2026-09-23T10:45:00+00:00,orders-service,1,774m,554.677093Mi
2026-09-23T10:45:00+00:00,payments-service,1,475m,546.879244Mi
2026-09-23T10:45:00+00:00,products-service,2,743m,540.559863Mi
2026-09-23T10:50:00+00:00,orders-service,1,774m,554.677093Mi
2026-09-23T10:50:00+00:00,payments-service,1,468m,548.118299Mi
2026-09-23T10:50:00+00:00,products-service,2,743m,540.559863Mi
2026-09-23T10:55:00+00:00,orders-service,1,774m,554.677093Mi
2026-09-23T10:55:00+00:00,payments-service,1,468m,548.118299Mi
2026-09-23T10:55:00+00:00,products-service,2,743m,540.559863Mi
2026-09-23T11:00:00+00:00,orders-service,1,774m,554.677093Mi
2026-09-23T11:00:00+00:00,payments-service,1,468m,548.118299Mi
2026-09-23T11:00:00+00:00,products-service,2,743m,540.559863Mi
2026-09-23T11:05:00+00:00,orders-service,1,774m,554.677093Mi
2026-09-23T11:05:00+00:00,payments-service,1,468m,548.118299Mi
2026-09-23T11:05:00+00:00,products-service,2,743m,540.559863Mi
2026-09-23T11:10:00+00:00,orders-service,1,727m,548.984912Mi
2026-09-23T11:10:00+00:00,payments-service,1,468m,548.118299Mi
2026-09-23T11:10:00+00:00,products-service,2,743m,540.559863Mi
2026-09-23T11:15:00+00:00,orders-service,1,727m,548.984912Mi
2026-09-23T11:15:00+00:00,payments-service,1,468m,548.118299Mi
2026-09-23T11:15:00+00:00,products-service,2,743m,540.559863Mi
2026-09-23T11:20:00+00:00,orders-service,1,727m,548.984912Mi
2026-09-23T11:20:00+00:00,payments-service,1,468m,548.118299Mi
2026-09-23T11:20:00+00:00,products-service,2,743m,540.559863Mi
2026-09-23T11:25:00+00:00,orders-service,1,727m,548.984912Mi
2026-09-23T11:25:00+00:00,payments-service,1,458m,547.293841Mi
2026-09-23T11:25:00+00:00,products-service,2,684m,538.414204Mi
2026-09-23T11:30:00+00:00,orders-service,1,727m,548.984912Mi
2026-09-23T11:30:00+00:00,payments-service,1,458m,547.293841Mi
2026-09-23T11:30:00+00:00,products-service,2,684m,538.414204Mi
2026-09-23T11:35:00+00:00,orders-service,1,727m,548.984912Mi
2026-09-23T11:35:00+00:00,payments-service,1,458m,547.293841Mi
2026-09-23T11:35:00+00:00,products-service,2,684m,538.414204Mi
2026-09-23T11:40:00+00:00,orders-service,1,727m,548.984912Mi
2026-09-23T11:40:00+00:00,payments-service,1,458m,547.293841Mi
2026-09-23T11:40:00+00:00,products-service,2,684m,538.414204Mi
2026-09-23T11:45:00+00:00,orders-service,1,698m,549.714924Mi
2026-09-23T11:45:00+00:00,payments-service,1,454m,547.549006Mi
2026-09-23T11:45:00+00:00,products-service,2,659m,537.800532Mi
2026-09-23T11:50:00+00:00,orders-service,1,698m,549.714924Mi
2026-09-23T11:50:00+00:00,payments-service,1,454m,547.549006Mi
2026-09-23T11:50:00+00:00,products-service,2,659m,537.800532Mi
2026-09-23T11:55:00+00:00,orders-service,1,698m,549.714924Mi
2026-09-23T11:55:00+00:00,payments-service,1,454m,547.549006Mi
2026-09-23T11:55:00+00:00,products-service,2,659m,537.800532Mi
2026-09-23T12:00:00+00:00,orders-service,1,730m,551.83531Mi
2026-09-23T12:00:00+00:00,payments-service,1,454m,547.549006Mi
2026-09-23T12:00:00+00:00,products-service,2,659m,537.800532Mi
2026-09-23T12:05:00+00:00,orders-service,1,730m,551.83531Mi
2026-09-23T12:05:00+00:00,payments-service,1,454m,547.549006Mi
2026-09-23T12:05:00+00:00,products-service,2,643m,538.52999Mi
2026-09-23T12:10:00+00:00,orders-service,1,730m,551.83531Mi
2026-09-23T12:10:00+00:00,payments-service,1,444m,547.533225Mi
2026-09-23T12:10:00+00:00,products-service,2,643m,538.52999Mi
2026-09-23T12:15:00+00:00,orders-service,1,730m,551.83531Mi
2026-09-23T12:15:00+00:00,payments-service,1,444m,547.533225Mi
2026-09-23T12:15:00+00:00,products-service,2,643m,538.52999Mi
2026-09-23T12:20:00+00:00,orders-service,1,730m,551.83531Mi
2026-09-23T12:20:00+00:00,payments-service,1,444m,547.533225Mi
2026-09-23T12:20:00+00:00,products-service,2,644m,534.686446Mi
2026-09-23T12:25:00+00:00,orders-service,1,686m,555.003448Mi
2026-09-23T12:25:00+00:00,payments-service,1,444m,547.533225Mi
2026-09-23T12:25:00+00:00,products-service,2,644m,534.686446Mi
2026-09-23T12:30:00+00:00,orders-service,1,686m,555.003448Mi
2026-09-23T12:30:00+00:00,payments-service,1,444m,547.533225Mi
2026-09-23T12:30:00+00:00,products-service,2,644m,534.686446Mi
2026-09-23T12:35:00+00:00,orders-service,1,686m,555.003448Mi
2026-09-23T12:35:00+00:00,payments-service,1,445m,542.588119Mi
2026-09-23T12:35:00+00:00,products-service,2,644m,534.686446Mi
2026-09-23T12:40:00+00:00,orders-service,1,686m,555.003448Mi
2026-09-23T12:40:00+00:00,payments-service,1,445m,542.588119Mi
2026-09-23T12:40:00+00:00,products-service,2,644m,534.686446Mi
2026-09-23T12:45:00+00:00,orders-service,1,686m,555.003448Mi
2026-09-23T12:45:00+00:00,payments-service,1,445m,542.588119Mi
2026-09-23T12:45:00+00:00,products-service,2,644m,534.686446Mi
2026-09-23T12:50:00+00:00,orders-service,1,677m,550.7021Mi
2026-09-23T12:50:00+00:00,payments-service,1,438m,543.268622Mi
2026-09-23T12:50:00+00:00,products-service,2,636m,535.690423Mi
2026-09-23T12:55:00+00:00,orders-service,1,677m,550.7021Mi
2026-09-23T12:55:00+00:00,payments-service,1,438m,543.268622Mi
2026-09-23T12:55:00+00:00,products-service,2,636m,535.690423Mi
2026-09-23T13:00:00+00:00,orders-service,1,677m,550.7021Mi
2026-09-23T13:00:00+00:00,payments-service,1,438m,543.268622Mi
2026-09-23T13:00:00+00:00,products-service,2,636m,535.690423Mi
2026-09-23T13:05:00+00:00,orders-service,1,666m,549.54904Mi
2026-09-23T13:05:00+00:00,payments-service,1,438m,543.268622Mi
2026-09-23T13:05:00+00:00,products-service,2,636m,535.690423Mi
2026-09-23T13:10:00+00:00,orders-service,1,666m,549.54904Mi
2026-09-23T13:10:00+00:00,payments-service,1,434m,538.935281Mi
2026-09-23T13:10:00+00:00,products-service,2,636m,535.690423Mi
2026-09-23T13:15:00+00:00,orders-service,1,666m,549.54904Mi
2026-09-23T13:15:00+00:00,payments-service,1,434m,538.935281Mi
2026-09-23T13:15:00+00:00,products-service,2,636m,535.690423Mi
2026-09-23T13:20:00+00:00,orders-service,1,666m,549.54904Mi
2026-09-23T13:20:00+00:00,payments-service,1,434m,538.935281Mi
2026-09-23T13:20:00+00:00,products-service,2,636m,535.690423Mi
2026-09-23T13:25:00+00:00,orders-service,1,634m,549.507824Mi
2026-09-23T13:25:00+00:00,payments-service,1,434m,538.935281Mi
2026-09-23T13:25:00+00:00,products-service,2,587m,531.585752Mi
2026-09-23T13:30:00+00:00,orders-service,1,634m,549.507824Mi
2026-09-23T13:30:00+00:00,payments-service,1,434m,538.935281Mi
2026-09-23T13:30:00+00:00,products-service,2,587m,531.585752Mi
2026-09-23T13:35:00+00:00,orders-service,1,634m,549.507824Mi
2026-09-23T13:35:00+00:00,payments-service,1,434m,538.935281Mi
2026-09-23T13:35:00+00:00,products-service,2,587m,531.585752Mi
2026-09-23T13:40:00+00:00,orders-service,1,618m,540.894646Mi
2026-09-23T13:40:00+00:00,payments-service,1,434m,538.935281Mi
2026-09-23T13:40:00+00:00,products-service,2,571m,526.686181Mi
2026-09-23T13:45:00+00:00,orders-service,1,618m,540.894646Mi
2026-09-23T13:45:00+00:00,payments-service,1,434m,538.935281Mi
2026-09-23T13:45:00+00:00,products-service,2,571m,526.686181Mi
2026-09-23T13:50:00+00:00,orders-service,1,618m,540.894646Mi
2026-09-23T13:50:00+00:00,payments-service,1,434m,538.935281Mi
2026-09-23T13:50:00+00:00,products-service,2,571m,526.686181Mi
2026-09-23T13:55:00+00:00,orders-service,1,599m,543.315781Mi
2026-09-23T13:55:00+00:00,payments-service,1,434m,538.935281Mi
2026-09-23T13:55:00+00:00,products-service,2,571m,526.686181Mi
2026-09-23T14:00:00+00:00,orders-service,1,599m,543.315781Mi
2026-09-23T14:00:00+00:00,payments-service,1,434m,538.935281Mi
2026-09-23T14:00:00+00:00,products-service,2,571m,526.686181Mi
2026-09-23T14:05:00+00:00,orders-service,1,599m,543.315781Mi
2026-09-23T14:05:00+00:00,payments-service,1,430m,533.037979Mi
2026-09-23T14:05:00+00:00,products-service,2,571m,526.686181Mi
2026-09-23T14:10:00+00:00,orders-service,1,599m,543.315781Mi
2026-09-23T14:10:00+00:00,payments-service,1,430m,533.037979Mi
2026-09-23T14:10:00+00:00,products-service,2,571m,526.686181Mi
2026-09-23T14:15:00+00:00,orders-service,1,599m,543.315781Mi
2026-09-23T14:15:00+00:00,payments-service,1,430m,533.037979Mi
2026-09-23T14:15:00+00:00,products-service,2,541m,528.159873Mi
2026-09-23T14:20:00+00:00,orders-service,1,592m,543.416462Mi
2026-09-23T14:20:00+00:00,payments-service,1,426m,542.60816Mi
2026-09-23T14:20:00+00:00,products-service,2,541m,528.159873Mi
2026-09-23T14:25:00+00:00,orders-service,1,592m,543.416462Mi
2026-09-23T14:25:00+00:00,payments-service,1,426m,542.60816Mi
2026-09-23T14:25:00+00:00,products-service,2,541m,528.159873Mi
2026-09-23T14:30:00+00:00,orders-service,1,592m,543.416462Mi
2026-09-23T14:30:00+00:00,payments-service,1,426m,542.60816Mi
2026-09-23T14:30:00+00:00,products-service,2,541m,528.159873Mi
2026-09-23T14:35:00+00:00,orders-service,1,586m,543.718465Mi
2026-09-23T14:35:00+00:00,payments-service,1,426m,542.60816Mi
2026-09-23T14:35:00+00:00,products-service,2,534m,523.666342Mi
2026-09-23T14:40:00+00:00,orders-service,1,586m,543.718465Mi
2026-09-23T14:40:00+00:00,payments-service,1,426m,542.60816Mi
2026-09-23T14:40:00+00:00,products-service,2,534m,523.666342Mi
2026-09-23T14:45:00+00:00,orders-service,1,586m,543.718465Mi
2026-09-23T14:45:00+00:00,payments-service,1,426m,542.60816Mi
2026-09-23T14:45:00+00:00,products-service,2,534m,523.666342Mi
2026-09-23T14:50:00+00:00,orders-service,1,540m,542.725106Mi
2026-09-23T14:50:00+00:00,payments-service,1,413m,536.521584Mi
2026-09-23T14:50:00+00:00,products-service,2,500m,520.725473Mi
2026-09-23T14:55:00+00:00,orders-service,1,540m,542.725106Mi
2026-09-23T14:55:00+00:00,payments-service,1,413m,536.521584Mi
2026-09-23T14:55:00+00:00,products-service,2,500m,520.725473Mi
2026-09-23T15:00:00+00:00,orders-service,1,540m,542.725106Mi
2026-09-23T15:00:00+00:00,payments-service,1,413m,536.521584Mi
2026-09-23T15:00:00+00:00,products-service,2,500m,520.725473Mi
2026-09-23T15:05:00+00:00,orders-service,1,540m,542.725106Mi
2026-09-23T15:05:00+00:00,payments-service,1,413m,536.521584Mi
2026-09-23T15:05:00+00:00,products-service,2,500m,520.725473Mi
2026-09-23T15:10:00+00:00,orders-service,1,540m,542.725106Mi
2026-09-23T15:10:00+00:00,payments-service,1,413m,536.521584Mi
2026-09-23T15:10:00+00:00,products-service,2,500m,520.725473Mi
2026-09-23T15:15:00+00:00,orders-service,1,532m,540.30225Mi
2026-09-23T15:15:00+00:00,payments-service,1,413m,536.521584Mi
2026-09-23T15:15:00+00:00,products-service,2,484m,519.942765Mi
2026-09-23T15:20:00+00:00,orders-service,1,532m,540.30225Mi
2026-09-23T15:20:00+00:00,payments-service,1,406m,535.605448Mi
2026-09-23T15:20:00+00:00,products-service,2,484m,519.942765Mi
2026-09-23T15:25:00+00:00,orders-service,1,532m,540.30225Mi
2026-09-23T15:25:00+00:00,payments-service,1,406m,535.605448Mi
2026-09-23T15:25:00+00:00,products-service,2,484m,519.942765Mi
2026-09-23T15:30:00+00:00,orders-service,1,521m,540.664687Mi
2026-09-23T15:30:00+00:00,payments-service,1,406m,535.605448Mi
2026-09-23T15:30:00+00:00,products-service,2,484m,519.942765Mi
2026-09-23T15:35:00+00:00,orders-service,1,521m,540.664687Mi
2026-09-23T15:35:00+00:00,payments-service,1,406m,535.605448Mi
2026-09-23T15:35:00+00:00,products-service,2,474m,515.177106Mi
2026-09-23T15:40:00+00:00,orders-service,1,521m,540.664687Mi
2026-09-23T15:40:00+00:00,payments-service,1,406m,535.605448Mi
2026-09-23T15:40:00+00:00,products-service,2,474m,515.177106Mi
2026-09-23T15:45:00+00:00,orders-service,1,521m,540.664687Mi
2026-09-23T15:45:00+00:00,payments-service,1,411m,537.001786Mi
2026-09-23T15:45:00+00:00,products-service,2,474m,515.177106Mi
2026-09-23T15:50:00+00:00,orders-service,1,521m,540.664687Mi
2026-09-23T15:50:00+00:00,payments-service,1,411m,537.001786Mi
2026-09-23T15:50:00+00:00,products-service,2,474m,515.177106Mi
2026-09-23T15:55:00+00:00,orders-service,1,521m,540.664687Mi
2026-09-23T15:55:00+00:00,payments-service,1,411m,537.001786Mi
2026-09-23T15:55:00+00:00,products-service,2,474m,515.177106Mi
2026-09-23T16:00:00+00:00,orders-service,1,500m,540.654754Mi
2026-09-23T16:00:00+00:00,payments-service,1,411m,537.001786Mi
2026-09-23T16:00:00+00:00,products-service,2,474m,515.177106Mi
2026-09-23T16:05:00+00:00,orders-service,1,500m,540.654754Mi
2026-09-23T16:05:00+00:00,payments-service,1,404m,534.432917Mi
2026-09-23T16:05:00+00:00,products-service,2,474m,515.177106Mi
2026-09-23T16:10:00+00:00,orders-service,1,500m,540.654754Mi
2026-09-23T16:10:00+00:00,payments-service,1,404m,534.432917Mi
2026-09-23T16:10:00+00:00,products-service,2,474m,515.177106Mi
2026-09-23T16:15:00+00:00,orders-service,1,481m,536.162866Mi
2026-09-23T16:15:00+00:00,payments-service,1,404m,534.432917Mi
2026-09-23T16:15:00+00:00,products-service,2,474m,515.177106Mi
2026-09-23T16:20:00+00:00,orders-service,1,481m,536.162866Mi
2026-09-23T16:20:00+00:00,payments-service,1,404m,534.432917Mi
2026-09-23T16:20:00+00:00,products-service,2,467m,513.93991Mi
2026-09-23T16:25:00+00:00,orders-service,1,481m,536.162866Mi
2026-09-23T16:25:00+00:00,payments-service,1,404m,534.432917Mi
2026-09-23T16:25:00+00:00,products-service,2,467m,513.93991Mi
2026-09-23T16:30:00+00:00,orders-service,1,450m,539.157651Mi
2026-09-23T16:30:00+00:00,payments-service,1,404m,534.432917Mi
2026-09-23T16:30:00+00:00,products-service,2,467m,513.93991Mi
2026-09-23T16:35:00+00:00,orders-service,1,450m,539.157651Mi
2026-09-23T16:35:00+00:00,payments-service,1,404m,534.432917Mi
2026-09-23T16:35:00+00:00,products-service,2,446m,516.389258Mi
2026-09-23T16:40:00+00:00,orders-service,1,450m,539.157651Mi
2026-09-23T16:40:00+00:00,payments-service,1,404m,534.432917Mi
2026-09-23T16:40:00+00:00,products-service,2,446m,516.389258Mi
2026-09-23T16:45:00+00:00,orders-service,1,450m,539.157651Mi
2026-09-23T16:45:00+00:00,payments-service,1,402m,528.750498Mi
2026-09-23T16:45:00+00:00,products-service,2,446m,516.389258Mi
2026-09-23T16:50:00+00:00,orders-service,1,428m,537.72434Mi
2026-09-23T16:50:00+00:00,payments-service,1,402m,528.750498Mi
2026-09-23T16:50:00+00:00,products-service,2,446m,516.389258Mi
2026-09-23T16:55:00+00:00,orders-service,1,428m,537.72434Mi
2026-09-23T16:55:00+00:00,payments-service,1,402m,528.750498Mi
2026-09-23T16:55:00+00:00,products-service,2,442m,528.984402Mi
2026-09-23T17:00:00+00:00,orders-service,1,428m,537.72434Mi
2026-09-23T17:00:00+00:00,payments-service,1,402m,528.750498Mi
2026-09-23T17:00:00+00:00,products-service,2,442m,528.984402Mi
2026-09-23T17:05:00+00:00,orders-service,1,428m,537.72434Mi
2026-09-23T17:05:00+00:00,payments-service,1,402m,528.750498Mi
2026-09-23T17:05:00+00:00,products-service,2,442m,528.984402Mi
2026-09-23T17:10:00+00:00,orders-service,1,428m,537.72434Mi
2026-09-23T17:10:00+00:00,payments-service,1,401m,527.768937Mi
2026-09-23T17:10:00+00:00,products-service,2,442m,528.984402Mi
2026-09-23T17:15:00+00:00,orders-service,1,428m,537.72434Mi
2026-09-23T17:15:00+00:00,payments-service,1,401m,527.768937Mi
2026-09-23T17:15:00+00:00,products-service,2,422m,532.147166Mi
2026-09-23T17:20:00+00:00,orders-service,1,428m,537.72434Mi
2026-09-23T17:20:00+00:00,payments-service,1,401m,527.768937Mi
2026-09-23T17:20:00+00:00,products-service,2,422m,532.147166Mi
2026-09-23T17:25:00+00:00,orders-service,1,428m,537.72434Mi
2026-09-23T17:25:00+00:00,payments-service,1,401m,527.768937Mi
2026-09-23T17:25:00+00:00,products-service,2,422m,532.147166Mi
2026-09-23T17:30:00+00:00,orders-service,1,415m,538.13561Mi
2026-09-23T17:30:00+00:00,payments-service,1,401m,527.768937Mi
2026-09-23T17:30:00+00:00,products-service,2,422m,532.147166Mi
2026-09-23T17:35:00+00:00,orders-service,1,415m,538.13561Mi
2026-09-23T17:35:00+00:00,payments-service,1,400m,525.264448Mi
2026-09-23T17:35:00+00:00,products-service,2,422m,532.147166Mi
2026-09-23T17:40:00+00:00,orders-service,1,415m,538.13561Mi
2026-09-23T17:40:00+00:00,payments-service,1,400m,525.264448Mi
2026-09-23T17:40:00+00:00,products-service,2,422m,532.147166Mi
2026-09-23T17:45:00+00:00,orders-service,1,416m,536.692562Mi
2026-09-23T17:45:00+00:00,payments-service,1,400m,525.264448Mi
2026-09-23T17:45:00+00:00,products-service,2,422m,532.147166Mi
2026-09-23T17:50:00+00:00,orders-service,1,416m,536.692562Mi
2026-09-23T17:50:00+00:00,payments-service,1,400m,527.049261Mi
2026-09-23T17:50:00+00:00,products-service,2,417m,525.067936Mi
2026-09-23T17:55:00+00:00,orders-service,1,416m,536.692562Mi
2026-09-23T17:55:00+00:00,payments-service,1,400m,527.049261Mi
2026-09-23T17:55:00+00:00,products-service,2,417m,525.067936Mi
2026-09-23T18:00:00+00:00,orders-service,1,416m,536.692562Mi
2026-09-23T18:00:00+00:00,payments-service,1,400m,527.049261Mi
2026-09-23T18:00:00+00:00,products-service,2,417m,525.067936Mi
2026-09-23T18:05:00+00:00,orders-service,1,416m,536.692562Mi
2026-09-23T18:05:00+00:00,payments-service,1,400m,526.070669Mi
2026-09-23T18:05:00+00:00,products-service,2,409m,519.895424Mi
2026-09-23T18:10:00+00:00,orders-service,1,412m,538.274486Mi
2026-09-23T18:10:00+00:00,payments-service,1,400m,526.070669Mi
2026-09-23T18:10:00+00:00,products-service,2,409m,519.895424Mi
2026-09-23T18:15:00+00:00,orders-service,1,412m,538.274486Mi
2026-09-23T18:15:00+00:00,payments-service,1,400m,526.070669Mi
2026-09-23T18:15:00+00:00,products-service,2,409m,519.895424Mi
2026-09-23T18:20:00+00:00,orders-service,1,412m,538.274486Mi
2026-09-23T18:20:00+00:00,payments-service,1,400m,526.070669Mi
2026-09-23T18:20:00+00:00,products-service,2,404m,515.15817Mi
2026-09-23T18:25:00+00:00,orders-service,1,412m,538.274486Mi
2026-09-23T18:25:00+00:00,payments-service,1,400m,524.217574Mi
2026-09-23T18:25:00+00:00,products-service,2,404m,515.15817Mi
2026-09-23T18:30:00+00:00,orders-service,1,407m,538.803727Mi
2026-09-23T18:30:00+00:00,payments-service,1,400m,524.217574Mi
2026-09-23T18:30:00+00:00,products-service,2,404m,515.15817Mi
2026-09-23T18:35:00+00:00,orders-service,1,407m,538.803727Mi
2026-09-23T18:35:00+00:00,payments-service,1,400m,524.217574Mi
2026-09-23T18:35:00+00:00,products-service,2,402m,513.263268Mi
2026-09-23T18:40:00+00:00,orders-service,1,407m,538.803727Mi
2026-09-23T18:40:00+00:00,payments-service,1,400m,524.217574Mi
2026-09-23T18:40:00+00:00,products-service,2,402m,513.263268Mi
2026-09-23T18:45:00+00:00,orders-service,1,403m,539.686103Mi
2026-09-23T18:45:00+00:00,payments-service,1,400m,524.025177Mi
2026-09-23T18:45:00+00:00,products-service,2,402m,513.263268Mi
2026-09-23T18:50:00+00:00,orders-service,1,403m,539.686103Mi
2026-09-23T18:50:00+00:00,payments-service,1,400m,524.025177Mi
2026-09-23T18:50:00+00:00,products-service,2,401m,512.505307Mi
2026-09-23T18:55:00+00:00,orders-service,1,403m,539.686103Mi
2026-09-23T18:55:00+00:00,payments-service,1,400m,524.025177Mi
2026-09-23T18:55:00+00:00,products-service,2,401m,512.505307Mi
2026-09-23T19:00:00+00:00,orders-service,1,403m,539.686103Mi
2026-09-23T19:00:00+00:00,payments-service,1,400m,524.025177Mi
2026-09-23T19:00:00+00:00,products-service,2,401m,512.505307Mi
2026-09-23T19:05:00+00:00,orders-service,1,401m,540.217251Mi
2026-09-23T19:05:00+00:00,payments-service,1,400m,524.025177Mi
2026-09-23T19:05:00+00:00,products-service,2,401m,512.505307Mi
2026-09-23T19:10:00+00:00,orders-service,1,401m,540.217251Mi
2026-09-23T19:10:00+00:00,payments-service,1,400m,522.314954Mi
2026-09-23T19:10:00+00:00,products-service,2,401m,512.505307Mi
2026-09-23T19:15:00+00:00,orders-service,1,401m,540.217251Mi
2026-09-23T19:15:00+00:00,payments-service,1,400m,522.314954Mi
2026-09-23T19:15:00+00:00,products-service,2,400m,512.202123Mi
2026-09-23T19:20:00+00:00,orders-service,1,405m,541.004332Mi
2026-09-23T19:20:00+00:00,payments-service,1,400m,522.314954Mi
2026-09-23T19:20:00+00:00,products-service,2,400m,512.202123Mi
2026-09-23T19:25:00+00:00,orders-service,1,405m,541.004332Mi
2026-09-23T19:25:00+00:00,payments-service,1,400m,522.314954Mi
2026-09-23T19:25:00+00:00,products-service,2,400m,512.202123Mi
2026-09-23T19:30:00+00:00,orders-service,1,405m,541.004332Mi
2026-09-23T19:30:00+00:00,payments-service,1,400m,519.731511Mi
2026-09-23T19:30:00+00:00,products-service,2,400m,512.080849Mi
2026-09-23T19:35:00+00:00,orders-service,1,405m,541.004332Mi
2026-09-23T19:35:00+00:00,payments-service,1,400m,519.731511Mi
2026-09-23T19:35:00+00:00,products-service,2,400m,512.080849Mi
2026-09-23T19:40:00+00:00,orders-service,1,405m,541.004332Mi
2026-09-23T19:40:00+00:00,payments-service,1,400m,519.731511Mi
2026-09-23T19:40:00+00:00,products-service,2,400m,512.080849Mi
2026-09-23T19:45:00+00:00,orders-service,1,404m,541.526Mi
2026-09-23T19:45:00+00:00,payments-service,1,400m,519.31996Mi
2026-09-23T19:45:00+00:00,products-service,2,400m,512.03234Mi
2026-09-23T19:50:00+00:00,orders-service,1,404m,541.526Mi
2026-09-23T19:50:00+00:00,payments-service,1,400m,519.31996Mi
2026-09-23T19:50:00+00:00,products-service,2,400m,512.03234Mi
2026-09-23T19:55:00+00:00,orders-service,1,404m,541.526Mi
2026-09-23T19:55:00+00:00,payments-service,1,400m,519.31996Mi
2026-09-23T19:55:00+00:00,products-service,2,400m,512.03234Mi
2026-09-23T20:00:00+00:00,orders-service,1,404m,541.526Mi
2026-09-23T20:00:00+00:00,payments-service,1,400m,522.172515Mi
2026-09-23T20:00:00+00:00,products-service,2,400m,512.03234Mi
2026-09-23T20:05:00+00:00,orders-service,1,404m,541.526Mi
2026-09-23T20:05:00+00:00,payments-service,1,400m,522.172515Mi
2026-09-23T20:05:00+00:00,products-service,2,400m,512.03234Mi
2026-09-23T20:10:00+00:00,orders-service,1,404m,541.526Mi
2026-09-23T20:10:00+00:00,payments-service,1,400m,522.172515Mi
2026-09-23T20:10:00+00:00,products-service,2,400m,512.03234Mi
2026-09-23T20:15:00+00:00,orders-service,1,404m,541.526Mi
2026-09-23T20:15:00+00:00,payments-service,1,400m,516.069006Mi
2026-09-23T20:15:00+00:00,products-service,2,400m,512.012936Mi
2026-09-23T20:20:00+00:00,orders-service,1,404m,541.526Mi
2026-09-23T20:20:00+00:00,payments-service,1,400m,516.069006Mi
2026-09-23T20:20:00+00:00,products-service,2,400m,512.012936Mi
2026-09-23T20:25:00+00:00,orders-service,1,405m,542.162256Mi
2026-09-23T20:25:00+00:00,payments-service,1,400m,516.069006Mi
2026-09-23T20:25:00+00:00,products-service,2,400m,512.012936Mi
2026-09-23T20:30:00+00:00,orders-service,1,405m,542.162256Mi
2026-09-23T20:30:00+00:00,payments-service,1,400m,519.738052Mi
2026-09-23T20:30:00+00:00,products-service,2,400m,512.005174Mi
2026-09-23T20:35:00+00:00,orders-service,1,405m,542.162256Mi
2026-09-23T20:35:00+00:00,payments-service,1,400m,519.738052Mi
2026-09-23T20:35:00+00:00,products-service,2,400m,512.005174Mi
2026-09-23T20:40:00+00:00,orders-service,1,404m,540.514878Mi
2026-09-23T20:40:00+00:00,payments-service,1,400m,519.738052Mi
2026-09-23T20:40:00+00:00,products-service,2,400m,512.005174Mi
2026-09-23T20:45:00+00:00,orders-service,1,404m,540.514878Mi
2026-09-23T20:45:00+00:00,payments-service,1,400m,519.738052Mi
2026-09-23T20:45:00+00:00,products-service,2,400m,512.00207Mi
2026-09-23T20:50:00+00:00,orders-service,1,404m,540.514878Mi
2026-09-23T20:50:00+00:00,payments-service,1,400m,519.738052Mi
2026-09-23T20:50:00+00:00,products-service,2,400m,512.00207Mi
2026-09-23T20:55:00+00:00,orders-service,1,403m,541.958857Mi
2026-09-23T20:55:00+00:00,payments-service,1,400m,520.382648Mi
2026-09-23T20:55:00+00:00,products-service,2,400m,512.00207Mi
2026-09-23T21:00:00+00:00,orders-service,1,403m,541.958857Mi
2026-09-23T21:00:00+00:00,payments-service,1,400m,520.382648Mi
2026-09-23T21:00:00+00:00,products-service,2,400m,512.000828Mi
2026-09-23T21:05:00+00:00,orders-service,1,403m,541.958857Mi
2026-09-23T21:05:00+00:00,payments-service,1,400m,520.382648Mi
2026-09-23T21:05:00+00:00,products-service,2,400m,512.000828Mi
2026-09-23T21:10:00+00:00,orders-service,1,403m,541.958857Mi
2026-09-23T21:10:00+00:00,payments-service,1,400m,526.209529Mi
2026-09-23T21:10:00+00:00,products-service,2,400m,512.000828Mi
2026-09-23T21:15:00+00:00,orders-service,1,403m,541.958857Mi
2026-09-23T21:15:00+00:00,payments-service,1,400m,526.209529Mi
2026-09-23T21:15:00+00:00,products-service,2,400m,512.000331Mi
2026-09-23T21:20:00+00:00,orders-service,1,403m,541.958857Mi
2026-09-23T21:20:00+00:00,payments-service,1,400m,526.209529Mi
2026-09-23T21:20:00+00:00,products-service,2,400m,512.000331Mi
2026-09-23T21:25:00+00:00,orders-service,1,410m,541.362119Mi
2026-09-23T21:25:00+00:00,payments-service,1,400m,523.16588Mi
2026-09-23T21:25:00+00:00,products-service,2,400m,512.000331Mi
2026-09-23T21:30:00+00:00,orders-service,1,410m,541.362119Mi
2026-09-23T21:30:00+00:00,payments-service,1,400m,523.16588Mi
2026-09-23T21:30:00+00:00,products-service,2,400m,512.000331Mi
2026-09-23T21:35:00+00:00,orders-service,1,410m,541.362119Mi
2026-09-23T21:35:00+00:00,payments-service,1,400m,523.16588Mi
2026-09-23T21:35:00+00:00,products-service,2,400m,512.000331Mi
2026-09-23T21:40:00+00:00,orders-service,1,410m,541.362119Mi
2026-09-23T21:40:00+00:00,payments-service,1,400m,525.065205Mi
2026-09-23T21:40:00+00:00,products-service,2,400m,512.000331Mi
2026-09-23T21:45:00+00:00,orders-service,1,415m,538.677025Mi
2026-09-23T21:45:00+00:00,payments-service,1,400m,525.065205Mi
2026-09-23T21:45:00+00:00,products-service,2,401m,512.000132Mi
2026-09-23T21:50:00+00:00,orders-service,1,415m,538.677025Mi
2026-09-23T21:50:00+00:00,payments-service,1,400m,525.065205Mi
2026-09-23T21:50:00+00:00,products-service,2,401m,512.000132Mi
2026-09-23T21:55:00+00:00,orders-service,1,415m,538.677025Mi
2026-09-23T21:55:00+00:00,payments-service,1,400m,524.873482Mi
2026-09-23T21:55:00+00:00,products-service,2,401m,512.000132Mi
2026-09-23T22:00:00+00:00,orders-service,1,415m,538.677025Mi
2026-09-23T22:00:00+00:00,payments-service,1,400m,524.873482Mi
2026-09-23T22:00:00+00:00,products-service,2,401m,512.000132Mi
2026-09-23T22:05:00+00:00,orders-service,1,415m,538.677025Mi
2026-09-23T22:05:00+00:00,payments-service,1,400m,524.873482Mi
2026-09-23T22:05:00+00:00,products-service,2,400m,512.000053Mi
2026-09-23T22:10:00+00:00,orders-service,1,415m,538.677025Mi
2026-09-23T22:10:00+00:00,payments-service,1,400m,524.873482Mi
2026-09-23T22:10:00+00:00,products-service,2,400m,512.000053Mi
2026-09-23T22:15:00+00:00,orders-service,1,415m,538.677025Mi
2026-09-23T22:15:00+00:00,payments-service,1,400m,524.873482Mi
2026-09-23T22:15:00+00:00,products-service,2,400m,512.000053Mi
2026-09-23T22:20:00+00:00,orders-service,1,412m,537.899985Mi
2026-09-23T22:20:00+00:00,payments-service,1,400m,525.774759Mi
2026-09-23T22:20:00+00:00,products-service,2,410m,512.000021Mi
2026-09-23T22:25:00+00:00,orders-service,1,412m,537.899985Mi
2026-09-23T22:25:00+00:00,payments-service,1,400m,525.774759Mi
2026-09-23T22:25:00+00:00,products-service,2,410m,512.000021Mi
2026-09-23T22:30:00+00:00,orders-service,1,412m,537.899985Mi
2026-09-23T22:30:00+00:00,payments-service,1,400m,525.774759Mi
2026-09-23T22:30:00+00:00,products-service,2,410m,512.000021Mi
2026-09-23T22:35:00+00:00,orders-service,1,429m,536.76545Mi
2026-09-23T22:35:00+00:00,payments-service,1,400m,527.293192Mi
2026-09-23T22:35:00+00:00,products-service,2,410m,512.000021Mi
2026-09-23T22:40:00+00:00,orders-service,1,429m,536.76545Mi
2026-09-23T22:40:00+00:00,payments-service,1,400m,527.293192Mi
2026-09-23T22:40:00+00:00,products-service,2,410m,512.000021Mi
2026-09-23T22:45:00+00:00,orders-service,1,429m,536.76545Mi
2026-09-23T22:45:00+00:00,payments-service,1,400m,527.293192Mi
2026-09-23T22:45:00+00:00,products-service,2,425m,512.000008Mi
2026-09-23T22:50:00+00:00,orders-service,1,429m,536.76545Mi
2026-09-23T22:50:00+00:00,payments-service,1,400m,527.293192Mi
2026-09-23T22:50:00+00:00,products-service,2,425m,512.000008Mi
2026-09-23T22:55:00+00:00,orders-service,1,425m,536.882999Mi
2026-09-23T22:55:00+00:00,payments-service,1,400m,527.293192Mi
2026-09-23T22:55:00+00:00,products-service,2,425m,512.000008Mi
2026-09-23T23:00:00+00:00,orders-service,1,425m,536.882999Mi
2026-09-23T23:00:00+00:00,payments-service,1,400m,527.293192Mi
2026-09-23T23:00:00+00:00,products-service,2,425m,512.000008Mi
2026-09-23T23:05:00+00:00,orders-service,1,425m,536.882999Mi
2026-09-23T23:05:00+00:00,payments-service,1,400m,527.293192Mi
2026-09-23T23:05:00+00:00,products-service,2,425m,512.000008Mi
2026-09-23T23:10:00+00:00,orders-service,1,425m,536.882999Mi
2026-09-23T23:10:00+00:00,payments-service,1,402m,533.074101Mi
2026-09-23T23:10:00+00:00,products-service,2,425m,512.000008Mi
2026-09-23T23:15:00+00:00,orders-service,1,441m,534.051527Mi
2026-09-23T23:15:00+00:00,payments-service,1,402m,533.074101Mi
2026-09-23T23:15:00+00:00,products-service,2,425m,512.000008Mi
2026-09-23T23:20:00+00:00,orders-service,1,441m,534.051527Mi
2026-09-23T23:20:00+00:00,payments-service,1,402m,533.074101Mi
2026-09-23T23:20:00+00:00,products-service,2,438m,515.881766Mi
2026-09-23T23:25:00+00:00,orders-service,1,441m,534.051527Mi
2026-09-23T23:25:00+00:00,payments-service,1,402m,533.074101Mi
2026-09-23T23:25:00+00:00,products-service,2,438m,515.881766Mi
2026-09-23T23:30:00+00:00,orders-service,1,441m,534.051527Mi
2026-09-23T23:30:00+00:00,payments-service,1,402m,533.074101Mi
2026-09-23T23:30:00+00:00,products-service,2,438m,515.881766Mi
2026-09-23T23:35:00+00:00,orders-service,1,441m,534.051527Mi
2026-09-23T23:35:00+00:00,payments-service,1,402m,533.074101Mi
2026-09-23T23:35:00+00:00,products-service,2,438m,515.881766Mi
2026-09-23T23:40:00+00:00,orders-service,1,446m,536.092852Mi
2026-09-23T23:40:00+00:00,payments-service,1,402m,533.074101Mi
2026-09-23T23:40:00+00:00,products-service,2,446m,514.27059Mi
2026-09-23T23:45:00+00:00,orders-service,1,446m,536.092852Mi
2026-09-23T23:45:00+00:00,payments-service,1,402m,533.074101Mi
2026-09-23T23:45:00+00:00,products-service,2,446m,514.27059Mi
2026-09-23T23:50:00+00:00,orders-service,1,446m,536.092852Mi
2026-09-23T23:50:00+00:00,payments-service,1,402m,533.074101Mi
2026-09-23T23:50:00+00:00,products-service,2,446m,514.27059Mi
2026-09-23T23:55:00+00:00,orders-service,1,466m,535.975544Mi
2026-09-23T23:55:00+00:00,payments-service,1,401m,536.001186Mi
2026-09-23T23:55:00+00:00,products-service,2,446m,514.27059Mi
2026-09-24T00:00:00+00:00,orders-service,1,466m,535.975544Mi
2026-09-24T00:00:00+00:00,payments-service,1,401m,536.001186Mi
2026-09-24T00:00:00+00:00,products-service,2,464m,514.31899Mi
2026-09-24T00:05:00+00:00,orders-service,1,466m,535.975544Mi
2026-09-24T00:05:00+00:00,payments-service,1,401m,536.001186Mi
2026-09-24T00:05:00+00:00,products-service,2,464m,514.31899Mi
2026-09-24T00:10:00+00:00,orders-service,1,466m,535.975544Mi
2026-09-24T00:10:00+00:00,payments-service,1,401m,536.001186Mi
2026-09-24T00:10:00+00:00,products-service,2,464m,514.31899Mi
2026-09-24T00:15:00+00:00,orders-service,1,466m,535.975544Mi
2026-09-24T00:15:00+00:00,payments-service,1,401m,536.001186Mi
2026-09-24T00:15:00+00:00,products-service,2,464m,514.31899Mi
2026-09-24T00:20:00+00:00,orders-service,1,466m,535.975544Mi
2026-09-24T00:20:00+00:00,payments-service,1,401m,536.001186Mi
2026-09-24T00:20:00+00:00,products-service,2,463m,518.275923Mi
2026-09-24T00:25:00+00:00,orders-service,1,518m,540.095296Mi
2026-09-24T00:25:00+00:00,payments-service,1,401m,536.001186Mi
2026-09-24T00:25:00+00:00,products-service,2,463m,518.275923Mi
2026-09-24T00:30:00+00:00,orders-service,1,518m,540.095296Mi
2026-09-24T00:30:00+00:00,payments-service,1,403m,538.011412Mi
2026-09-24T00:30:00+00:00,products-service,2,463m,518.275923Mi
2026-09-24T00:35:00+00:00,orders-service,1,518m,540.095296Mi
2026-09-24T00:35:00+00:00,payments-service,1,403m,538.011412Mi
2026-09-24T00:35:00+00:00,products-service,2,473m,517.010491Mi
2026-09-24T00:40:00+00:00,orders-service,1,518m,540.095296Mi
2026-09-24T00:40:00+00:00,payments-service,1,403m,538.011412Mi
2026-09-24T00:40:00+00:00,products-service,2,473m,517.010491Mi
2026-09-24T00:45:00+00:00,orders-service,1,521m,541.557894Mi
2026-09-24T00:45:00+00:00,payments-service,1,403m,538.011412Mi
2026-09-24T00:45:00+00:00,products-service,2,473m,517.010491Mi
2026-09-24T00:50:00+00:00,orders-service,1,521m,541.557894Mi
2026-09-24T00:50:00+00:00,payments-service,1,407m,541.334338Mi
2026-09-24T00:50:00+00:00,products-service,2,511m,523.470786Mi
2026-09-24T00:55:00+00:00,orders-service,1,521m,541.557894Mi
2026-09-24T00:55:00+00:00,payments-service,1,407m,541.334338Mi
2026-09-24T00:55:00+00:00,products-service,2,511m,523.470786Mi
2026-09-24T01:00:00+00:00,orders-service,1,521m,541.557894Mi
2026-09-24T01:00:00+00:00,payments-service,1,407m,541.334338Mi
2026-09-24T01:00:00+00:00,products-service,2,511m,523.470786Mi
2026-09-24T01:05:00+00:00,orders-service,1,540m,541.926209Mi
2026-09-24T01:05:00+00:00,payments-service,1,404m,536.63531Mi
2026-09-24T01:05:00+00:00,products-service,2,511m,523.470786Mi
2026-09-24T01:10:00+00:00,orders-service,1,540m,541.926209Mi
2026-09-24T01:10:00+00:00,payments-service,1,404m,536.63531Mi
2026-09-24T01:10:00+00:00,products-service,2,511m,523.470786Mi
2026-09-24T01:15:00+00:00,orders-service,1,540m,541.926209Mi
2026-09-24T01:15:00+00:00,payments-service,1,404m,536.63531Mi
2026-09-24T01:15:00+00:00,products-service,2,522m,529.888436Mi
2026-09-24T01:20:00+00:00,orders-service,1,540m,541.926209Mi
2026-09-24T01:20:00+00:00,payments-service,1,404m,536.63531Mi
2026-09-24T01:20:00+00:00,products-service,2,522m,529.888436Mi
2026-09-24T01:25:00+00:00,orders-service,1,540m,541.926209Mi
2026-09-24T01:25:00+00:00,payments-service,1,412m,539.985374Mi
2026-09-24T01:25:00+00:00,products-service,2,522m,529.888436Mi
2026-09-24T01:30:00+00:00,orders-service,1,540m,541.926209Mi
2026-09-24T01:30:00+00:00,payments-service,1,412m,539.985374Mi
2026-09-24T01:30:00+00:00,products-service,2,521m,527.245999Mi
2026-09-24T01:35:00+00:00,orders-service,1,577m,547.525537Mi
2026-09-24T01:35:00+00:00,payments-service,1,412m,539.985374Mi
2026-09-24T01:35:00+00:00,products-service,2,521m,527.245999Mi
2026-09-24T01:40:00+00:00,orders-service,1,577m,547.525537Mi
2026-09-24T01:40:00+00:00,payments-service,1,412m,539.985374Mi
2026-09-24T01:40:00+00:00,products-service,2,521m,527.245999Mi
2026-09-24T01:45:00+00:00,orders-service,1,577m,547.525537Mi
2026-09-24T01:45:00+00:00,payments-service,1,412m,539.985374Mi
2026-09-24T01:45:00+00:00,products-service,2,529m,529.068102Mi
2026-09-24T01:50:00+00:00,orders-service,1,577m,547.525537Mi
2026-09-24T01:50:00+00:00,payments-service,1,412m,539.985374Mi
2026-09-24T01:50:00+00:00,products-service,2,529m,529.068102Mi
2026-09-24T01:55:00+00:00,orders-service,1,592m,540.137693Mi
2026-09-24T01:55:00+00:00,payments-service,1,412m,539.985374Mi
2026-09-24T01:55:00+00:00,products-service,2,529m,529.068102Mi
2026-09-24T02:00:00+00:00,orders-service,1,592m,540.137693Mi
2026-09-24T02:00:00+00:00,payments-service,1,412m,539.985374Mi
2026-09-24T02:00:00+00:00,products-service,2,529m,529.068102Mi
2026-09-24T02:05:00+00:00,orders-service,1,592m,540.137693Mi
2026-09-24T02:05:00+00:00,payments-service,1,412m,539.985374Mi
2026-09-24T02:05:00+00:00,products-service,2,529m,529.068102Mi
2026-09-24T02:10:00+00:00,orders-service,1,593m,540.935338Mi
2026-09-24T02:10:00+00:00,payments-service,1,412m,539.985374Mi
2026-09-24T02:10:00+00:00,products-service,2,545m,526.853962Mi
2026-09-24T02:15:00+00:00,orders-service,1,593m,540.935338Mi
2026-09-24T02:15:00+00:00,payments-service,1,423m,536.068075Mi
2026-09-24T02:15:00+00:00,products-service,2,545m,526.853962Mi
2026-09-24T02:20:00+00:00,orders-service,1,593m,540.935338Mi
2026-09-24T02:20:00+00:00,payments-service,1,423m,536.068075Mi
2026-09-24T02:20:00+00:00,products-service,2,545m,526.853962Mi
2026-09-24T02:25:00+00:00,orders-service,1,633m,548.801528Mi
2026-09-24T02:25:00+00:00,payments-service,1,423m,536.068075Mi
2026-09-24T02:25:00+00:00,products-service,2,583m,534.101705Mi
2026-09-24T02:30:00+00:00,orders-service,1,633m,548.801528Mi
2026-09-24T02:30:00+00:00,payments-service,1,436m,536.154928Mi
2026-09-24T02:30:00+00:00,products-service,2,583m,534.101705Mi
2026-09-24T02:35:00+00:00,orders-service,1,633m,548.801528Mi
2026-09-24T02:35:00+00:00,payments-service,1,436m,536.154928Mi
2026-09-24T02:35:00+00:00,products-service,2,583m,534.101705Mi
2026-09-24T02:40:00+00:00,orders-service,1,640m,546.035895Mi
2026-09-24T02:40:00+00:00,payments-service,1,436m,536.154928Mi
2026-09-24T02:40:00+00:00,products-service,2,583m,534.101705Mi
2026-09-24T02:45:00+00:00,orders-service,1,640m,546.035895Mi
2026-09-24T02:45:00+00:00,payments-service,1,436m,536.154928Mi
2026-09-24T02:45:00+00:00,products-service,2,583m,534.101705Mi
2026-09-24T02:50:00+00:00,orders-service,1,640m,546.035895Mi
2026-09-24T02:50:00+00:00,payments-service,1,447m,534.582039Mi
2026-09-24T02:50:00+00:00,products-service,2,584m,529.822188Mi
2026-09-24T02:55:00+00:00,orders-service,1,640m,546.035895Mi
2026-09-24T02:55:00+00:00,payments-service,1,447m,534.582039Mi
2026-09-24T02:55:00+00:00,products-service,2,584m,529.822188Mi
2026-09-24T03:00:00+00:00,orders-service,1,640m,546.035895Mi
2026-09-24T03:00:00+00:00,payments-service,1,447m,534.582039Mi
2026-09-24T03:00:00+00:00,products-service,2,584m,529.822188Mi
2026-09-24T03:05:00+00:00,orders-service,1,640m,546.035895Mi
2026-09-24T03:05:00+00:00,payments-service,1,447m,534.582039Mi
2026-09-24T03:05:00+00:00,products-service,2,591m,531.916522Mi
2026-09-24T03:10:00+00:00,orders-service,1,640m,546.035895Mi
2026-09-24T03:10:00+00:00,payments-service,1,447m,534.582039Mi
2026-09-24T03:10:00+00:00,products-service,2,591m,531.916522Mi
2026-09-24T03:15:00+00:00,orders-service,1,644m,551.005044Mi
2026-09-24T03:15:00+00:00,payments-service,1,447m,534.582039Mi
2026-09-24T03:15:00+00:00,products-service,2,591m,531.916522Mi
2026-09-24T03:20:00+00:00,orders-service,1,644m,551.005044Mi
2026-09-24T03:20:00+00:00,payments-service,1,447m,534.582039Mi
2026-09-24T03:20:00+00:00,products-service,2,591m,531.916522Mi
2026-09-24T03:25:00+00:00,orders-service,1,644m,551.005044Mi
2026-09-24T03:25:00+00:00,payments-service,1,460m,536.014322Mi
2026-09-24T03:25:00+00:00,products-service,2,591m,531.916522Mi
2026-09-24T03:30:00+00:00,orders-service,1,658m,553.273111Mi
2026-09-24T03:30:00+00:00,payments-service,1,460m,536.014322Mi
2026-09-24T03:30:00+00:00,products-service,2,620m,532.337617Mi
2026-09-24T03:35:00+00:00,orders-service,1,658m,553.273111Mi
2026-09-24T03:35:00+00:00,payments-service,1,460m,536.014322Mi
2026-09-24T03:35:00+00:00,products-service,2,620m,532.337617Mi
2026-09-24T03:40:00+00:00,orders-service,1,658m,553.273111Mi
2026-09-24T03:40:00+00:00,payments-service,1,460m,536.014322Mi
2026-09-24T03:40:00+00:00,products-service,2,620m,532.337617Mi
2026-09-24T03:45:00+00:00,orders-service,1,702m,553.714371Mi
2026-09-24T03:45:00+00:00,payments-service,1,472m,537.219279Mi
2026-09-24T03:45:00+00:00,products-service,2,620m,532.337617Mi
2026-09-24T03:50:00+00:00,orders-service,1,702m,553.714371Mi
2026-09-24T03:50:00+00:00,payments-service,1,472m,537.219279Mi
2026-09-24T03:50:00+00:00,products-service,2,652m,533.592603Mi
2026-09-24T03:55:00+00:00,orders-service,1,702m,553.714371Mi
2026-09-24T03:55:00+00:00,payments-service,1,472m,537.219279Mi
2026-09-24T03:55:00+00:00,products-service,2,652m,533.592603Mi
2026-09-24T04:00:00+00:00,orders-service,1,731m,556.074737Mi
2026-09-24T04:00:00+00:00,payments-service,1,468m,538.777336Mi
2026-09-24T04:00:00+00:00,products-service,2,652m,533.592603Mi
2026-09-24T04:05:00+00:00,orders-service,1,731m,556.074737Mi
2026-09-24T04:05:00+00:00,payments-service,1,468m,538.777336Mi
2026-09-24T04:05:00+00:00,products-service,2,654m,535.228679Mi
2026-09-24T04:10:00+00:00,orders-service,1,731m,556.074737Mi
2026-09-24T04:10:00+00:00,payments-service,1,468m,538.777336Mi
2026-09-24T04:10:00+00:00,products-service,2,654m,535.228679Mi
2026-09-24T04:15:00+00:00,orders-service,1,709m,553.21377Mi
2026-09-24T04:15:00+00:00,payments-service,1,468m,538.777336Mi
2026-09-24T04:15:00+00:00,products-service,2,654m,535.228679Mi
2026-09-24T04:20:00+00:00,orders-service,1,709m,553.21377Mi
2026-09-24T04:20:00+00:00,payments-service,1,468m,538.777336Mi
2026-09-24T04:20:00+00:00,products-service,2,654m,535.228679Mi
2026-09-24T04:25:00+00:00,orders-service,1,709m,553.21377Mi
2026-09-24T04:25:00+00:00,payments-service,1,468m,538.777336Mi
2026-09-24T04:25:00+00:00,products-service,2,707m,542.124113Mi
2026-09-24T04:30:00+00:00,orders-service,1,758m,552.096922Mi
2026-09-24T04:30:00+00:00,payments-service,1,468m,538.777336Mi
2026-09-24T04:30:00+00:00,products-service,2,707m,542.124113Mi
2026-09-24T04:35:00+00:00,orders-service,1,758m,552.096922Mi
2026-09-24T04:35:00+00:00,payments-service,1,468m,538.777336Mi
2026-09-24T04:35:00+00:00,products-service,2,707m,542.124113Mi
2026-09-24T04:40:00+00:00,orders-service,1,758m,552.096922Mi
2026-09-24T04:40:00+00:00,payments-service,1,468m,538.777336Mi
2026-09-24T04:40:00+00:00,products-service,2,707m,542.124113Mi
2026-09-24T04:45:00+00:00,orders-service,1,747m,554.904369Mi
2026-09-24T04:45:00+00:00,payments-service,1,468m,538.777336Mi
2026-09-24T04:45:00+00:00,products-service,2,707m,542.124113Mi
2026-09-24T04:50:00+00:00,orders-service,1,747m,554.904369Mi
2026-09-24T04:50:00+00:00,payments-service,1,468m,538.777336Mi
2026-09-24T04:50:00+00:00,products-service,2,718m,558.381334Mi
2026-09-24T04:55:00+00:00,orders-service,1,747m,554.904369Mi
2026-09-24T04:55:00+00:00,payments-service,1,469m,541.08978Mi
2026-09-24T04:55:00+00:00,products-service,2,718m,558.381334Mi
2026-09-24T05:00:00+00:00,orders-service,1,733m,549.64246Mi
2026-09-24T05:00:00+00:00,payments-service,1,469m,541.08978Mi
2026-09-24T05:00:00+00:00,products-service,2,718m,558.381334Mi
2026-09-24T05:05:00+00:00,orders-service,1,733m,549.64246Mi
2026-09-24T05:05:00+00:00,payments-service,1,469m,541.08978Mi
2026-09-24T05:05:00+00:00,products-service,2,718m,558.381334Mi
2026-09-24T05:10:00+00:00,orders-service,1,733m,549.64246Mi
2026-09-24T05:10:00+00:00,payments-service,1,469m,541.08978Mi
2026-09-24T05:10:00+00:00,products-service,2,765m,564.64842Mi
2026-09-24T05:15:00+00:00,orders-service,1,801m,557.001393Mi
2026-09-24T05:15:00+00:00,payments-service,1,469m,541.08978Mi
2026-09-24T05:15:00+00:00,products-service,2,765m,564.64842Mi
2026-09-24T05:20:00+00:00,orders-service,1,801m,557.001393Mi
2026-09-24T05:20:00+00:00,payments-service,1,494m,545.590367Mi
2026-09-24T05:20:00+00:00,products-service,2,765m,564.64842Mi
2026-09-24T05:25:00+00:00,orders-service,1,801m,557.001393Mi
2026-09-24T05:25:00+00:00,payments-service,1,494m,545.590367Mi
2026-09-24T05:25:00+00:00,products-service,2,765m,564.64842Mi
2026-09-24T05:30:00+00:00,orders-service,1,791m,555.061763Mi
2026-09-24T05:30:00+00:00,payments-service,1,494m,545.590367Mi
2026-09-24T05:30:00+00:00,products-service,2,765m,564.64842Mi
2026-09-24T05:35:00+00:00,orders-service,1,791m,555.061763Mi
2026-09-24T05:35:00+00:00,payments-service,1,494m,545.590367Mi
2026-09-24T05:35:00+00:00,products-service,2,765m,564.64842Mi
2026-09-24T05:40:00+00:00,orders-service,1,791m,555.061763Mi
2026-09-24T05:40:00+00:00,payments-service,1,494m,545.590367Mi
2026-09-24T05:40:00+00:00,products-service,2,756m,564.327373Mi
2026-09-24T05:45:00+00:00,orders-service,1,791m,555.061763Mi
2026-09-24T05:45:00+00:00,payments-service,1,494m,545.590367Mi
2026-09-24T05:45:00+00:00,products-service,2,756m,564.327373Mi
2026-09-24T05:50:00+00:00,orders-service,1,791m,555.061763Mi
2026-09-24T05:50:00+00:00,payments-service,1,494m,545.590367Mi
2026-09-24T05:50:00+00:00,products-service,2,756m,564.327373Mi
2026-09-24T05:55:00+00:00,orders-service,1,791m,555.061763Mi
2026-09-24T05:55:00+00:00,payments-service,1,494m,545.590367Mi
2026-09-24T05:55:00+00:00,products-service,2,756m,564.327373Mi
2026-09-24T06:00:00+00:00,orders-service,1,791m,555.061763Mi
2026-09-24T06:00:00+00:00,payments-service,1,494m,545.590367Mi
2026-09-24T06:00:00+00:00,products-service,2,756m,564.327373Mi
2026-09-24T06:05:00+00:00,orders-service,1,791m,555.061763Mi
2026-09-24T06:05:00+00:00,payments-service,1,504m,549.035769Mi
2026-09-24T06:05:00+00:00,products-service,2,793m,566.46862Mi
2026-09-24T06:10:00+00:00,orders-service,1,865m,563.737156Mi
2026-09-24T06:10:00+00:00,payments-service,1,504m,549.035769Mi
2026-09-24T06:10:00+00:00,products-service,2,793m,566.46862Mi
2026-09-24T06:15:00+00:00,orders-service,1,865m,563.737156Mi
2026-09-24T06:15:00+00:00,payments-service,1,504m,549.035769Mi
2026-09-24T06:15:00+00:00,products-service,2,793m,566.46862Mi
2026-09-24T06:20:00+00:00,orders-service,1,865m,563.737156Mi
2026-09-24T06:20:00+00:00,payments-service,1,504m,549.035769Mi
2026-09-24T06:20:00+00:00,products-service,2,793m,566.46862Mi
2026-09-24T06:25:00+00:00,orders-service,1,893m,563.019252Mi
2026-09-24T06:25:00+00:00,payments-service,1,521m,554.341322Mi
2026-09-24T06:25:00+00:00,products-service,2,822m,567.981918Mi
2026-09-24T06:30:00+00:00,orders-service,1,893m,563.019252Mi
2026-09-24T06:30:00+00:00,payments-service,1,521m,554.341322Mi
2026-09-24T06:30:00+00:00,products-service,2,822m,567.981918Mi
2026-09-24T06:35:00+00:00,orders-service,1,893m,563.019252Mi
2026-09-24T06:35:00+00:00,payments-service,1,521m,554.341322Mi
2026-09-24T06:35:00+00:00,products-service,2,822m,567.981918Mi
2026-09-24T06:40:00+00:00,orders-service,1,875m,560.439757Mi
2026-09-24T06:40:00+00:00,payments-service,1,521m,554.341322Mi
2026-09-24T06:40:00+00:00,products-service,2,822m,567.981918Mi
2026-09-24T06:45:00+00:00,orders-service,1,875m,560.439757Mi
2026-09-24T06:45:00+00:00,payments-service,1,521m,554.341322Mi
2026-09-24T06:45:00+00:00,products-service,2,822m,567.981918Mi
2026-09-24T06:50:00+00:00,orders-service,1,875m,560.439757Mi
2026-09-24T06:50:00+00:00,payments-service,1,521m,554.341322Mi
2026-09-24T06:50:00+00:00,products-service,2,822m,567.981918Mi
2026-09-24T06:55:00+00:00,orders-service,1,834m,555.690149Mi
2026-09-24T06:55:00+00:00,payments-service,1,521m,554.341322Mi
2026-09-24T06:55:00+00:00,products-service,2,775m,565.736285Mi
2026-09-24T07:00:00+00:00,orders-service,1,834m,555.690149Mi
2026-09-24T07:00:00+00:00,payments-service,1,516m,555.712993Mi
2026-09-24T07:00:00+00:00,products-service,2,775m,565.736285Mi
2026-09-24T07:05:00+00:00,orders-service,1,834m,555.690149Mi
2026-09-24T07:05:00+00:00,payments-service,1,516m,555.712993Mi
2026-09-24T07:05:00+00:00,products-service,2,775m,565.736285Mi
2026-09-24T07:10:00+00:00,orders-service,1,834m,555.690149Mi
2026-09-24T07:10:00+00:00,payments-service,1,516m,555.712993Mi
2026-09-24T07:10:00+00:00,products-service,2,775m,565.736285Mi
2026-09-24T07:15:00+00:00,orders-service,1,815m,555.075486Mi
2026-09-24T07:15:00+00:00,payments-service,1,516m,555.712993Mi
2026-09-24T07:15:00+00:00,products-service,2,775m,565.736285Mi
2026-09-24T07:20:00+00:00,orders-service,1,815m,555.075486Mi
2026-09-24T07:20:00+00:00,payments-service,1,516m,555.712993Mi
2026-09-24T07:20:00+00:00,products-service,2,775m,565.736285Mi
2026-09-24T07:25:00+00:00,orders-service,1,815m,555.075486Mi
2026-09-24T07:25:00+00:00,payments-service,1,516m,555.712993Mi
2026-09-24T07:25:00+00:00,products-service,2,775m,565.736285Mi
2026-09-24T07:30:00+00:00,orders-service,1,863m,559.799396Mi
2026-09-24T07:30:00+00:00,payments-service,1,495m,551.800993Mi
2026-09-24T07:30:00+00:00,products-service,2,775m,565.736285Mi
2026-09-24T07:35:00+00:00,orders-service,1,863m,559.799396Mi
2026-09-24T07:35:00+00:00,payments-service,1,495m,551.800993Mi
2026-09-24T07:35:00+00:00,products-service,2,775m,565.736285Mi
2026-09-24T07:40:00+00:00,orders-service,1,863m,559.799396Mi
2026-09-24T07:40:00+00:00,payments-service,1,495m,551.800993Mi
2026-09-24T07:40:00+00:00,products-service,2,808m,566.634077Mi
2026-09-24T07:45:00+00:00,orders-service,1,831m,557.919405Mi
2026-09-24T07:45:00+00:00,payments-service,1,495m,551.800993Mi
2026-09-24T07:45:00+00:00,products-service,2,808m,566.634077Mi
2026-09-24T07:50:00+00:00,orders-service,1,831m,557.919405Mi
2026-09-24T07:50:00+00:00,payments-service,1,495m,551.800993Mi
2026-09-24T07:50:00+00:00,products-service,2,808m,566.634077Mi
2026-09-24T07:55:00+00:00,orders-service,1,831m,557.919405Mi
2026-09-24T07:55:00+00:00,payments-service,1,495m,551.800993Mi
2026-09-24T07:55:00+00:00,products-service,2,834m,568.105743Mi
2026-09-24T08:00:00+00:00,orders-service,1,831m,557.919405Mi
2026-09-24T08:00:00+00:00,payments-service,1,495m,551.800993Mi
2026-09-24T08:00:00+00:00,products-service,2,834m,568.105743Mi
2026-09-24T08:05:00+00:00,orders-service,1,851m,561.02826Mi
2026-09-24T08:05:00+00:00,payments-service,1,498m,554.934276Mi
2026-09-24T08:05:00+00:00,products-service,2,834m,568.105743Mi
2026-09-24T08:10:00+00:00,orders-service,1,851m,561.02826Mi
2026-09-24T08:10:00+00:00,payments-service,1,498m,554.934276Mi
2026-09-24T08:10:00+00:00,products-service,2,810m,558.990149Mi
2026-09-24T08:15:00+00:00,orders-service,1,851m,561.02826Mi
2026-09-24T08:15:00+00:00,payments-service,1,498m,554.934276Mi
2026-09-24T08:15:00+00:00,products-service,2,810m,558.990149Mi
2026-09-24T08:20:00+00:00,orders-service,1,837m,560.900708Mi
2026-09-24T08:20:00+00:00,payments-service,1,498m,554.934276Mi
2026-09-24T08:20:00+00:00,products-service,2,810m,558.990149Mi
2026-09-24T08:25:00+00:00,orders-service,1,837m,560.900708Mi
2026-09-24T08:25:00+00:00,payments-service,1,500m,555.357499Mi
2026-09-24T08:25:00+00:00,products-service,2,806m,552.983645Mi
2026-09-24T08:30:00+00:00,orders-service,1,837m,560.900708Mi
2026-09-24T08:30:00+00:00,payments-service,1,500m,555.357499Mi
2026-09-24T08:30:00+00:00,products-service,2,806m,552.983645Mi
2026-09-24T08:35:00+00:00,orders-service,1,837m,560.900708Mi
2026-09-24T08:35:00+00:00,payments-service,1,500m,555.357499Mi
2026-09-24T08:35:00+00:00,products-service,2,806m,552.983645Mi
2026-09-24T08:40:00+00:00,orders-service,1,854m,556.92354Mi
2026-09-24T08:40:00+00:00,payments-service,1,511m,559.903998Mi
2026-09-24T08:40:00+00:00,products-service,2,811m,551.112379Mi
2026-09-24T08:45:00+00:00,orders-service,1,854m,556.92354Mi
2026-09-24T08:45:00+00:00,payments-service,1,511m,559.903998Mi
2026-09-24T08:45:00+00:00,products-service,2,811m,551.112379Mi
2026-09-24T08:50:00+00:00,orders-service,1,854m,556.92354Mi
2026-09-24T08:50:00+00:00,payments-service,1,511m,559.903998Mi
2026-09-24T08:50:00+00:00,products-service,2,811m,551.112379Mi
2026-09-24T08:55:00+00:00,orders-service,1,854m,556.92354Mi
2026-09-24T08:55:00+00:00,payments-service,1,479m,553.634134Mi
2026-09-24T08:55:00+00:00,products-service,2,811m,551.112379Mi
2026-09-24T09:00:00+00:00,orders-service,1,832m,555.489631Mi
2026-09-24T09:00:00+00:00,payments-service,1,479m,553.634134Mi
2026-09-24T09:00:00+00:00,products-service,2,801m,545.853839Mi
2026-09-24T09:05:00+00:00,orders-service,1,832m,555.489631Mi
2026-09-24T09:05:00+00:00,payments-service,1,479m,553.634134Mi
2026-09-24T09:05:00+00:00,products-service,2,801m,545.853839Mi
2026-09-24T09:10:00+00:00,orders-service,1,832m,555.489631Mi
2026-09-24T09:10:00+00:00,payments-service,1,479m,553.634134Mi
2026-09-24T09:10:00+00:00,products-service,2,801m,545.853839Mi
2026-09-24T09:15:00+00:00,orders-service,1,832m,555.489631Mi
2026-09-24T09:15:00+00:00,payments-service,1,479m,553.634134Mi
2026-09-24T09:15:00+00:00,products-service,2,801m,545.853839Mi
2026-09-24T09:20:00+00:00,orders-service,1,837m,555.91868Mi
2026-09-24T09:20:00+00:00,payments-service,1,479m,553.634134Mi
2026-09-24T09:20:00+00:00,products-service,2,800m,548.134956Mi
2026-09-24T09:25:00+00:00,orders-service,1,837m,555.91868Mi
2026-09-24T09:25:00+00:00,payments-service,1,517m,556.125919Mi
2026-09-24T09:25:00+00:00,products-service,2,800m,548.134956Mi
2026-09-24T09:30:00+00:00,orders-service,1,837m,555.91868Mi
2026-09-24T09:30:00+00:00,payments-service,1,517m,556.125919Mi
2026-09-24T09:30:00+00:00,products-service,2,800m,548.134956Mi
2026-09-24T09:35:00+00:00,orders-service,1,837m,555.91868Mi
2026-09-24T09:35:00+00:00,payments-service,1,517m,556.125919Mi
2026-09-24T09:35:00+00:00,products-service,2,800m,548.134956Mi
2026-09-24T09:40:00+00:00,orders-service,1,825m,553.634013Mi
2026-09-24T09:40:00+00:00,payments-service,1,517m,556.125919Mi
2026-09-24T09:40:00+00:00,products-service,2,800m,548.134956Mi
2026-09-24T09:45:00+00:00,orders-service,1,825m,553.634013Mi
2026-09-24T09:45:00+00:00,payments-service,1,504m,552.603371Mi
2026-09-24T09:45:00+00:00,products-service,2,777m,546.913638Mi
2026-09-24T09:50:00+00:00,orders-service,1,825m,553.634013Mi
2026-09-24T09:50:00+00:00,payments-service,1,504m,552.603371Mi
2026-09-24T09:50:00+00:00,products-service,2,777m,546.913638Mi
2026-09-24T09:55:00+00:00,orders-service,1,825m,553.634013Mi
2026-09-24T09:55:00+00:00,payments-service,1,504m,552.603371Mi
2026-09-24T09:55:00+00:00,products-service,2,777m,546.913638Mi
2026-09-24T10:00:00+00:00,orders-service,1,825m,553.634013Mi
2026-09-24T10:00:00+00:00,payments-service,1,485m,551.848441Mi
2026-09-24T10:00:00+00:00,products-service,2,777m,546.913638Mi
2026-09-24T10:05:00+00:00,orders-service,1,825m,553.634013Mi
2026-09-24T10:05:00+00:00,payments-service,1,485m,551.848441Mi
2026-09-24T10:05:00+00:00,products-service,2,777m,546.913638Mi
2026-09-24T10:10:00+00:00,orders-service,1,795m,554.520805Mi
2026-09-24T10:10:00+00:00,payments-service,1,485m,551.848441Mi
2026-09-24T10:10:00+00:00,products-service,2,747m,542.102797Mi
2026-09-24T10:15:00+00:00,orders-service,1,795m,554.520805Mi
2026-09-24T10:15:00+00:00,payments-service,1,485m,551.848441Mi
2026-09-24T10:15:00+00:00,products-service,2,747m,542.102797Mi
2026-09-24T10:20:00+00:00,orders-service,1,795m,554.520805Mi
2026-09-24T10:20:00+00:00,payments-service,1,485m,551.848441Mi
2026-09-24T10:20:00+00:00,products-service,2,747m,542.102797Mi
2026-09-24T10:25:00+00:00,orders-service,1,795m,554.520805Mi
2026-09-24T10:25:00+00:00,payments-service,1,485m,551.848441Mi
2026-09-24T10:25:00+00:00,products-service,2,747m,542.102797Mi
2026-09-24T10:30:00+00:00,orders-service,1,795m,554.520805Mi
2026-09-24T10:30:00+00:00,payments-service,1,485m,551.848441Mi
2026-09-24T10:30:00+00:00,products-service,2,747m,542.102797Mi
2026-09-24T10:35:00+00:00,orders-service,1,795m,554.520805Mi
2026-09-24T10:35:00+00:00,payments-service,1,485m,551.848441Mi
2026-09-24T10:35:00+00:00,products-service,2,747m,542.102797Mi
2026-09-24T10:40:00+00:00,orders-service,1,795m,554.520805Mi
2026-09-24T10:40:00+00:00,payments-service,1,485m,551.848441Mi
2026-09-24T10:40:00+00:00,products-service,2,747m,542.102797Mi
2026-09-24T10:45:00+00:00,orders-service,1,795m,554.520805Mi
2026-09-24T10:45:00+00:00,payments-service,1,485m,551.848441Mi
2026-09-24T10:45:00+00:00,products-service,2,704m,542.276556Mi
2026-09-24T10:50:00+00:00,orders-service,1,795m,554.520805Mi
2026-09-24T10:50:00+00:00,payments-service,1,463m,548.187618Mi
2026-09-24T10:50:00+00:00,products-service,2,704m,542.276556Mi
2026-09-24T10:55:00+00:00,orders-service,1,757m,553.246103Mi
2026-09-24T10:55:00+00:00,payments-service,1,463m,548.187618Mi
2026-09-24T10:55:00+00:00,products-service,2,704m,542.276556Mi
2026-09-24T11:00:00+00:00,orders-service,1,757m,553.246103Mi
2026-09-24T11:00:00+00:00,payments-service,1,463m,548.187618Mi
2026-09-24T11:00:00+00:00,products-service,2,723m,541.146609Mi
2026-09-24T11:05:00+00:00,orders-service,1,757m,553.246103Mi
2026-09-24T11:05:00+00:00,payments-service,1,476m,549.298338Mi
2026-09-24T11:05:00+00:00,products-service,2,723m,541.146609Mi
2026-09-24T11:10:00+00:00,orders-service,1,757m,553.246103Mi
2026-09-24T11:10:00+00:00,payments-service,1,476m,549.298338Mi
2026-09-24T11:10:00+00:00,products-service,2,723m,541.146609Mi
2026-09-24T11:15:00+00:00,orders-service,1,737m,551.867863Mi
2026-09-24T11:15:00+00:00,payments-service,1,476m,549.298338Mi
2026-09-24T11:15:00+00:00,products-service,2,687m,538.382667Mi
2026-09-24T11:20:00+00:00,orders-service,1,737m,551.867863Mi
2026-09-24T11:20:00+00:00,payments-service,1,476m,549.298338Mi
2026-09-24T11:20:00+00:00,products-service,2,687m,538.382667Mi
2026-09-24T11:25:00+00:00,orders-service,1,737m,551.867863Mi
2026-09-24T11:25:00+00:00,payments-service,1,474m,550.647973Mi
2026-09-24T11:25:00+00:00,products-service,2,687m,538.382667Mi
2026-09-24T11:30:00+00:00,orders-service,1,772m,555.545644Mi
2026-09-24T11:30:00+00:00,payments-service,1,474m,550.647973Mi
2026-09-24T11:30:00+00:00,products-service,2,713m,540.335318Mi
2026-09-24T11:35:00+00:00,orders-service,1,772m,555.545644Mi
2026-09-24T11:35:00+00:00,payments-service,1,474m,550.647973Mi
2026-09-24T11:35:00+00:00,products-service,2,713m,540.335318Mi
2026-09-24T11:40:00+00:00,orders-service,1,772m,555.545644Mi
2026-09-24T11:40:00+00:00,payments-service,1,474m,550.647973Mi
2026-09-24T11:40:00+00:00,products-service,2,713m,540.335318Mi
2026-09-24T11:45:00+00:00,orders-service,1,762m,552.517818Mi
2026-09-24T11:45:00+00:00,payments-service,1,468m,548.897617Mi
2026-09-24T11:45:00+00:00,products-service,2,713m,540.335318Mi
2026-09-24T11:50:00+00:00,orders-service,1,762m,552.517818Mi
2026-09-24T11:50:00+00:00,payments-service,1,468m,548.897617Mi
2026-09-24T11:50:00+00:00,products-service,2,713m,540.335318Mi
2026-09-24T11:55:00+00:00,orders-service,1,762m,552.517818Mi
2026-09-24T11:55:00+00:00,payments-service,1,468m,548.897617Mi
2026-09-24T11:55:00+00:00,products-service,2,682m,539.518563Mi
2026-09-24T12:00:00+00:00,orders-service,1,721m,547.448179Mi
2026-09-24T12:00:00+00:00,payments-service,1,459m,548.252516Mi
2026-09-24T12:00:00+00:00,products-service,2,682m,539.518563Mi
2026-09-24T12:05:00+00:00,orders-service,1,721m,547.448179Mi
2026-09-24T12:05:00+00:00,payments-service,1,459m,548.252516Mi
2026-09-24T12:05:00+00:00,products-service,2,682m,539.518563Mi
2026-09-24T12:10:00+00:00,orders-service,1,721m,547.448179Mi
2026-09-24T12:10:00+00:00,payments-service,1,459m,548.252516Mi
2026-09-24T12:10:00+00:00,products-service,2,672m,534.043118Mi
2026-09-24T12:15:00+00:00,orders-service,1,721m,547.448179Mi
2026-09-24T12:15:00+00:00,payments-service,1,455m,547.029436Mi
2026-09-24T12:15:00+00:00,products-service,2,672m,534.043118Mi
2026-09-24T12:20:00+00:00,orders-service,1,721m,547.448179Mi
2026-09-24T12:20:00+00:00,payments-service,1,455m,547.029436Mi
2026-09-24T12:20:00+00:00,products-service,2,672m,534.043118Mi
2026-09-24T12:25:00+00:00,orders-service,1,689m,549.211157Mi
2026-09-24T12:25:00+00:00,payments-service,1,455m,547.029436Mi
2026-09-24T12:25:00+00:00,products-service,2,633m,535.343077Mi
2026-09-24T12:30:00+00:00,orders-service,1,689m,549.211157Mi
2026-09-24T12:30:00+00:00,payments-service,1,455m,547.029436Mi
2026-09-24T12:30:00+00:00,products-service,2,633m,535.343077Mi
2026-09-24T12:35:00+00:00,orders-service,1,689m,549.211157Mi
2026-09-24T12:35:00+00:00,payments-service,1,454m,546.060468Mi
2026-09-24T12:35:00+00:00,products-service,2,633m,535.343077Mi
2026-09-24T12:40:00+00:00,orders-service,1,689m,549.211157Mi
2026-09-24T12:40:00+00:00,payments-service,1,454m,546.060468Mi
2026-09-24T12:40:00+00:00,products-service,2,633m,535.343077Mi
2026-09-24T12:45:00+00:00,orders-service,1,689m,549.211157Mi
2026-09-24T12:45:00+00:00,payments-service,1,454m,546.060468Mi
2026-09-24T12:45:00+00:00,products-service,2,633m,535.343077Mi
2026-09-24T12:50:00+00:00,orders-service,1,662m,550.894387Mi
2026-09-24T12:50:00+00:00,payments-service,1,448m,546.034734Mi
2026-09-24T12:50:00+00:00,products-service,2,633m,535.343077Mi
2026-09-24T12:55:00+00:00,orders-service,1,662m,550.894387Mi
2026-09-24T12:55:00+00:00,payments-service,1,448m,546.034734Mi
2026-09-24T12:55:00+00:00,products-service,2,590m,532.534496Mi
2026-09-24T13:00:00+00:00,orders-service,1,662m,550.894387Mi
2026-09-24T13:00:00+00:00,payments-service,1,448m,546.034734Mi
2026-09-24T13:00:00+00:00,products-service,2,590m,532.534496Mi
2026-09-24T13:05:00+00:00,orders-service,1,662m,550.894387Mi
2026-09-24T13:05:00+00:00,payments-service,1,448m,546.034734Mi
2026-09-24T13:05:00+00:00,products-service,2,590m,532.534496Mi
2026-09-24T13:10:00+00:00,orders-service,1,662m,550.894387Mi
2026-09-24T13:10:00+00:00,payments-service,1,448m,546.034734Mi
2026-09-24T13:10:00+00:00,products-service,2,590m,532.534496Mi
2026-09-24T13:15:00+00:00,orders-service,1,634m,547.78256Mi
2026-09-24T13:15:00+00:00,payments-service,1,442m,542.182705Mi
2026-09-24T13:15:00+00:00,products-service,2,582m,530.839958Mi
2026-09-24T13:20:00+00:00,orders-service,1,634m,547.78256Mi
2026-09-24T13:20:00+00:00,payments-service,1,442m,542.182705Mi
2026-09-24T13:20:00+00:00,products-service,2,582m,530.839958Mi
2026-09-24T13:25:00+00:00,orders-service,1,634m,547.78256Mi
2026-09-24T13:25:00+00:00,payments-service,1,442m,542.182705Mi
2026-09-24T13:25:00+00:00,products-service,2,582m,530.839958Mi
2026-09-24T13:30:00+00:00,orders-service,1,638m,551.056652Mi
2026-09-24T13:30:00+00:00,payments-service,1,437m,539.106846Mi
2026-09-24T13:30:00+00:00,products-service,2,582m,530.839958Mi
2026-09-24T13:35:00+00:00,orders-service,1,638m,551.056652Mi
2026-09-24T13:35:00+00:00,payments-service,1,437m,539.106846Mi
2026-09-24T13:35:00+00:00,products-service,2,582m,530.839958Mi
2026-09-24T13:40:00+00:00,orders-service,1,638m,551.056652Mi
2026-09-24T13:40:00+00:00,payments-service,1,437m,539.106846Mi
2026-09-24T13:40:00+00:00,products-service,2,557m,529.43829Mi
2026-09-24T13:45:00+00:00,orders-service,1,638m,551.056652Mi
2026-09-24T13:45:00+00:00,payments-service,1,437m,539.106846Mi
2026-09-24T13:45:00+00:00,products-service,2,557m,529.43829Mi
2026-09-24T13:50:00+00:00,orders-service,1,613m,550.916423Mi
2026-09-24T13:50:00+00:00,payments-service,1,437m,539.106846Mi
2026-09-24T13:50:00+00:00,products-service,2,557m,529.43829Mi
2026-09-24T13:55:00+00:00,orders-service,1,613m,550.916423Mi
2026-09-24T13:55:00+00:00,payments-service,1,431m,541.203639Mi
2026-09-24T13:55:00+00:00,products-service,2,531m,526.297191Mi
2026-09-24T14:00:00+00:00,orders-service,1,613m,550.916423Mi
2026-09-24T14:00:00+00:00,payments-service,1,431m,541.203639Mi
2026-09-24T14:00:00+00:00,products-service,2,531m,526.297191Mi
2026-09-24T14:05:00+00:00,orders-service,1,613m,550.916423Mi
2026-09-24T14:05:00+00:00,payments-service,1,431m,541.203639Mi
2026-09-24T14:05:00+00:00,products-service,2,531m,526.297191Mi
2026-09-24T14:10:00+00:00,orders-service,1,613m,550.916423Mi
2026-09-24T14:10:00+00:00,payments-service,1,431m,541.203639Mi
2026-09-24T14:10:00+00:00,products-service,2,531m,526.297191Mi
2026-09-24T14:15:00+00:00,orders-service,1,572m,548.033512Mi
2026-09-24T14:15:00+00:00,payments-service,1,431m,541.203639Mi
2026-09-24T14:15:00+00:00,products-service,2,531m,526.297191Mi
2026-09-24T14:20:00+00:00,orders-service,1,572m,548.033512Mi
2026-09-24T14:20:00+00:00,payments-service,1,420m,533.955394Mi
2026-09-24T14:20:00+00:00,products-service,2,531m,526.297191Mi
2026-09-24T14:25:00+00:00,orders-service,1,572m,548.033512Mi
2026-09-24T14:25:00+00:00,payments-service,1,420m,533.955394Mi
2026-09-24T14:25:00+00:00,products-service,2,531m,526.297191Mi
2026-09-24T14:30:00+00:00,orders-service,1,572m,548.033512Mi
2026-09-24T14:30:00+00:00,payments-service,1,420m,533.955394Mi
2026-09-24T14:30:00+00:00,products-service,2,531m,526.297191Mi
2026-09-24T14:35:00+00:00,orders-service,1,572m,548.033512Mi
2026-09-24T14:35:00+00:00,payments-service,1,421m,541.21746Mi
2026-09-24T14:35:00+00:00,products-service,2,531m,526.297191Mi
2026-09-24T14:40:00+00:00,orders-service,1,572m,548.033512Mi
2026-09-24T14:40:00+00:00,payments-service,1,421m,541.21746Mi
2026-09-24T14:40:00+00:00,products-service,2,531m,526.297191Mi
2026-09-24T14:45:00+00:00,orders-service,1,572m,548.033512Mi
2026-09-24T14:45:00+00:00,payments-service,1,421m,541.21746Mi
2026-09-24T14:45:00+00:00,products-service,2,531m,526.297191Mi
2026-09-24T14:50:00+00:00,orders-service,1,530m,545.977418Mi
2026-09-24T14:50:00+00:00,payments-service,1,416m,538.03923Mi
2026-09-24T14:50:00+00:00,products-service,2,493m,520.44008Mi
2026-09-24T14:55:00+00:00,orders-service,1,530m,545.977418Mi
2026-09-24T14:55:00+00:00,payments-service,1,416m,538.03923Mi
2026-09-24T14:55:00+00:00,products-service,2,493m,520.44008Mi
2026-09-24T15:00:00+00:00,orders-service,1,530m,545.977418Mi
2026-09-24T15:00:00+00:00,payments-service,1,416m,538.03923Mi
2026-09-24T15:00:00+00:00,products-service,2,493m,520.44008Mi
2026-09-24T15:05:00+00:00,orders-service,1,530m,545.977418Mi
2026-09-24T15:05:00+00:00,payments-service,1,406m,543.404559Mi
2026-09-24T15:05:00+00:00,products-service,2,506m,525.128339Mi
2026-09-24T15:10:00+00:00,orders-service,1,530m,545.977418Mi
2026-09-24T15:10:00+00:00,payments-service,1,406m,543.404559Mi
2026-09-24T15:10:00+00:00,products-service,2,506m,525.128339Mi
2026-09-24T15:15:00+00:00,orders-service,1,499m,541.950708Mi
2026-09-24T15:15:00+00:00,payments-service,1,406m,543.404559Mi
2026-09-24T15:15:00+00:00,products-service,2,506m,525.128339Mi
2026-09-24T15:20:00+00:00,orders-service,1,499m,541.950708Mi
2026-09-24T15:20:00+00:00,payments-service,1,406m,543.404559Mi
2026-09-24T15:20:00+00:00,products-service,2,506m,525.128339Mi
2026-09-24T15:25:00+00:00,orders-service,1,499m,541.950708Mi
2026-09-24T15:25:00+00:00,payments-service,1,411m,542.971284Mi
2026-09-24T15:25:00+00:00,products-service,2,506m,525.128339Mi
2026-09-24T15:30:00+00:00,orders-service,1,507m,541.737888Mi
2026-09-24T15:30:00+00:00,payments-service,1,411m,542.971284Mi
2026-09-24T15:30:00+00:00,products-service,2,490m,521.773711Mi
2026-09-24T15:35:00+00:00,orders-service,1,507m,541.737888Mi
2026-09-24T15:35:00+00:00,payments-service,1,411m,542.971284Mi
2026-09-24T15:35:00+00:00,products-service,2,490m,521.773711Mi
2026-09-24T15:40:00+00:00,orders-service,1,507m,541.737888Mi
2026-09-24T15:40:00+00:00,payments-service,1,410m,537.396583Mi
2026-09-24T15:40:00+00:00,products-service,2,490m,521.773711Mi
2026-09-24T15:45:00+00:00,orders-service,1,473m,535.056788Mi
2026-09-24T15:45:00+00:00,payments-service,1,410m,537.396583Mi
2026-09-24T15:45:00+00:00,products-service,2,471m,515.909484Mi
2026-09-24T15:50:00+00:00,orders-service,1,473m,535.056788Mi
2026-09-24T15:50:00+00:00,payments-service,1,410m,537.396583Mi
2026-09-24T15:50:00+00:00,products-service,2,471m,515.909484Mi
2026-09-24T15:55:00+00:00,orders-service,1,473m,535.056788Mi
2026-09-24T15:55:00+00:00,payments-service,1,410m,537.396583Mi
2026-09-24T15:55:00+00:00,products-service,2,471m,515.909484Mi
2026-09-24T16:00:00+00:00,orders-service,1,473m,535.056788Mi
2026-09-24T16:00:00+00:00,payments-service,1,410m,537.396583Mi
2026-09-24T16:00:00+00:00,products-service,2,458m,513.789673Mi
2026-09-24T16:05:00+00:00,orders-service,1,469m,539.291343Mi
2026-09-24T16:05:00+00:00,payments-service,1,404m,530.698672Mi
2026-09-24T16:05:00+00:00,products-service,2,458m,513.789673Mi
2026-09-24T16:10:00+00:00,orders-service,1,469m,539.291343Mi
2026-09-24T16:10:00+00:00,payments-service,1,404m,530.698672Mi
2026-09-24T16:10:00+00:00,products-service,2,458m,513.789673Mi
2026-09-24T16:15:00+00:00,orders-service,1,469m,539.291343Mi
2026-09-24T16:15:00+00:00,payments-service,1,404m,530.698672Mi
2026-09-24T16:15:00+00:00,products-service,2,430m,512.715869Mi
2026-09-24T16:20:00+00:00,orders-service,1,457m,535.380197Mi
2026-09-24T16:20:00+00:00,payments-service,1,402m,534.598854Mi
2026-09-24T16:20:00+00:00,products-service,2,430m,512.715869Mi
2026-09-24T16:25:00+00:00,orders-service,1,457m,535.380197Mi
2026-09-24T16:25:00+00:00,payments-service,1,402m,534.598854Mi
2026-09-24T16:25:00+00:00,products-service,2,430m,512.715869Mi
2026-09-24T16:30:00+00:00,orders-service,1,457m,535.380197Mi
2026-09-24T16:30:00+00:00,payments-service,1,402m,534.598854Mi
2026-09-24T16:30:00+00:00,products-service,2,430m,512.715869Mi
2026-09-24T16:35:00+00:00,orders-service,1,450m,536.680204Mi
2026-09-24T16:35:00+00:00,payments-service,1,402m,534.598854Mi
2026-09-24T16:35:00+00:00,products-service,2,430m,512.715869Mi
2026-09-24T16:40:00+00:00,orders-service,1,450m,536.680204Mi
2026-09-24T16:40:00+00:00,payments-service,1,402m,534.598854Mi
2026-09-24T16:40:00+00:00,products-service,2,430m,512.715869Mi
2026-09-24T16:45:00+00:00,orders-service,1,450m,536.680204Mi
2026-09-24T16:45:00+00:00,payments-service,1,401m,532.830252Mi
2026-09-24T16:45:00+00:00,products-service,2,420m,512.286348Mi
2026-09-24T16:50:00+00:00,orders-service,1,450m,536.680204Mi
2026-09-24T16:50:00+00:00,payments-service,1,401m,532.830252Mi
2026-09-24T16:50:00+00:00,products-service,2,420m,512.286348Mi
2026-09-24T16:55:00+00:00,orders-service,1,430m,537.853637Mi
2026-09-24T16:55:00+00:00,payments-service,1,401m,532.830252Mi
2026-09-24T16:55:00+00:00,products-service,2,420m,512.286348Mi
2026-09-24T17:00:00+00:00,orders-service,1,430m,537.853637Mi
2026-09-24T17:00:00+00:00,payments-service,1,400m,527.848251Mi
2026-09-24T17:00:00+00:00,products-service,2,420m,512.286348Mi
2026-09-24T17:05:00+00:00,orders-service,1,430m,537.853637Mi
2026-09-24T17:05:00+00:00,payments-service,1,400m,527.848251Mi
2026-09-24T17:05:00+00:00,products-service,2,420m,512.286348Mi
2026-09-24T17:10:00+00:00,orders-service,1,422m,537.259533Mi
2026-09-24T17:10:00+00:00,payments-service,1,400m,527.848251Mi
2026-09-24T17:10:00+00:00,products-service,2,420m,512.286348Mi
2026-09-24T17:15:00+00:00,orders-service,1,422m,537.259533Mi
2026-09-24T17:15:00+00:00,payments-service,1,400m,525.924774Mi
2026-09-24T17:15:00+00:00,products-service,2,420m,512.286348Mi
2026-09-24T17:20:00+00:00,orders-service,1,422m,537.259533Mi
2026-09-24T17:20:00+00:00,payments-service,1,400m,525.924774Mi
2026-09-24T17:20:00+00:00,products-service,2,420m,512.286348Mi
2026-09-24T17:25:00+00:00,orders-service,1,422m,537.259533Mi
2026-09-24T17:25:00+00:00,payments-service,1,400m,525.924774Mi
2026-09-24T17:25:00+00:00,products-service,2,420m,512.286348Mi
2026-09-24T17:30:00+00:00,orders-service,1,424m,537.436552Mi
2026-09-24T17:30:00+00:00,payments-service,1,400m,525.427881Mi
2026-09-24T17:30:00+00:00,products-service,2,420m,512.286348Mi
2026-09-24T17:35:00+00:00,orders-service,1,424m,537.436552Mi
2026-09-24T17:35:00+00:00,payments-service,1,400m,525.427881Mi
2026-09-24T17:35:00+00:00,products-service,2,420m,512.286348Mi
2026-09-24T17:40:00+00:00,orders-service,1,424m,537.436552Mi
2026-09-24T17:40:00+00:00,payments-service,1,400m,525.427881Mi
2026-09-24T17:40:00+00:00,products-service,2,420m,512.286348Mi
2026-09-24T17:45:00+00:00,orders-service,1,424m,537.436552Mi
2026-09-24T17:45:00+00:00,payments-service,1,400m,525.427881Mi
2026-09-24T17:45:00+00:00,products-service,2,408m,512.114539Mi
2026-09-24T17:50:00+00:00,orders-service,1,422m,538.465734Mi
2026-09-24T17:50:00+00:00,payments-service,1,400m,524.578403Mi
2026-09-24T17:50:00+00:00,products-service,2,408m,512.114539Mi
2026-09-24T17:55:00+00:00,orders-service,1,422m,538.465734Mi
2026-09-24T17:55:00+00:00,payments-service,1,400m,524.578403Mi
2026-09-24T17:55:00+00:00,products-service,2,408m,512.114539Mi
2026-09-24T18:00:00+00:00,orders-service,1,422m,538.465734Mi
2026-09-24T18:00:00+00:00,payments-service,1,400m,524.578403Mi
2026-09-24T18:00:00+00:00,products-service,2,403m,512.045816Mi
2026-09-24T18:05:00+00:00,orders-service,1,415m,539.424746Mi
2026-09-24T18:05:00+00:00,payments-service,1,400m,524.578403Mi
2026-09-24T18:05:00+00:00,products-service,2,403m,512.045816Mi
2026-09-24T18:10:00+00:00,orders-service,1,415m,539.424746Mi
2026-09-24T18:10:00+00:00,payments-service,1,400m,524.463502Mi
2026-09-24T18:10:00+00:00,products-service,2,403m,512.045816Mi
2026-09-24T18:15:00+00:00,orders-service,1,415m,539.424746Mi
2026-09-24T18:15:00+00:00,payments-service,1,400m,524.463502Mi
2026-09-24T18:15:00+00:00,products-service,2,401m,512.018326Mi
2026-09-24T18:20:00+00:00,orders-service,1,408m,540.556959Mi
2026-09-24T18:20:00+00:00,payments-service,1,400m,524.463502Mi
2026-09-24T18:20:00+00:00,products-service,2,401m,512.018326Mi
2026-09-24T18:25:00+00:00,orders-service,1,408m,540.556959Mi
2026-09-24T18:25:00+00:00,payments-service,1,400m,528.29491Mi
2026-09-24T18:25:00+00:00,products-service,2,401m,512.018326Mi
2026-09-24T18:30:00+00:00,orders-service,1,408m,540.556959Mi
2026-09-24T18:30:00+00:00,payments-service,1,400m,528.29491Mi
2026-09-24T18:30:00+00:00,products-service,2,401m,512.018326Mi
2026-09-24T18:35:00+00:00,orders-service,1,408m,540.556959Mi
2026-09-24T18:35:00+00:00,payments-service,1,400m,528.29491Mi
2026-09-24T18:35:00+00:00,products-service,2,401m,512.018326Mi
2026-09-24T18:40:00+00:00,orders-service,1,405m,541.091875Mi
2026-09-24T18:40:00+00:00,payments-service,1,400m,528.29491Mi
2026-09-24T18:40:00+00:00,products-service,2,401m,512.018326Mi
2026-09-24T18:45:00+00:00,orders-service,1,405m,541.091875Mi
2026-09-24T18:45:00+00:00,payments-service,1,400m,531.33011Mi
2026-09-24T18:45:00+00:00,products-service,2,400m,512.00733Mi
2026-09-24T18:50:00+00:00,orders-service,1,405m,541.091875Mi
2026-09-24T18:50:00+00:00,payments-service,1,400m,531.33011Mi
2026-09-24T18:50:00+00:00,products-service,2,400m,512.00733Mi
2026-09-24T18:55:00+00:00,orders-service,1,405m,541.091875Mi
2026-09-24T18:55:00+00:00,payments-service,1,400m,531.33011Mi
2026-09-24T18:55:00+00:00,products-service,2,400m,512.00733Mi
2026-09-24T19:00:00+00:00,orders-service,1,405m,541.091875Mi
2026-09-24T19:00:00+00:00,payments-service,1,400m,530.317737Mi
2026-09-24T19:00:00+00:00,products-service,2,400m,512.00733Mi
2026-09-24T19:05:00+00:00,orders-service,1,405m,541.091875Mi
2026-09-24T19:05:00+00:00,payments-service,1,400m,530.317737Mi
2026-09-24T19:05:00+00:00,products-service,2,400m,512.00733Mi
2026-09-24T19:10:00+00:00,orders-service,1,405m,541.091875Mi
2026-09-24T19:10:00+00:00,payments-service,1,400m,530.317737Mi
2026-09-24T19:10:00+00:00,products-service,2,400m,512.002932Mi
2026-09-24T19:15:00+00:00,orders-service,1,405m,541.091875Mi
2026-09-24T19:15:00+00:00,payments-service,1,400m,530.317737Mi
2026-09-24T19:15:00+00:00,products-service,2,400m,512.002932Mi
2026-09-24T19:20:00+00:00,orders-service,1,405m,541.091875Mi
2026-09-24T19:20:00+00:00,payments-service,1,400m,530.961799Mi
2026-09-24T19:20:00+00:00,products-service,2,400m,512.002932Mi
2026-09-24T19:25:00+00:00,orders-service,1,405m,541.091875Mi
2026-09-24T19:25:00+00:00,payments-service,1,400m,530.961799Mi
2026-09-24T19:25:00+00:00,products-service,2,400m,512.001173Mi
2026-09-24T19:30:00+00:00,orders-service,1,405m,541.091875Mi
2026-09-24T19:30:00+00:00,payments-service,1,400m,530.961799Mi
2026-09-24T19:30:00+00:00,products-service,2,400m,512.001173Mi
2026-09-24T19:35:00+00:00,orders-service,1,405m,541.091875Mi
2026-09-24T19:35:00+00:00,payments-service,1,400m,530.961799Mi
2026-09-24T19:35:00+00:00,products-service,2,400m,512.001173Mi
2026-09-24T19:40:00+00:00,orders-service,1,405m,541.091875Mi
2026-09-24T19:40:00+00:00,payments-service,1,400m,532.731509Mi
2026-09-24T19:40:00+00:00,products-service,2,400m,512.001173Mi
2026-09-24T19:45:00+00:00,orders-service,1,405m,541.091875Mi
2026-09-24T19:45:00+00:00,payments-service,1,400m,532.731509Mi
2026-09-24T19:45:00+00:00,products-service,2,400m,512.001173Mi
2026-09-24T19:50:00+00:00,orders-service,1,405m,541.091875Mi
2026-09-24T19:50:00+00:00,payments-service,1,400m,532.731509Mi
2026-09-24T19:50:00+00:00,products-service,2,400m,512.001173Mi
2026-09-24T19:55:00+00:00,orders-service,1,403m,543.687201Mi
2026-09-24T19:55:00+00:00,payments-service,1,400m,521.662489Mi
2026-09-24T19:55:00+00:00,products-service,2,400m,512.001173Mi
2026-09-24T20:00:00+00:00,orders-service,1,403m,543.687201Mi
2026-09-24T20:00:00+00:00,payments-service,1,400m,521.662489Mi
2026-09-24T20:00:00+00:00,products-service,2,400m,512.001173Mi
2026-09-24T20:05:00+00:00,orders-service,1,403m,543.687201Mi
2026-09-24T20:05:00+00:00,payments-service,1,400m,521.662489Mi
2026-09-24T20:05:00+00:00,products-service,2,400m,512.000469Mi
2026-09-24T20:10:00+00:00,orders-service,1,401m,542.079824Mi
2026-09-24T20:10:00+00:00,payments-service,1,400m,521.662489Mi
2026-09-24T20:10:00+00:00,products-service,2,400m,512.000469Mi
2026-09-24T20:15:00+00:00,orders-service,1,401m,542.079824Mi
2026-09-24T20:15:00+00:00,payments-service,1,400m,521.662489Mi
2026-09-24T20:15:00+00:00,products-service,2,400m,512.000469Mi
2026-09-24T20:20:00+00:00,orders-service,1,401m,542.079824Mi
2026-09-24T20:20:00+00:00,payments-service,1,400m,521.662489Mi
2026-09-24T20:20:00+00:00,products-service,2,400m,512.000469Mi
2026-09-24T20:25:00+00:00,orders-service,1,401m,542.079824Mi
2026-09-24T20:25:00+00:00,payments-service,1,400m,521.662489Mi
2026-09-24T20:25:00+00:00,products-service,2,400m,512.000469Mi
2026-09-24T20:30:00+00:00,orders-service,1,401m,542.079824Mi
2026-09-24T20:30:00+00:00,payments-service,1,400m,521.662489Mi
2026-09-24T20:30:00+00:00,products-service,2,400m,512.000469Mi
2026-09-24T20:35:00+00:00,orders-service,1,400m,541.614742Mi
2026-09-24T20:35:00+00:00,payments-service,1,400m,521.662489Mi
2026-09-24T20:35:00+00:00,products-service,2,400m,512.000188Mi
2026-09-24T20:40:00+00:00,orders-service,1,400m,541.614742Mi
2026-09-24T20:40:00+00:00,payments-service,1,400m,523.944561Mi
2026-09-24T20:40:00+00:00,products-service,2,400m,512.000188Mi
2026-09-24T20:45:00+00:00,orders-service,1,400m,541.614742Mi
2026-09-24T20:45:00+00:00,payments-service,1,400m,523.944561Mi
2026-09-24T20:45:00+00:00,products-service,2,400m,512.000188Mi
2026-09-24T20:50:00+00:00,orders-service,1,400m,541.614742Mi
2026-09-24T20:50:00+00:00,payments-service,1,400m,523.944561Mi
2026-09-24T20:50:00+00:00,products-service,2,400m,512.000188Mi
2026-09-24T20:55:00+00:00,orders-service,1,400m,541.614742Mi
2026-09-24T20:55:00+00:00,payments-service,1,400m,523.944561Mi
2026-09-24T20:55:00+00:00,products-service,2,400m,512.000075Mi
2026-09-24T21:00:00+00:00,orders-service,1,400m,541.614742Mi
2026-09-24T21:00:00+00:00,payments-service,1,400m,523.944561Mi
2026-09-24T21:00:00+00:00,products-service,2,400m,512.000075Mi
2026-09-24T21:05:00+00:00,orders-service,1,400m,541.614742Mi
2026-09-24T21:05:00+00:00,payments-service,1,400m,523.944561Mi
2026-09-24T21:05:00+00:00,products-service,2,400m,512.000075Mi
2026-09-24T21:10:00+00:00,orders-service,1,400m,541.614742Mi
2026-09-24T21:10:00+00:00,payments-service,1,400m,531.841472Mi
2026-09-24T21:10:00+00:00,products-service,2,400m,512.000075Mi
2026-09-24T21:15:00+00:00,orders-service,1,400m,541.614742Mi
2026-09-24T21:15:00+00:00,payments-service,1,400m,531.841472Mi
2026-09-24T21:15:00+00:00,products-service,2,400m,512.00003Mi
2026-09-24T21:20:00+00:00,orders-service,1,406m,540.977831Mi
2026-09-24T21:20:00+00:00,payments-service,1,400m,531.841472Mi
2026-09-24T21:20:00+00:00,products-service,2,400m,512.00003Mi
2026-09-24T21:25:00+00:00,orders-service,1,406m,540.977831Mi
2026-09-24T21:25:00+00:00,payments-service,1,400m,531.841472Mi
2026-09-24T21:25:00+00:00,products-service,2,400m,512.00003Mi
2026-09-24T21:30:00+00:00,orders-service,1,406m,540.977831Mi
2026-09-24T21:30:00+00:00,payments-service,1,400m,531.841472Mi
2026-09-24T21:30:00+00:00,products-service,2,400m,512.00003Mi
2026-09-24T21:35:00+00:00,orders-service,1,407m,539.570197Mi
2026-09-24T21:35:00+00:00,payments-service,1,400m,522.666435Mi
2026-09-24T21:35:00+00:00,products-service,2,400m,512.00003Mi
2026-09-24T21:40:00+00:00,orders-service,1,407m,539.570197Mi
2026-09-24T21:40:00+00:00,payments-service,1,400m,522.666435Mi
2026-09-24T21:40:00+00:00,products-service,2,400m,512.00003Mi
2026-09-24T21:45:00+00:00,orders-service,1,407m,539.570197Mi
2026-09-24T21:45:00+00:00,payments-service,1,400m,522.666435Mi
2026-09-24T21:45:00+00:00,products-service,2,400m,512.00003Mi
2026-09-24T21:50:00+00:00,orders-service,1,407m,539.570197Mi
2026-09-24T21:50:00+00:00,payments-service,1,400m,522.666435Mi
2026-09-24T21:50:00+00:00,products-service,2,402m,512.000012Mi
2026-09-24T21:55:00+00:00,orders-service,1,407m,539.570197Mi
2026-09-24T21:55:00+00:00,payments-service,1,400m,522.666435Mi
2026-09-24T21:55:00+00:00,products-service,2,402m,512.000012Mi
2026-09-24T22:00:00+00:00,orders-service,1,420m,540.858084Mi
2026-09-24T22:00:00+00:00,payments-service,1,400m,522.666435Mi
2026-09-24T22:00:00+00:00,products-service,2,402m,512.000012Mi
2026-09-24T22:05:00+00:00,orders-service,1,420m,540.858084Mi
2026-09-24T22:05:00+00:00,payments-service,1,400m,528.867599Mi
2026-09-24T22:05:00+00:00,products-service,2,402m,512.000012Mi
2026-09-24T22:10:00+00:00,orders-service,1,420m,540.858084Mi
2026-09-24T22:10:00+00:00,payments-service,1,400m,528.867599Mi
2026-09-24T22:10:00+00:00,products-service,2,402m,512.000012Mi
2026-09-24T22:15:00+00:00,orders-service,1,420m,540.858084Mi
2026-09-24T22:15:00+00:00,payments-service,1,400m,528.867599Mi
2026-09-24T22:15:00+00:00,products-service,2,402m,512.000012Mi
2026-09-24T22:20:00+00:00,orders-service,1,420m,540.858084Mi
2026-09-24T22:20:00+00:00,payments-service,1,400m,527.972003Mi
2026-09-24T22:20:00+00:00,products-service,2,402m,512.000012Mi
2026-09-24T22:25:00+00:00,orders-service,1,420m,540.858084Mi
2026-09-24T22:25:00+00:00,payments-service,1,400m,527.972003Mi
2026-09-24T22:25:00+00:00,products-service,2,417m,512.000005Mi
2026-09-24T22:30:00+00:00,orders-service,1,427m,537.044992Mi
2026-09-24T22:30:00+00:00,payments-service,1,400m,527.972003Mi
2026-09-24T22:30:00+00:00,products-service,2,417m,512.000005Mi
2026-09-24T22:35:00+00:00,orders-service,1,427m,537.044992Mi
2026-09-24T22:35:00+00:00,payments-service,1,400m,527.972003Mi
2026-09-24T22:35:00+00:00,products-service,2,417m,512.000005Mi
2026-09-24T22:40:00+00:00,orders-service,1,427m,537.044992Mi
2026-09-24T22:40:00+00:00,payments-service,1,400m,523.982966Mi
2026-09-24T22:40:00+00:00,products-service,2,433m,516.06487Mi
2026-09-24T22:45:00+00:00,orders-service,1,427m,537.044992Mi
2026-09-24T22:45:00+00:00,payments-service,1,400m,523.982966Mi
2026-09-24T22:45:00+00:00,products-service,2,433m,516.06487Mi
2026-09-24T22:50:00+00:00,orders-service,1,444m,541.543119Mi
2026-09-24T22:50:00+00:00,payments-service,1,400m,523.982966Mi
2026-09-24T22:50:00+00:00,products-service,2,433m,516.06487Mi
2026-09-24T22:55:00+00:00,orders-service,1,444m,541.543119Mi
2026-09-24T22:55:00+00:00,payments-service,1,400m,523.982966Mi
2026-09-24T22:55:00+00:00,products-service,2,433m,516.06487Mi
2026-09-24T23:00:00+00:00,orders-service,1,444m,541.543119Mi
2026-09-24T23:00:00+00:00,payments-service,1,400m,523.633311Mi
2026-09-24T23:00:00+00:00,products-service,2,433m,516.06487Mi
2026-09-24T23:05:00+00:00,orders-service,1,444m,541.543119Mi
2026-09-24T23:05:00+00:00,payments-service,1,400m,523.633311Mi
2026-09-24T23:05:00+00:00,products-service,2,417m,521.622054Mi
2026-09-24T23:10:00+00:00,orders-service,1,447m,539.213012Mi
2026-09-24T23:10:00+00:00,payments-service,1,400m,523.633311Mi
2026-09-24T23:10:00+00:00,products-service,2,417m,521.622054Mi
2026-09-24T23:15:00+00:00,orders-service,1,447m,539.213012Mi
2026-09-24T23:15:00+00:00,payments-service,1,400m,524.324968Mi
2026-09-24T23:15:00+00:00,products-service,2,417m,521.622054Mi
2026-09-24T23:20:00+00:00,orders-service,1,447m,539.213012Mi
2026-09-24T23:20:00+00:00,payments-service,1,400m,524.324968Mi
2026-09-24T23:20:00+00:00,products-service,2,433m,529.63703Mi
2026-09-24T23:25:00+00:00,orders-service,1,453m,536.209533Mi
2026-09-24T23:25:00+00:00,payments-service,1,400m,524.324968Mi
2026-09-24T23:25:00+00:00,products-service,2,433m,529.63703Mi
2026-09-24T23:30:00+00:00,orders-service,1,453m,536.209533Mi
2026-09-24T23:30:00+00:00,payments-service,1,400m,524.324968Mi
2026-09-24T23:30:00+00:00,products-service,2,433m,529.63703Mi
2026-09-24T23:35:00+00:00,orders-service,1,453m,536.209533Mi
2026-09-24T23:35:00+00:00,payments-service,1,400m,524.324968Mi
2026-09-24T23:35:00+00:00,products-service,2,433m,529.63703Mi
2026-09-24T23:40:00+00:00,orders-service,1,453m,536.209533Mi
2026-09-24T23:40:00+00:00,payments-service,1,400m,533.027375Mi
2026-09-24T23:40:00+00:00,products-service,2,433m,529.63703Mi
2026-09-24T23:45:00+00:00,orders-service,1,453m,536.209533Mi
2026-09-24T23:45:00+00:00,payments-service,1,400m,533.027375Mi
2026-09-24T23:45:00+00:00,products-service,2,449m,535.7949Mi
2026-09-24T23:50:00+00:00,orders-service,1,453m,536.209533Mi
2026-09-24T23:50:00+00:00,payments-service,1,400m,533.027375Mi
2026-09-24T23:50:00+00:00,products-service,2,449m,535.7949Mi
2026-09-24T23:55:00+00:00,orders-service,1,488m,535.788464Mi
2026-09-24T23:55:00+00:00,payments-service,1,405m,536.584729Mi
2026-09-24T23:55:00+00:00,products-service,2,449m,535.7949Mi
2026-09-25T00:00:00+00:00,orders-service,1,488m,535.788464Mi
2026-09-25T00:00:00+00:00,payments-service,1,405m,536.584729Mi
2026-09-25T00:00:00+00:00,products-service,2,474m,540.066508Mi
2026-09-25T00:05:00+00:00,orders-service,1,488m,535.788464Mi
2026-09-25T00:05:00+00:00,payments-service,1,405m,536.584729Mi
2026-09-25T00:05:00+00:00,products-service,2,474m,540.066508Mi
2026-09-25T00:10:00+00:00,orders-service,1,488m,535.788464Mi
2026-09-25T00:10:00+00:00,payments-service,1,405m,536.584729Mi
2026-09-25T00:10:00+00:00,products-service,2,474m,540.066508Mi
2026-09-25T00:15:00+00:00,orders-service,1,488m,535.788464Mi
2026-09-25T00:15:00+00:00,payments-service,1,405m,536.584729Mi
2026-09-25T00:15:00+00:00,products-service,2,474m,540.066508Mi
2026-09-25T00:20:00+00:00,orders-service,1,488m,535.788464Mi
2026-09-25T00:20:00+00:00,payments-service,1,405m,536.584729Mi
2026-09-25T00:20:00+00:00,products-service,2,474m,540.066508Mi
2026-09-25T00:25:00+00:00,orders-service,1,488m,535.788464Mi
2026-09-25T00:25:00+00:00,payments-service,1,409m,538.058867Mi
2026-09-25T00:25:00+00:00,products-service,2,474m,540.066508Mi
2026-09-25T00:30:00+00:00,orders-service,1,489m,535.485198Mi
2026-09-25T00:30:00+00:00,payments-service,1,409m,538.058867Mi
2026-09-25T00:30:00+00:00,products-service,2,469m,526.613615Mi
2026-09-25T00:35:00+00:00,orders-service,1,489m,535.485198Mi
2026-09-25T00:35:00+00:00,payments-service,1,409m,538.058867Mi
2026-09-25T00:35:00+00:00,products-service,2,469m,526.613615Mi
2026-09-25T00:40:00+00:00,orders-service,1,489m,535.485198Mi
2026-09-25T00:40:00+00:00,payments-service,1,409m,538.058867Mi
2026-09-25T00:40:00+00:00,products-service,2,469m,526.613615Mi
2026-09-25T00:45:00+00:00,orders-service,1,489m,535.485198Mi
2026-09-25T00:45:00+00:00,payments-service,1,409m,538.058867Mi
2026-09-25T00:45:00+00:00,products-service,2,469m,526.613615Mi
2026-09-25T00:50:00+00:00,orders-service,1,518m,538.50686Mi
2026-09-25T00:50:00+00:00,payments-service,1,408m,537.841759Mi
2026-09-25T00:50:00+00:00,products-service,2,469m,526.613615Mi
2026-09-25T00:55:00+00:00,orders-service,1,518m,538.50686Mi
2026-09-25T00:55:00+00:00,payments-service,1,408m,537.841759Mi
2026-09-25T00:55:00+00:00,products-service,2,485m,523.7755Mi
2026-09-25T01:00:00+00:00,orders-service,1,518m,538.50686Mi
2026-09-25T01:00:00+00:00,payments-service,1,408m,537.841759Mi
2026-09-25T01:00:00+00:00,products-service,2,485m,523.7755Mi
2026-09-25T01:05:00+00:00,orders-service,1,518m,538.50686Mi
2026-09-25T01:05:00+00:00,payments-service,1,408m,537.841759Mi
2026-09-25T01:05:00+00:00,products-service,2,485m,523.7755Mi
2026-09-25T01:10:00+00:00,orders-service,1,518m,538.50686Mi
2026-09-25T01:10:00+00:00,payments-service,1,408m,537.841759Mi
2026-09-25T01:10:00+00:00,products-service,2,485m,523.7755Mi
2026-09-25T01:15:00+00:00,orders-service,1,540m,541.980283Mi
2026-09-25T01:15:00+00:00,payments-service,1,411m,534.498349Mi
2026-09-25T01:15:00+00:00,products-service,2,485m,523.7755Mi
2026-09-25T01:20:00+00:00,orders-service,1,540m,541.980283Mi
2026-09-25T01:20:00+00:00,payments-service,1,411m,534.498349Mi
2026-09-25T01:20:00+00:00,products-service,2,508m,524.861103Mi
2026-09-25T01:25:00+00:00,orders-service,1,540m,541.980283Mi
2026-09-25T01:25:00+00:00,payments-service,1,411m,534.498349Mi
2026-09-25T01:25:00+00:00,products-service,2,508m,524.861103Mi
2026-09-25T01:30:00+00:00,orders-service,1,540m,541.980283Mi
2026-09-25T01:30:00+00:00,payments-service,1,416m,538.156029Mi
2026-09-25T01:30:00+00:00,products-service,2,508m,524.861103Mi
2026-09-25T01:35:00+00:00,orders-service,1,584m,547.11024Mi
2026-09-25T01:35:00+00:00,payments-service,1,416m,538.156029Mi
2026-09-25T01:35:00+00:00,products-service,2,536m,528.322408Mi
2026-09-25T01:40:00+00:00,orders-service,1,584m,547.11024Mi
2026-09-25T01:40:00+00:00,payments-service,1,416m,538.156029Mi
2026-09-25T01:40:00+00:00,products-service,2,536m,528.322408Mi
2026-09-25T01:45:00+00:00,orders-service,1,584m,547.11024Mi
2026-09-25T01:45:00+00:00,payments-service,1,416m,538.156029Mi
2026-09-25T01:45:00+00:00,products-service,2,536m,528.322408Mi
2026-09-25T01:50:00+00:00,orders-service,1,584m,547.11024Mi
2026-09-25T01:50:00+00:00,payments-service,1,423m,537.52214Mi
2026-09-25T01:50:00+00:00,products-service,2,536m,528.322408Mi
2026-09-25T01:55:00+00:00,orders-service,1,584m,547.11024Mi
2026-09-25T01:55:00+00:00,payments-service,1,423m,537.52214Mi
2026-09-25T01:55:00+00:00,products-service,2,560m,531.693294Mi
2026-09-25T02:00:00+00:00,orders-service,1,600m,548.889946Mi
2026-09-25T02:00:00+00:00,payments-service,1,423m,537.52214Mi
2026-09-25T02:00:00+00:00,products-service,2,560m,531.693294Mi
2026-09-25T02:05:00+00:00,orders-service,1,600m,548.889946Mi
2026-09-25T02:05:00+00:00,payments-service,1,423m,537.52214Mi
2026-09-25T02:05:00+00:00,products-service,2,560m,531.693294Mi
2026-09-25T02:10:00+00:00,orders-service,1,600m,548.889946Mi
2026-09-25T02:10:00+00:00,payments-service,1,430m,540.986139Mi
2026-09-25T02:10:00+00:00,products-service,2,560m,531.693294Mi
2026-09-25T02:15:00+00:00,orders-service,1,622m,548.734714Mi
2026-09-25T02:15:00+00:00,payments-service,1,430m,540.986139Mi
2026-09-25T02:15:00+00:00,products-service,2,560m,531.693294Mi
2026-09-25T02:20:00+00:00,orders-service,1,622m,548.734714Mi
2026-09-25T02:20:00+00:00,payments-service,1,430m,540.986139Mi
2026-09-25T02:20:00+00:00,products-service,2,560m,531.693294Mi
2026-09-25T02:25:00+00:00,orders-service,1,622m,548.734714Mi
2026-09-25T02:25:00+00:00,payments-service,1,430m,540.986139Mi
2026-09-25T02:25:00+00:00,products-service,2,580m,526.867442Mi
2026-09-25T02:30:00+00:00,orders-service,1,618m,547.548903Mi
2026-09-25T02:30:00+00:00,payments-service,1,427m,537.048056Mi
2026-09-25T02:30:00+00:00,products-service,2,580m,526.867442Mi
2026-09-25T02:35:00+00:00,orders-service,1,618m,547.548903Mi
2026-09-25T02:35:00+00:00,payments-service,1,427m,537.048056Mi
2026-09-25T02:35:00+00:00,products-service,2,580m,526.867442Mi
2026-09-25T02:40:00+00:00,orders-service,1,618m,547.548903Mi
2026-09-25T02:40:00+00:00,payments-service,1,427m,537.048056Mi
2026-09-25T02:40:00+00:00,products-service,2,580m,526.867442Mi
2026-09-25T02:45:00+00:00,orders-service,1,618m,547.548903Mi
2026-09-25T02:45:00+00:00,payments-service,1,427m,537.048056Mi
2026-09-25T02:45:00+00:00,products-service,2,580m,526.867442Mi
2026-09-25T02:50:00+00:00,orders-service,1,655m,551.009002Mi
2026-09-25T02:50:00+00:00,payments-service,1,426m,544.123056Mi
2026-09-25T02:50:00+00:00,products-service,2,619m,527.687492Mi
2026-09-25T02:55:00+00:00,orders-service,1,655m,551.009002Mi
2026-09-25T02:55:00+00:00,payments-service,1,426m,544.123056Mi
2026-09-25T02:55:00+00:00,products-service,2,619m,527.687492Mi
2026-09-25T03:00:00+00:00,orders-service,1,655m,551.009002Mi
2026-09-25T03:00:00+00:00,payments-service,1,426m,544.123056Mi
2026-09-25T03:00:00+00:00,products-service,2,619m,527.687492Mi
2026-09-25T03:05:00+00:00,orders-service,1,655m,551.009002Mi
2026-09-25T03:05:00+00:00,payments-service,1,431m,544.949479Mi
2026-09-25T03:05:00+00:00,products-service,2,601m,532.046616Mi
2026-09-25T03:10:00+00:00,orders-service,1,655m,551.009002Mi
2026-09-25T03:10:00+00:00,payments-service,1,431m,544.949479Mi
2026-09-25T03:10:00+00:00,products-service,2,601m,532.046616Mi
2026-09-25T03:15:00+00:00,orders-service,1,666m,552.292407Mi
2026-09-25T03:15:00+00:00,payments-service,1,431m,544.949479Mi
2026-09-25T03:15:00+00:00,products-service,2,601m,532.046616Mi
2026-09-25T03:20:00+00:00,orders-service,1,666m,552.292407Mi
2026-09-25T03:20:00+00:00,payments-service,1,431m,544.949479Mi
2026-09-25T03:20:00+00:00,products-service,2,601m,532.046616Mi
2026-09-25T03:25:00+00:00,orders-service,1,666m,552.292407Mi
2026-09-25T03:25:00+00:00,payments-service,1,431m,544.949479Mi
2026-09-25T03:25:00+00:00,products-service,2,601m,532.046616Mi
2026-09-25T03:30:00+00:00,orders-service,1,666m,552.292407Mi
2026-09-25T03:30:00+00:00,payments-service,1,431m,544.949479Mi
2026-09-25T03:30:00+00:00,products-service,2,615m,536.509418Mi
2026-09-25T03:35:00+00:00,orders-service,1,678m,552.40085Mi
2026-09-25T03:35:00+00:00,payments-service,1,433m,547.04046Mi
2026-09-25T03:35:00+00:00,products-service,2,615m,536.509418Mi
2026-09-25T03:40:00+00:00,orders-service,1,678m,552.40085Mi
2026-09-25T03:40:00+00:00,payments-service,1,433m,547.04046Mi
2026-09-25T03:40:00+00:00,products-service,2,615m,536.509418Mi
2026-09-25T03:45:00+00:00,orders-service,1,678m,552.40085Mi
2026-09-25T03:45:00+00:00,payments-service,1,433m,547.04046Mi
2026-09-25T03:45:00+00:00,products-service,2,615m,536.509418Mi
2026-09-25T03:50:00+00:00,orders-service,1,678m,552.40085Mi
2026-09-25T03:50:00+00:00,payments-service,1,434m,543.363706Mi
2026-09-25T03:50:00+00:00,products-service,2,615m,536.509418Mi
2026-09-25T03:55:00+00:00,orders-service,1,735m,554.288977Mi
2026-09-25T03:55:00+00:00,payments-service,1,434m,543.363706Mi
2026-09-25T03:55:00+00:00,products-service,2,615m,536.509418Mi
2026-09-25T04:00:00+00:00,orders-service,1,735m,554.288977Mi
2026-09-25T04:00:00+00:00,payments-service,1,434m,543.363706Mi
2026-09-25T04:00:00+00:00,products-service,2,679m,540.258711Mi
2026-09-25T04:05:00+00:00,orders-service,1,735m,554.288977Mi
2026-09-25T04:05:00+00:00,payments-service,1,434m,543.363706Mi
2026-09-25T04:05:00+00:00,products-service,2,679m,540.258711Mi
2026-09-25T04:10:00+00:00,orders-service,1,735m,554.288977Mi
2026-09-25T04:10:00+00:00,payments-service,1,442m,546.011595Mi
2026-09-25T04:10:00+00:00,products-service,2,679m,540.258711Mi
2026-09-25T04:15:00+00:00,orders-service,1,750m,552.345693Mi
2026-09-25T04:15:00+00:00,payments-service,1,442m,546.011595Mi
2026-09-25T04:15:00+00:00,products-service,2,679m,540.258711Mi
2026-09-25T04:20:00+00:00,orders-service,1,750m,552.345693Mi
2026-09-25T04:20:00+00:00,payments-service,1,442m,546.011595Mi
2026-09-25T04:20:00+00:00,products-service,2,679m,540.258711Mi
2026-09-25T04:25:00+00:00,orders-service,1,750m,552.345693Mi
2026-09-25T04:25:00+00:00,payments-service,1,442m,546.011595Mi
2026-09-25T04:25:00+00:00,products-service,2,679m,540.258711Mi
2026-09-25T04:30:00+00:00,orders-service,1,750m,552.345693Mi
2026-09-25T04:30:00+00:00,payments-service,1,450m,547.929443Mi
2026-09-25T04:30:00+00:00,products-service,2,711m,536.941106Mi
2026-09-25T04:35:00+00:00,orders-service,1,750m,552.345693Mi
2026-09-25T04:35:00+00:00,payments-service,1,450m,547.929443Mi
2026-09-25T04:35:00+00:00,products-service,2,711m,536.941106Mi
2026-09-25T04:40:00+00:00,orders-service,1,803m,556.066292Mi
2026-09-25T04:40:00+00:00,payments-service,1,450m,547.929443Mi
2026-09-25T04:40:00+00:00,products-service,2,711m,536.941106Mi
2026-09-25T04:45:00+00:00,orders-service,1,803m,556.066292Mi
2026-09-25T04:45:00+00:00,payments-service,1,450m,547.929443Mi
2026-09-25T04:45:00+00:00,products-service,2,711m,536.941106Mi
2026-09-25T04:50:00+00:00,orders-service,1,803m,556.066292Mi
2026-09-25T04:50:00+00:00,payments-service,1,450m,547.929443Mi
2026-09-25T04:50:00+00:00,products-service,2,711m,536.941106Mi
2026-09-25T04:55:00+00:00,orders-service,1,803m,556.066292Mi
2026-09-25T04:55:00+00:00,payments-service,1,469m,551.049451Mi
2026-09-25T04:55:00+00:00,products-service,2,727m,543.828103Mi
2026-09-25T05:00:00+00:00,orders-service,1,788m,555.892996Mi
2026-09-25T05:00:00+00:00,payments-service,1,469m,551.049451Mi
2026-09-25T05:00:00+00:00,products-service,2,727m,543.828103Mi
2026-09-25T05:05:00+00:00,orders-service,1,788m,555.892996Mi
2026-09-25T05:05:00+00:00,payments-service,1,469m,551.049451Mi
2026-09-25T05:05:00+00:00,products-service,2,727m,543.828103Mi
2026-09-25T05:10:00+00:00,orders-service,1,788m,555.892996Mi
2026-09-25T05:10:00+00:00,payments-service,1,465m,550.531328Mi
2026-09-25T05:10:00+00:00,products-service,2,727m,543.828103Mi
2026-09-25T05:15:00+00:00,orders-service,1,788m,555.892996Mi
2026-09-25T05:15:00+00:00,payments-service,1,465m,550.531328Mi
2026-09-25T05:15:00+00:00,products-service,2,727m,543.828103Mi
2026-09-25T05:20:00+00:00,orders-service,1,778m,551.919247Mi
2026-09-25T05:20:00+00:00,payments-service,1,465m,550.531328Mi
2026-09-25T05:20:00+00:00,products-service,2,727m,543.828103Mi
2026-09-25T05:25:00+00:00,orders-service,1,778m,551.919247Mi
2026-09-25T05:25:00+00:00,payments-service,1,465m,550.531328Mi
2026-09-25T05:25:00+00:00,products-service,2,727m,543.828103Mi
2026-09-25T05:30:00+00:00,orders-service,1,778m,551.919247Mi
2026-09-25T05:30:00+00:00,payments-service,1,478m,549.687678Mi
2026-09-25T05:30:00+00:00,products-service,2,727m,543.828103Mi
2026-09-25T05:35:00+00:00,orders-service,1,778m,551.919247Mi
2026-09-25T05:35:00+00:00,payments-service,1,478m,549.687678Mi
2026-09-25T05:35:00+00:00,products-service,2,727m,543.828103Mi
2026-09-25T05:40:00+00:00,orders-service,1,778m,551.919247Mi
2026-09-25T05:40:00+00:00,payments-service,1,478m,549.687678Mi
2026-09-25T05:40:00+00:00,products-service,2,727m,543.828103Mi
2026-09-25T05:45:00+00:00,orders-service,1,778m,551.919247Mi
2026-09-25T05:45:00+00:00,payments-service,1,478m,549.687678Mi
2026-09-25T05:45:00+00:00,products-service,2,727m,543.828103Mi
2026-09-25T05:50:00+00:00,orders-service,1,816m,553.762865Mi
2026-09-25T05:50:00+00:00,payments-service,1,478m,549.687678Mi
2026-09-25T05:50:00+00:00,products-service,2,727m,543.828103Mi
2026-09-25T05:55:00+00:00,orders-service,1,816m,553.762865Mi
2026-09-25T05:55:00+00:00,payments-service,1,475m,550.614671Mi
2026-09-25T05:55:00+00:00,products-service,2,727m,543.828103Mi
2026-09-25T06:00:00+00:00,orders-service,1,816m,553.762865Mi
2026-09-25T06:00:00+00:00,payments-service,1,475m,550.614671Mi
2026-09-25T06:00:00+00:00,products-service,2,727m,543.828103Mi
2026-09-25T06:05:00+00:00,orders-service,1,816m,553.762865Mi
2026-09-25T06:05:00+00:00,payments-service,1,475m,550.614671Mi
2026-09-25T06:05:00+00:00,products-service,2,755m,543.881034Mi
2026-09-25T06:10:00+00:00,orders-service,1,816m,553.762865Mi
2026-09-25T06:10:00+00:00,payments-service,1,487m,553.787275Mi
2026-09-25T06:10:00+00:00,products-service,2,755m,543.881034Mi
2026-09-25T06:15:00+00:00,orders-service,1,855m,554.765961Mi
2026-09-25T06:15:00+00:00,payments-service,1,487m,553.787275Mi
2026-09-25T06:15:00+00:00,products-service,2,755m,543.881034Mi
2026-09-25T06:20:00+00:00,orders-service,1,855m,554.765961Mi
2026-09-25T06:20:00+00:00,payments-service,1,487m,553.787275Mi
2026-09-25T06:20:00+00:00,products-service,2,789m,547.138449Mi
2026-09-25T06:25:00+00:00,orders-service,1,855m,554.765961Mi
2026-09-25T06:25:00+00:00,payments-service,1,487m,553.787275Mi
2026-09-25T06:25:00+00:00,products-service,2,789m,547.138449Mi
2026-09-25T06:30:00+00:00,orders-service,1,882m,560.069922Mi
2026-09-25T06:30:00+00:00,payments-service,1,506m,552.336944Mi
2026-09-25T06:30:00+00:00,products-service,2,789m,547.138449Mi
2026-09-25T06:35:00+00:00,orders-service,1,882m,560.069922Mi
2026-09-25T06:35:00+00:00,payments-service,1,506m,552.336944Mi
2026-09-25T06:35:00+00:00,products-service,2,789m,547.138449Mi
2026-09-25T06:40:00+00:00,orders-service,1,882m,560.069922Mi
2026-09-25T06:40:00+00:00,payments-service,1,506m,552.336944Mi
2026-09-25T06:40:00+00:00,products-service,2,789m,547.138449Mi
2026-09-25T06:45:00+00:00,orders-service,1,882m,560.069922Mi
2026-09-25T06:45:00+00:00,payments-service,1,506m,552.336944Mi
2026-09-25T06:45:00+00:00,products-service,2,789m,547.138449Mi
2026-09-25T06:50:00+00:00,orders-service,1,882m,560.069922Mi
2026-09-25T06:50:00+00:00,payments-service,1,506m,552.336944Mi
2026-09-25T06:50:00+00:00,products-service,2,792m,540.297506Mi
2026-09-25T06:55:00+00:00,orders-service,1,882m,560.069922Mi
2026-09-25T06:55:00+00:00,payments-service,1,502m,546.99237Mi
2026-09-25T06:55:00+00:00,products-service,2,792m,540.297506Mi
2026-09-25T07:00:00+00:00,orders-service,1,869m,562.054507Mi
2026-09-25T07:00:00+00:00,payments-service,1,502m,546.99237Mi
2026-09-25T07:00:00+00:00,products-service,2,792m,540.297506Mi
2026-09-25T07:05:00+00:00,orders-service,1,869m,562.054507Mi
2026-09-25T07:05:00+00:00,payments-service,1,502m,546.99237Mi
2026-09-25T07:05:00+00:00,products-service,2,792m,540.297506Mi
2026-09-25T07:10:00+00:00,orders-service,1,869m,562.054507Mi
2026-09-25T07:10:00+00:00,payments-service,1,502m,546.99237Mi
2026-09-25T07:10:00+00:00,products-service,2,792m,540.297506Mi
2026-09-25T07:15:00+00:00,orders-service,1,869m,562.054507Mi
2026-09-25T07:15:00+00:00,payments-service,1,502m,546.99237Mi
2026-09-25T07:15:00+00:00,products-service,2,806m,548.51047Mi
2026-09-25T07:20:00+00:00,orders-service,1,869m,562.054507Mi
2026-09-25T07:20:00+00:00,payments-service,1,510m,547.201294Mi
2026-09-25T07:20:00+00:00,products-service,2,806m,548.51047Mi
2026-09-25T07:25:00+00:00,orders-service,1,867m,556.804982Mi
2026-09-25T07:25:00+00:00,payments-service,1,510m,547.201294Mi
2026-09-25T07:25:00+00:00,products-service,2,806m,548.51047Mi
2026-09-25T07:30:00+00:00,orders-service,1,867m,556.804982Mi
2026-09-25T07:30:00+00:00,payments-service,1,510m,547.201294Mi
2026-09-25T07:30:00+00:00,products-service,2,806m,548.51047Mi
2026-09-25T07:35:00+00:00,orders-service,1,867m,556.804982Mi
2026-09-25T07:35:00+00:00,payments-service,1,510m,547.201294Mi
2026-09-25T07:35:00+00:00,products-service,2,830m,547.959156Mi
2026-09-25T07:40:00+00:00,orders-service,1,867m,556.804982Mi
2026-09-25T07:40:00+00:00,payments-service,1,510m,547.201294Mi
2026-09-25T07:40:00+00:00,products-service,2,830m,547.959156Mi
2026-09-25T07:45:00+00:00,orders-service,1,867m,556.804982Mi
2026-09-25T07:45:00+00:00,payments-service,1,527m,545.407446Mi
2026-09-25T07:45:00+00:00,products-service,2,830m,547.959156Mi
2026-09-25T07:50:00+00:00,orders-service,1,867m,556.804982Mi
2026-09-25T07:50:00+00:00,payments-service,1,527m,545.407446Mi
2026-09-25T07:50:00+00:00,products-service,2,830m,547.959156Mi
2026-09-25T07:55:00+00:00,orders-service,1,867m,556.804982Mi
2026-09-25T07:55:00+00:00,payments-service,1,527m,545.407446Mi
2026-09-25T07:55:00+00:00,products-service,2,830m,547.959156Mi
2026-09-25T08:00:00+00:00,orders-service,1,859m,553.783821Mi
2026-09-25T08:00:00+00:00,payments-service,1,527m,545.407446Mi
2026-09-25T08:00:00+00:00,products-service,2,830m,547.959156Mi
2026-09-25T08:05:00+00:00,orders-service,1,859m,553.783821Mi
2026-09-25T08:05:00+00:00,payments-service,1,527m,545.407446Mi
2026-09-25T08:05:00+00:00,products-service,2,830m,547.959156Mi
2026-09-25T08:10:00+00:00,orders-service,1,859m,553.783821Mi
2026-09-25T08:10:00+00:00,payments-service,1,535m,547.19794Mi
2026-09-25T08:10:00+00:00,products-service,2,830m,547.959156Mi
2026-09-25T08:15:00+00:00,orders-service,1,859m,553.783821Mi
2026-09-25T08:15:00+00:00,payments-service,1,535m,547.19794Mi
2026-09-25T08:15:00+00:00,products-service,2,830m,547.959156Mi
2026-09-25T08:20:00+00:00,orders-service,1,834m,557.065543Mi
2026-09-25T08:20:00+00:00,payments-service,1,535m,547.19794Mi
2026-09-25T08:20:00+00:00,products-service,2,793m,546.845662Mi
2026-09-25T08:25:00+00:00,orders-service,1,834m,557.065543Mi
2026-09-25T08:25:00+00:00,payments-service,1,535m,547.19794Mi
2026-09-25T08:25:00+00:00,products-service,2,793m,546.845662Mi
2026-09-25T08:30:00+00:00,orders-service,1,834m,557.065543Mi
2026-09-25T08:30:00+00:00,payments-service,1,501m,547.438209Mi
2026-09-25T08:30:00+00:00,products-service,2,793m,546.845662Mi
2026-09-25T08:35:00+00:00,orders-service,1,834m,557.065543Mi
2026-09-25T08:35:00+00:00,payments-service,1,501m,547.438209Mi
2026-09-25T08:35:00+00:00,products-service,2,793m,546.845662Mi
2026-09-25T08:40:00+00:00,orders-service,1,838m,558.198275Mi
2026-09-25T08:40:00+00:00,payments-service,1,501m,547.438209Mi
2026-09-25T08:40:00+00:00,products-service,2,794m,549.058406Mi
2026-09-25T08:45:00+00:00,orders-service,1,838m,558.198275Mi
2026-09-25T08:45:00+00:00,payments-service,1,501m,547.438209Mi
2026-09-25T08:45:00+00:00,products-service,2,794m,549.058406Mi
2026-09-25T08:50:00+00:00,orders-service,1,838m,558.198275Mi
2026-09-25T08:50:00+00:00,payments-service,1,508m,547.785794Mi
2026-09-25T08:50:00+00:00,products-service,2,794m,549.058406Mi
2026-09-25T08:55:00+00:00,orders-service,1,876m,561.125123Mi
2026-09-25T08:55:00+00:00,payments-service,1,508m,547.785794Mi
2026-09-25T08:55:00+00:00,products-service,2,794m,549.058406Mi
2026-09-25T09:00:00+00:00,orders-service,1,876m,561.125123Mi
2026-09-25T09:00:00+00:00,payments-service,1,508m,547.785794Mi
2026-09-25T09:00:00+00:00,products-service,2,794m,549.058406Mi
2026-09-25T09:05:00+00:00,orders-service,1,876m,561.125123Mi
2026-09-25T09:05:00+00:00,payments-service,1,508m,547.785794Mi
2026-09-25T09:05:00+00:00,products-service,2,794m,549.058406Mi
2026-09-25T09:10:00+00:00,orders-service,1,876m,561.125123Mi
2026-09-25T09:10:00+00:00,payments-service,1,508m,547.785794Mi
2026-09-25T09:10:00+00:00,products-service,2,790m,548.624815Mi
2026-09-25T09:15:00+00:00,orders-service,1,876m,561.125123Mi
2026-09-25T09:15:00+00:00,payments-service,1,508m,547.785794Mi
2026-09-25T09:15:00+00:00,products-service,2,790m,548.624815Mi
2026-09-25T09:20:00+00:00,orders-service,1,876m,561.125123Mi
2026-09-25T09:20:00+00:00,payments-service,1,508m,547.785794Mi
2026-09-25T09:20:00+00:00,products-service,2,790m,548.624815Mi
2026-09-25T09:25:00+00:00,orders-service,1,876m,561.125123Mi
2026-09-25T09:25:00+00:00,payments-service,1,508m,547.785794Mi
2026-09-25T09:25:00+00:00,products-service,2,790m,548.624815Mi
2026-09-25T09:30:00+00:00,orders-service,1,838m,557.705701Mi
2026-09-25T09:30:00+00:00,payments-service,1,506m,547.744432Mi
2026-09-25T09:30:00+00:00,products-service,2,780m,546.297252Mi
2026-09-25T09:35:00+00:00,orders-service,1,838m,557.705701Mi
2026-09-25T09:35:00+00:00,payments-service,1,506m,547.744432Mi
2026-09-25T09:35:00+00:00,products-service,2,780m,546.297252Mi
2026-09-25T09:40:00+00:00,orders-service,1,838m,557.705701Mi
2026-09-25T09:40:00+00:00,payments-service,1,506m,547.744432Mi
2026-09-25T09:40:00+00:00,products-service,2,780m,546.297252Mi
2026-09-25T09:45:00+00:00,orders-service,1,838m,557.705701Mi
2026-09-25T09:45:00+00:00,payments-service,1,506m,547.744432Mi
2026-09-25T09:45:00+00:00,products-service,2,780m,546.297252Mi
2026-09-25T09:50:00+00:00,orders-service,1,836m,555.152178Mi
2026-09-25T09:50:00+00:00,payments-service,1,506m,547.744432Mi
2026-09-25T09:50:00+00:00,products-service,2,780m,546.297252Mi
2026-09-25T09:55:00+00:00,orders-service,1,836m,555.152178Mi
2026-09-25T09:55:00+00:00,payments-service,1,506m,547.744432Mi
2026-09-25T09:55:00+00:00,products-service,2,780m,546.297252Mi
2026-09-25T10:00:00+00:00,orders-service,1,836m,555.152178Mi
2026-09-25T10:00:00+00:00,payments-service,1,506m,547.744432Mi
2026-09-25T10:00:00+00:00,products-service,2,729m,541.467179Mi
2026-09-25T10:05:00+00:00,orders-service,1,806m,554.98686Mi
2026-09-25T10:05:00+00:00,payments-service,1,506m,547.744432Mi
2026-09-25T10:05:00+00:00,products-service,2,729m,541.467179Mi
2026-09-25T10:10:00+00:00,orders-service,1,806m,554.98686Mi
2026-09-25T10:10:00+00:00,payments-service,1,506m,547.744432Mi
2026-09-25T10:10:00+00:00,products-service,2,729m,541.467179Mi
2026-09-25T10:15:00+00:00,orders-service,1,806m,554.98686Mi
2026-09-25T10:15:00+00:00,payments-service,1,511m,539.862519Mi
2026-09-25T10:15:00+00:00,products-service,2,729m,541.467179Mi
2026-09-25T10:20:00+00:00,orders-service,1,806m,554.98686Mi
2026-09-25T10:20:00+00:00,payments-service,1,511m,539.862519Mi
2026-09-25T10:20:00+00:00,products-service,2,729m,541.467179Mi
2026-09-25T10:25:00+00:00,orders-service,1,806m,554.98686Mi
2026-09-25T10:25:00+00:00,payments-service,1,511m,539.862519Mi
2026-09-25T10:25:00+00:00,products-service,2,729m,541.467179Mi
2026-09-25T10:30:00+00:00,orders-service,1,806m,554.98686Mi
2026-09-25T10:30:00+00:00,payments-service,1,485m,544.931592Mi
2026-09-25T10:30:00+00:00,products-service,2,729m,541.467179Mi
2026-09-25T10:35:00+00:00,orders-service,1,806m,554.98686Mi
2026-09-25T10:35:00+00:00,payments-service,1,485m,544.931592Mi
2026-09-25T10:35:00+00:00,products-service,2,729m,541.467179Mi
2026-09-25T10:40:00+00:00,orders-service,1,806m,554.98686Mi
2026-09-25T10:40:00+00:00,payments-service,1,485m,544.931592Mi
2026-09-25T10:40:00+00:00,products-service,2,729m,541.467179Mi
2026-09-25T10:45:00+00:00,orders-service,1,806m,554.98686Mi
2026-09-25T10:45:00+00:00,payments-service,1,485m,544.931592Mi
2026-09-25T10:45:00+00:00,products-service,2,741m,543.702082Mi
2026-09-25T10:50:00+00:00,orders-service,1,753m,551.840386Mi
2026-09-25T10:50:00+00:00,payments-service,1,466m,542.870989Mi
2026-09-25T10:50:00+00:00,products-service,2,741m,543.702082Mi
2026-09-25T10:55:00+00:00,orders-service,1,753m,551.840386Mi
2026-09-25T10:55:00+00:00,payments-service,1,466m,542.870989Mi
2026-09-25T10:55:00+00:00,products-service,2,741m,543.702082Mi
2026-09-25T11:00:00+00:00,orders-service,1,753m,551.840386Mi
2026-09-25T11:00:00+00:00,payments-service,1,466m,542.870989Mi
2026-09-25T11:00:00+00:00,products-service,2,741m,543.702082Mi
2026-09-25T11:05:00+00:00,orders-service,1,753m,551.840386Mi
2026-09-25T11:05:00+00:00,payments-service,1,466m,542.870989Mi
2026-09-25T11:05:00+00:00,products-service,2,741m,543.702082Mi
2026-09-25T11:10:00+00:00,orders-service,1,753m,551.840386Mi
2026-09-25T11:10:00+00:00,payments-service,1,466m,542.870989Mi
2026-09-25T11:10:00+00:00,products-service,2,716m,540.462693Mi
2026-09-25T11:15:00+00:00,orders-service,1,753m,551.840386Mi
2026-09-25T11:15:00+00:00,payments-service,1,466m,542.870989Mi
2026-09-25T11:15:00+00:00,products-service,2,716m,540.462693Mi
2026-09-25T11:20:00+00:00,orders-service,1,753m,551.840386Mi
2026-09-25T11:20:00+00:00,payments-service,1,466m,542.870989Mi
2026-09-25T11:20:00+00:00,products-service,2,716m,540.462693Mi
2026-09-25T11:25:00+00:00,orders-service,1,753m,551.840386Mi
2026-09-25T11:25:00+00:00,payments-service,1,466m,542.870989Mi
2026-09-25T11:25:00+00:00,products-service,2,716m,540.462693Mi
2026-09-25T11:30:00+00:00,orders-service,1,737m,554.524753Mi
2026-09-25T11:30:00+00:00,payments-service,1,462m,539.748921Mi
2026-09-25T11:30:00+00:00,products-service,2,716m,540.462693Mi
2026-09-25T11:35:00+00:00,orders-service,1,737m,554.524753Mi
2026-09-25T11:35:00+00:00,payments-service,1,462m,539.748921Mi
2026-09-25T11:35:00+00:00,products-service,2,716m,540.462693Mi
2026-09-25T11:40:00+00:00,orders-service,1,737m,554.524753Mi
2026-09-25T11:40:00+00:00,payments-service,1,462m,539.748921Mi
2026-09-25T11:40:00+00:00,products-service,2,716m,540.462693Mi
2026-09-25T11:45:00+00:00,orders-service,1,737m,554.524753Mi
2026-09-25T11:45:00+00:00,payments-service,1,462m,539.748921Mi
2026-09-25T11:45:00+00:00,products-service,2,717m,538.21955Mi
2026-09-25T11:50:00+00:00,orders-service,1,737m,554.524753Mi
2026-09-25T11:50:00+00:00,payments-service,1,462m,539.748921Mi
2026-09-25T11:50:00+00:00,products-service,2,717m,538.21955Mi
2026-09-25T11:55:00+00:00,orders-service,1,712m,551.137245Mi
2026-09-25T11:55:00+00:00,payments-service,1,462m,539.748921Mi
2026-09-25T11:55:00+00:00,products-service,2,717m,538.21955Mi
2026-09-25T12:00:00+00:00,orders-service,1,712m,551.137245Mi
2026-09-25T12:00:00+00:00,payments-service,1,462m,539.748921Mi
2026-09-25T12:00:00+00:00,products-service,2,685m,539.187698Mi
2026-09-25T12:05:00+00:00,orders-service,1,712m,551.137245Mi
2026-09-25T12:05:00+00:00,payments-service,1,462m,539.748921Mi
2026-09-25T12:05:00+00:00,products-service,2,685m,539.187698Mi
2026-09-25T12:10:00+00:00,orders-service,1,712m,551.137245Mi
2026-09-25T12:10:00+00:00,payments-service,1,462m,539.748921Mi
2026-09-25T12:10:00+00:00,products-service,2,685m,539.187698Mi
2026-09-25T12:15:00+00:00,orders-service,1,712m,551.137245Mi
2026-09-25T12:15:00+00:00,payments-service,1,462m,539.748921Mi
2026-09-25T12:15:00+00:00,products-service,2,685m,539.187698Mi
2026-09-25T12:20:00+00:00,orders-service,1,712m,551.137245Mi
2026-09-25T12:20:00+00:00,payments-service,1,462m,539.748921Mi
2026-09-25T12:20:00+00:00,products-service,2,615m,535.961261Mi
2026-09-25T12:25:00+00:00,orders-service,1,712m,551.137245Mi
2026-09-25T12:25:00+00:00,payments-service,1,449m,544.579488Mi
2026-09-25T12:25:00+00:00,products-service,2,615m,535.961261Mi
2026-09-25T12:30:00+00:00,orders-service,1,712m,551.137245Mi
2026-09-25T12:30:00+00:00,payments-service,1,449m,544.579488Mi
2026-09-25T12:30:00+00:00,products-service,2,615m,535.961261Mi
2026-09-25T12:35:00+00:00,orders-service,1,703m,550.92233Mi
2026-09-25T12:35:00+00:00,payments-service,1,449m,544.579488Mi
2026-09-25T12:35:00+00:00,products-service,2,615m,535.961261Mi
2026-09-25T12:40:00+00:00,orders-service,1,703m,550.92233Mi
2026-09-25T12:40:00+00:00,payments-service,1,449m,544.579488Mi
2026-09-25T12:40:00+00:00,products-service,2,615m,535.961261Mi
2026-09-25T12:45:00+00:00,orders-service,1,703m,550.92233Mi
2026-09-25T12:45:00+00:00,payments-service,1,449m,544.579488Mi
2026-09-25T12:45:00+00:00,products-service,2,620m,530.407039Mi
2026-09-25T12:50:00+00:00,orders-service,1,656m,542.495983Mi
2026-09-25T12:50:00+00:00,payments-service,1,445m,545.327645Mi
2026-09-25T12:50:00+00:00,products-service,2,620m,530.407039Mi
2026-09-25T12:55:00+00:00,orders-service,1,656m,542.495983Mi
2026-09-25T12:55:00+00:00,payments-service,1,445m,545.327645Mi
2026-09-25T12:55:00+00:00,products-service,2,620m,530.407039Mi
2026-09-25T13:00:00+00:00,orders-service,1,656m,542.495983Mi
2026-09-25T13:00:00+00:00,payments-service,1,445m,545.327645Mi
2026-09-25T13:00:00+00:00,products-service,2,594m,530.421947Mi
2026-09-25T13:05:00+00:00,orders-service,1,634m,544.500249Mi
2026-09-25T13:05:00+00:00,payments-service,1,441m,542.412528Mi
2026-09-25T13:05:00+00:00,products-service,2,594m,530.421947Mi
2026-09-25T13:10:00+00:00,orders-service,1,634m,544.500249Mi
2026-09-25T13:10:00+00:00,payments-service,1,441m,542.412528Mi
2026-09-25T13:10:00+00:00,products-service,2,594m,530.421947Mi
2026-09-25T13:15:00+00:00,orders-service,1,634m,544.500249Mi
2026-09-25T13:15:00+00:00,payments-service,1,441m,542.412528Mi
2026-09-25T13:15:00+00:00,products-service,2,594m,530.421947Mi
2026-09-25T13:20:00+00:00,orders-service,1,634m,544.500249Mi
2026-09-25T13:20:00+00:00,payments-service,1,435m,543.774545Mi
2026-09-25T13:20:00+00:00,products-service,2,575m,529.989445Mi
2026-09-25T13:25:00+00:00,orders-service,1,611m,542.912722Mi
2026-09-25T13:25:00+00:00,payments-service,1,435m,543.774545Mi
2026-09-25T13:25:00+00:00,products-service,2,575m,529.989445Mi
2026-09-25T13:30:00+00:00,orders-service,1,611m,542.912722Mi
2026-09-25T13:30:00+00:00,payments-service,1,435m,543.774545Mi
2026-09-25T13:30:00+00:00,products-service,2,575m,529.989445Mi
2026-09-25T13:35:00+00:00,orders-service,1,611m,542.912722Mi
2026-09-25T13:35:00+00:00,payments-service,1,435m,543.774545Mi
2026-09-25T13:35:00+00:00,products-service,2,575m,529.989445Mi
2026-09-25T13:40:00+00:00,orders-service,1,611m,542.912722Mi
2026-09-25T13:40:00+00:00,payments-service,1,440m,531.874662Mi
2026-09-25T13:40:00+00:00,products-service,2,575m,529.989445Mi
2026-09-25T13:45:00+00:00,orders-service,1,591m,544.346363Mi
2026-09-25T13:45:00+00:00,payments-service,1,440m,531.874662Mi
2026-09-25T13:45:00+00:00,products-service,2,567m,528.945192Mi
2026-09-25T13:50:00+00:00,orders-service,1,591m,544.346363Mi
2026-09-25T13:50:00+00:00,payments-service,1,440m,531.874662Mi
2026-09-25T13:50:00+00:00,products-service,2,567m,528.945192Mi
2026-09-25T13:55:00+00:00,orders-service,1,591m,544.346363Mi
2026-09-25T13:55:00+00:00,payments-service,1,432m,540.969933Mi
2026-09-25T13:55:00+00:00,products-service,2,567m,528.945192Mi
2026-09-25T14:00:00+00:00,orders-service,1,591m,544.346363Mi
2026-09-25T14:00:00+00:00,payments-service,1,432m,540.969933Mi
2026-09-25T14:00:00+00:00,products-service,2,541m,522.032887Mi
2026-09-25T14:05:00+00:00,orders-service,1,561m,544.313411Mi
2026-09-25T14:05:00+00:00,payments-service,1,432m,540.969933Mi
2026-09-25T14:05:00+00:00,products-service,2,541m,522.032887Mi
2026-09-25T14:10:00+00:00,orders-service,1,561m,544.313411Mi
2026-09-25T14:10:00+00:00,payments-service,1,429m,541.087436Mi
2026-09-25T14:10:00+00:00,products-service,2,541m,522.032887Mi
2026-09-25T14:15:00+00:00,orders-service,1,561m,544.313411Mi
2026-09-25T14:15:00+00:00,payments-service,1,429m,541.087436Mi
2026-09-25T14:15:00+00:00,products-service,2,541m,522.032887Mi
2026-09-25T14:20:00+00:00,orders-service,1,561m,544.313411Mi
2026-09-25T14:20:00+00:00,payments-service,1,429m,541.087436Mi
2026-09-25T14:20:00+00:00,products-service,2,531m,522.895394Mi
2026-09-25T14:25:00+00:00,orders-service,1,561m,544.313411Mi
2026-09-25T14:25:00+00:00,payments-service,1,429m,541.087436Mi
2026-09-25T14:25:00+00:00,products-service,2,531m,522.895394Mi
2026-09-25T14:30:00+00:00,orders-service,1,561m,544.313411Mi
2026-09-25T14:30:00+00:00,payments-service,1,419m,537.116041Mi
2026-09-25T14:30:00+00:00,products-service,2,531m,522.895394Mi
2026-09-25T14:35:00+00:00,orders-service,1,561m,544.313411Mi
2026-09-25T14:35:00+00:00,payments-service,1,419m,537.116041Mi
2026-09-25T14:35:00+00:00,products-service,2,520m,522.984378Mi
2026-09-25T14:40:00+00:00,orders-service,1,561m,544.313411Mi
2026-09-25T14:40:00+00:00,payments-service,1,419m,537.116041Mi
2026-09-25T14:40:00+00:00,products-service,2,520m,522.984378Mi
2026-09-25T14:45:00+00:00,orders-service,1,561m,544.313411Mi
2026-09-25T14:45:00+00:00,payments-service,1,419m,537.116041Mi
2026-09-25T14:45:00+00:00,products-service,2,520m,522.984378Mi
2026-09-25T14:50:00+00:00,orders-service,1,561m,544.313411Mi
2026-09-25T14:50:00+00:00,payments-service,1,419m,537.116041Mi
2026-09-25T14:50:00+00:00,products-service,2,520m,522.984378Mi
2026-09-25T14:55:00+00:00,orders-service,1,524m,541.735765Mi
2026-09-25T14:55:00+00:00,payments-service,1,411m,536.530059Mi
2026-09-25T14:55:00+00:00,products-service,2,489m,519.394557Mi
2026-09-25T15:00:00+00:00,orders-service,1,524m,541.735765Mi
2026-09-25T15:00:00+00:00,payments-service,1,411m,536.530059Mi
2026-09-25T15:00:00+00:00,products-service,2,489m,519.394557Mi
2026-09-25T15:05:00+00:00,orders-service,1,524m,541.735765Mi
2026-09-25T15:05:00+00:00,payments-service,1,411m,536.530059Mi
2026-09-25T15:05:00+00:00,products-service,2,489m,519.394557Mi
2026-09-25T15:10:00+00:00,orders-service,1,513m,539.302119Mi
2026-09-25T15:10:00+00:00,payments-service,1,410m,538.939526Mi
2026-09-25T15:10:00+00:00,products-service,2,484m,517.843895Mi
2026-09-25T15:15:00+00:00,orders-service,1,513m,539.302119Mi
2026-09-25T15:15:00+00:00,payments-service,1,410m,538.939526Mi
2026-09-25T15:15:00+00:00,products-service,2,484m,517.843895Mi
2026-09-25T15:20:00+00:00,orders-service,1,513m,539.302119Mi
2026-09-25T15:20:00+00:00,payments-service,1,410m,538.939526Mi
2026-09-25T15:20:00+00:00,products-service,2,484m,517.843895Mi
2026-09-25T15:25:00+00:00,orders-service,1,513m,539.302119Mi
2026-09-25T15:25:00+00:00,payments-service,1,410m,538.939526Mi
2026-09-25T15:25:00+00:00,products-service,2,484m,517.843895Mi
2026-09-25T15:30:00+00:00,orders-service,1,513m,539.302119Mi
2026-09-25T15:30:00+00:00,payments-service,1,410m,538.939526Mi
2026-09-25T15:30:00+00:00,products-service,2,480m,516.802487Mi
2026-09-25T15:35:00+00:00,orders-service,1,513m,539.302119Mi
2026-09-25T15:35:00+00:00,payments-service,1,410m,538.939526Mi
2026-09-25T15:35:00+00:00,products-service,2,480m,516.802487Mi
2026-09-25T15:40:00+00:00,orders-service,1,513m,539.302119Mi
2026-09-25T15:40:00+00:00,payments-service,1,410m,538.939526Mi
2026-09-25T15:40:00+00:00,products-service,2,480m,516.802487Mi
2026-09-25T15:45:00+00:00,orders-service,1,513m,539.302119Mi
2026-09-25T15:45:00+00:00,payments-service,1,405m,534.243889Mi
2026-09-25T15:45:00+00:00,products-service,2,470m,514.422374Mi
2026-09-25T15:50:00+00:00,orders-service,1,483m,537.247606Mi
2026-09-25T15:50:00+00:00,payments-service,1,405m,534.243889Mi
2026-09-25T15:50:00+00:00,products-service,2,470m,514.422374Mi
2026-09-25T15:55:00+00:00,orders-service,1,483m,537.247606Mi
2026-09-25T15:55:00+00:00,payments-service,1,405m,534.243889Mi
2026-09-25T15:55:00+00:00,products-service,2,470m,514.422374Mi
2026-09-25T16:00:00+00:00,orders-service,1,483m,537.247606Mi
2026-09-25T16:00:00+00:00,payments-service,1,405m,534.243889Mi
2026-09-25T16:00:00+00:00,products-service,2,470m,514.422374Mi
2026-09-25T16:05:00+00:00,orders-service,1,483m,537.247606Mi
2026-09-25T16:05:00+00:00,payments-service,1,405m,534.243889Mi
2026-09-25T16:05:00+00:00,products-service,2,470m,514.422374Mi
2026-09-25T16:10:00+00:00,orders-service,1,483m,537.247606Mi
2026-09-25T16:10:00+00:00,payments-service,1,405m,534.243889Mi
2026-09-25T16:10:00+00:00,products-service,2,470m,514.422374Mi
2026-09-25T16:15:00+00:00,orders-service,1,483m,537.247606Mi
2026-09-25T16:15:00+00:00,payments-service,1,405m,534.243889Mi
2026-09-25T16:15:00+00:00,products-service,2,468m,512.96895Mi
2026-09-25T16:20:00+00:00,orders-service,1,478m,535.391364Mi
2026-09-25T16:20:00+00:00,payments-service,1,402m,537.88436Mi
2026-09-25T16:20:00+00:00,products-service,2,468m,512.96895Mi
2026-09-25T16:25:00+00:00,orders-service,1,478m,535.391364Mi
2026-09-25T16:25:00+00:00,payments-service,1,402m,537.88436Mi
2026-09-25T16:25:00+00:00,products-service,2,468m,512.96895Mi
2026-09-25T16:30:00+00:00,orders-service,1,478m,535.391364Mi
2026-09-25T16:30:00+00:00,payments-service,1,402m,537.88436Mi
2026-09-25T16:30:00+00:00,products-service,2,468m,512.96895Mi
2026-09-25T16:35:00+00:00,orders-service,1,478m,535.391364Mi
2026-09-25T16:35:00+00:00,payments-service,1,401m,525.098385Mi
2026-09-25T16:35:00+00:00,products-service,2,468m,512.96895Mi
2026-09-25T16:40:00+00:00,orders-service,1,478m,535.391364Mi
2026-09-25T16:40:00+00:00,payments-service,1,401m,525.098385Mi
2026-09-25T16:40:00+00:00,products-service,2,445m,512.38758Mi
2026-09-25T16:45:00+00:00,orders-service,1,450m,536.476846Mi
2026-09-25T16:45:00+00:00,payments-service,1,401m,525.098385Mi
2026-09-25T16:45:00+00:00,products-service,2,445m,512.38758Mi
2026-09-25T16:50:00+00:00,orders-service,1,450m,536.476846Mi
2026-09-25T16:50:00+00:00,payments-service,1,401m,525.098385Mi
2026-09-25T16:50:00+00:00,products-service,2,445m,512.38758Mi
2026-09-25T16:55:00+00:00,orders-service,1,450m,536.476846Mi
2026-09-25T16:55:00+00:00,payments-service,1,400m,523.883409Mi
2026-09-25T16:55:00+00:00,products-service,2,445m,512.38758Mi
2026-09-25T17:00:00+00:00,orders-service,1,450m,536.476846Mi
2026-09-25T17:00:00+00:00,payments-service,1,400m,523.883409Mi
2026-09-25T17:00:00+00:00,products-service,2,418m,512.155032Mi
2026-09-25T17:05:00+00:00,orders-service,1,450m,536.476846Mi
2026-09-25T17:05:00+00:00,payments-service,1,400m,523.883409Mi
2026-09-25T17:05:00+00:00,products-service,2,418m,512.155032Mi
2026-09-25T17:10:00+00:00,orders-service,1,450m,536.476846Mi
2026-09-25T17:10:00+00:00,payments-service,1,400m,523.883409Mi
2026-09-25T17:10:00+00:00,products-service,2,418m,512.155032Mi
2026-09-25T17:15:00+00:00,orders-service,1,450m,536.476846Mi
2026-09-25T17:15:00+00:00,payments-service,1,400m,523.883409Mi
2026-09-25T17:15:00+00:00,products-service,2,418m,512.155032Mi
2026-09-25T17:20:00+00:00,orders-service,1,441m,537.621818Mi
2026-09-25T17:20:00+00:00,payments-service,1,400m,530.462287Mi
2026-09-25T17:20:00+00:00,products-service,2,418m,512.155032Mi
2026-09-25T17:25:00+00:00,orders-service,1,441m,537.621818Mi
2026-09-25T17:25:00+00:00,payments-service,1,400m,530.462287Mi
2026-09-25T17:25:00+00:00,products-service,2,418m,512.155032Mi
2026-09-25T17:30:00+00:00,orders-service,1,441m,537.621818Mi
2026-09-25T17:30:00+00:00,payments-service,1,400m,530.462287Mi
2026-09-25T17:30:00+00:00,products-service,2,418m,512.155032Mi
2026-09-25T17:35:00+00:00,orders-service,1,419m,538.768063Mi
2026-09-25T17:35:00+00:00,payments-service,1,400m,528.744424Mi
2026-09-25T17:35:00+00:00,products-service,2,418m,512.155032Mi
2026-09-25T17:40:00+00:00,orders-service,1,419m,538.768063Mi
2026-09-25T17:40:00+00:00,payments-service,1,400m,528.744424Mi
2026-09-25T17:40:00+00:00,products-service,2,407m,512.062013Mi
2026-09-25T17:45:00+00:00,orders-service,1,419m,538.768063Mi
2026-09-25T17:45:00+00:00,payments-service,1,400m,528.744424Mi
2026-09-25T17:45:00+00:00,products-service,2,407m,512.062013Mi
2026-09-25T17:50:00+00:00,orders-service,1,411m,537.927758Mi
2026-09-25T17:50:00+00:00,payments-service,1,400m,530.896549Mi
2026-09-25T17:50:00+00:00,products-service,2,407m,512.062013Mi
2026-09-25T17:55:00+00:00,orders-service,1,411m,537.927758Mi
2026-09-25T17:55:00+00:00,payments-service,1,400m,530.896549Mi
2026-09-25T17:55:00+00:00,products-service,2,403m,512.024805Mi
2026-09-25T18:00:00+00:00,orders-service,1,411m,537.927758Mi
2026-09-25T18:00:00+00:00,payments-service,1,400m,530.896549Mi
2026-09-25T18:00:00+00:00,products-service,2,403m,512.024805Mi
2026-09-25T18:05:00+00:00,orders-service,1,411m,537.927758Mi
2026-09-25T18:05:00+00:00,payments-service,1,400m,530.896549Mi
2026-09-25T18:05:00+00:00,products-service,2,403m,512.024805Mi
2026-09-25T18:10:00+00:00,orders-service,1,411m,537.927758Mi
2026-09-25T18:10:00+00:00,payments-service,1,400m,530.896549Mi
2026-09-25T18:10:00+00:00,products-service,2,403m,512.024805Mi
2026-09-25T18:15:00+00:00,orders-service,1,411m,537.927758Mi
2026-09-25T18:15:00+00:00,payments-service,1,400m,530.896549Mi
2026-09-25T18:15:00+00:00,products-service,2,403m,512.024805Mi
2026-09-25T18:20:00+00:00,orders-service,1,411m,537.927758Mi
2026-09-25T18:20:00+00:00,payments-service,1,400m,530.896549Mi
2026-09-25T18:20:00+00:00,products-service,2,403m,512.024805Mi
2026-09-25T18:25:00+00:00,orders-service,1,409m,537.976084Mi
2026-09-25T18:25:00+00:00,payments-service,1,400m,530.896549Mi
2026-09-25T18:25:00+00:00,products-service,2,403m,512.024805Mi
2026-09-25T18:30:00+00:00,orders-service,1,409m,537.976084Mi
2026-09-25T18:30:00+00:00,payments-service,1,400m,521.984584Mi
2026-09-25T18:30:00+00:00,products-service,2,403m,512.024805Mi
2026-09-25T18:35:00+00:00,orders-service,1,409m,537.976084Mi
2026-09-25T18:35:00+00:00,payments-service,1,400m,521.984584Mi
2026-09-25T18:35:00+00:00,products-service,2,401m,512.009922Mi
2026-09-25T18:40:00+00:00,orders-service,1,406m,538.267655Mi
2026-09-25T18:40:00+00:00,payments-service,1,400m,521.984584Mi
2026-09-25T18:40:00+00:00,products-service,2,401m,512.009922Mi
2026-09-25T18:45:00+00:00,orders-service,1,406m,538.267655Mi
2026-09-25T18:45:00+00:00,payments-service,1,400m,521.984584Mi
2026-09-25T18:45:00+00:00,products-service,2,401m,512.009922Mi
2026-09-25T18:50:00+00:00,orders-service,1,406m,538.267655Mi
2026-09-25T18:50:00+00:00,payments-service,1,400m,519.633348Mi
2026-09-25T18:50:00+00:00,products-service,2,400m,515.515456Mi
2026-09-25T18:55:00+00:00,orders-service,1,402m,540.541815Mi
2026-09-25T18:55:00+00:00,payments-service,1,400m,519.633348Mi
2026-09-25T18:55:00+00:00,products-service,2,400m,515.515456Mi
2026-09-25T19:00:00+00:00,orders-service,1,402m,540.541815Mi
2026-09-25T19:00:00+00:00,payments-service,1,400m,519.633348Mi
2026-09-25T19:00:00+00:00,products-service,2,400m,515.515456Mi
2026-09-25T19:05:00+00:00,orders-service,1,402m,540.541815Mi
2026-09-25T19:05:00+00:00,payments-service,1,400m,522.45069Mi
2026-09-25T19:05:00+00:00,products-service,2,400m,515.373944Mi
2026-09-25T19:10:00+00:00,orders-service,1,405m,541.683218Mi
2026-09-25T19:10:00+00:00,payments-service,1,400m,522.45069Mi
2026-09-25T19:10:00+00:00,products-service,2,400m,515.373944Mi
2026-09-25T19:15:00+00:00,orders-service,1,405m,541.683218Mi
2026-09-25T19:15:00+00:00,payments-service,1,400m,522.45069Mi
2026-09-25T19:15:00+00:00,products-service,2,400m,515.373944Mi
2026-09-25T19:20:00+00:00,orders-service,1,405m,541.683218Mi
2026-09-25T19:20:00+00:00,payments-service,1,400m,521.098745Mi
2026-09-25T19:20:00+00:00,products-service,2,400m,513.349578Mi
2026-09-25T19:25:00+00:00,orders-service,1,402m,542.682906Mi
2026-09-25T19:25:00+00:00,payments-service,1,400m,521.098745Mi
2026-09-25T19:25:00+00:00,products-service,2,400m,513.349578Mi
2026-09-25T19:30:00+00:00,orders-service,1,402m,542.682906Mi
2026-09-25T19:30:00+00:00,payments-service,1,400m,521.098745Mi
2026-09-25T19:30:00+00:00,products-service,2,400m,513.349578Mi
2026-09-25T19:35:00+00:00,orders-service,1,402m,542.682906Mi
2026-09-25T19:35:00+00:00,payments-service,1,400m,529.508419Mi
2026-09-25T19:35:00+00:00,products-service,2,400m,520.318811Mi
2026-09-25T19:40:00+00:00,orders-service,1,402m,542.682906Mi
2026-09-25T19:40:00+00:00,payments-service,1,400m,529.508419Mi
2026-09-25T19:40:00+00:00,products-service,2,400m,520.318811Mi
2026-09-25T19:45:00+00:00,orders-service,1,402m,542.682906Mi
2026-09-25T19:45:00+00:00,payments-service,1,400m,529.508419Mi
2026-09-25T19:45:00+00:00,products-service,2,400m,520.318811Mi
2026-09-25T19:50:00+00:00,orders-service,1,402m,542.682906Mi
2026-09-25T19:50:00+00:00,payments-service,1,400m,529.231712Mi
2026-09-25T19:50:00+00:00,products-service,2,400m,518.619907Mi
2026-09-25T19:55:00+00:00,orders-service,1,402m,542.682906Mi
2026-09-25T19:55:00+00:00,payments-service,1,400m,529.231712Mi
2026-09-25T19:55:00+00:00,products-service,2,400m,518.619907Mi
2026-09-25T20:00:00+00:00,orders-service,1,402m,542.682906Mi
2026-09-25T20:00:00+00:00,payments-service,1,400m,529.231712Mi
2026-09-25T20:00:00+00:00,products-service,2,400m,518.619907Mi
2026-09-25T20:05:00+00:00,orders-service,1,402m,542.682906Mi
2026-09-25T20:05:00+00:00,payments-service,1,400m,525.204111Mi
2026-09-25T20:05:00+00:00,products-service,2,400m,518.619907Mi
2026-09-25T20:10:00+00:00,orders-service,1,402m,542.682906Mi
2026-09-25T20:10:00+00:00,payments-service,1,400m,525.204111Mi
2026-09-25T20:10:00+00:00,products-service,2,400m,518.619907Mi
2026-09-25T20:15:00+00:00,orders-service,1,402m,542.682906Mi
2026-09-25T20:15:00+00:00,payments-service,1,400m,525.204111Mi
2026-09-25T20:15:00+00:00,products-service,2,400m,514.647963Mi
2026-09-25T20:20:00+00:00,orders-service,1,402m,542.682906Mi
2026-09-25T20:20:00+00:00,payments-service,1,400m,525.204111Mi
2026-09-25T20:20:00+00:00,products-service,2,400m,514.647963Mi
2026-09-25T20:25:00+00:00,orders-service,1,402m,542.682906Mi
2026-09-25T20:25:00+00:00,payments-service,1,400m,521.989432Mi
2026-09-25T20:25:00+00:00,products-service,2,400m,514.647963Mi
2026-09-25T20:30:00+00:00,orders-service,1,403m,540.125372Mi
2026-09-25T20:30:00+00:00,payments-service,1,400m,521.989432Mi
2026-09-25T20:30:00+00:00,products-service,2,400m,513.059185Mi
2026-09-25T20:35:00+00:00,orders-service,1,403m,540.125372Mi
2026-09-25T20:35:00+00:00,payments-service,1,400m,521.989432Mi
2026-09-25T20:35:00+00:00,products-service,2,400m,513.059185Mi
2026-09-25T20:40:00+00:00,orders-service,1,403m,540.125372Mi
2026-09-25T20:40:00+00:00,payments-service,1,400m,521.989432Mi
2026-09-25T20:40:00+00:00,products-service,2,400m,513.059185Mi
2026-09-25T20:45:00+00:00,orders-service,1,403m,540.125372Mi
2026-09-25T20:45:00+00:00,payments-service,1,400m,525.304525Mi
2026-09-25T20:45:00+00:00,products-service,2,400m,513.059185Mi
2026-09-25T20:50:00+00:00,orders-service,1,403m,540.125372Mi
2026-09-25T20:50:00+00:00,payments-service,1,400m,525.304525Mi
2026-09-25T20:50:00+00:00,products-service,2,400m,512.423674Mi
2026-09-25T20:55:00+00:00,orders-service,1,403m,540.125372Mi
2026-09-25T20:55:00+00:00,payments-service,1,400m,525.304525Mi
2026-09-25T20:55:00+00:00,products-service,2,400m,512.423674Mi
2026-09-25T21:00:00+00:00,orders-service,1,403m,540.125372Mi
2026-09-25T21:00:00+00:00,payments-service,1,400m,525.304525Mi
2026-09-25T21:00:00+00:00,products-service,2,400m,512.423674Mi
2026-09-25T21:05:00+00:00,orders-service,1,403m,540.125372Mi
2026-09-25T21:05:00+00:00,payments-service,1,400m,524.830709Mi
2026-09-25T21:05:00+00:00,products-service,2,400m,512.16947Mi
2026-09-25T21:10:00+00:00,orders-service,1,403m,540.125372Mi
2026-09-25T21:10:00+00:00,payments-service,1,400m,524.830709Mi
2026-09-25T21:10:00+00:00,products-service,2,400m,512.16947Mi
2026-09-25T21:15:00+00:00,orders-service,1,403m,540.125372Mi
2026-09-25T21:15:00+00:00,payments-service,1,400m,524.830709Mi
2026-09-25T21:15:00+00:00,products-service,2,400m,512.16947Mi
2026-09-25T21:20:00+00:00,orders-service,1,403m,540.125372Mi
2026-09-25T21:20:00+00:00,payments-service,1,400m,524.623641Mi
2026-09-25T21:20:00+00:00,products-service,2,400m,512.16947Mi
2026-09-25T21:25:00+00:00,orders-service,1,404m,538.158816Mi
2026-09-25T21:25:00+00:00,payments-service,1,400m,524.623641Mi
2026-09-25T21:25:00+00:00,products-service,2,405m,512.067788Mi
2026-09-25T21:30:00+00:00,orders-service,1,404m,538.158816Mi
2026-09-25T21:30:00+00:00,payments-service,1,400m,524.623641Mi
2026-09-25T21:30:00+00:00,products-service,2,405m,512.067788Mi
2026-09-25T21:35:00+00:00,orders-service,1,404m,538.158816Mi
2026-09-25T21:35:00+00:00,payments-service,1,400m,524.623641Mi
2026-09-25T21:35:00+00:00,products-service,2,405m,512.067788Mi
2026-09-25T21:40:00+00:00,orders-service,1,408m,538.179066Mi
2026-09-25T21:40:00+00:00,payments-service,1,400m,524.623641Mi
2026-09-25T21:40:00+00:00,products-service,2,404m,512.027115Mi
2026-09-25T21:45:00+00:00,orders-service,1,408m,538.179066Mi
2026-09-25T21:45:00+00:00,payments-service,1,400m,524.623641Mi
2026-09-25T21:45:00+00:00,products-service,2,404m,512.027115Mi
2026-09-25T21:50:00+00:00,orders-service,1,408m,538.179066Mi
2026-09-25T21:50:00+00:00,payments-service,1,400m,524.623641Mi
2026-09-25T21:50:00+00:00,products-service,2,404m,512.027115Mi
2026-09-25T21:55:00+00:00,orders-service,1,412m,535.840596Mi
2026-09-25T21:55:00+00:00,payments-service,1,400m,524.623641Mi
2026-09-25T21:55:00+00:00,products-service,2,413m,512.010846Mi
2026-09-25T22:00:00+00:00,orders-service,1,412m,535.840596Mi
2026-09-25T22:00:00+00:00,payments-service,1,400m,524.623641Mi
2026-09-25T22:00:00+00:00,products-service,2,413m,512.010846Mi
2026-09-25T22:05:00+00:00,orders-service,1,412m,535.840596Mi
2026-09-25T22:05:00+00:00,payments-service,1,400m,524.623641Mi
2026-09-25T22:05:00+00:00,products-service,2,413m,512.010846Mi
2026-09-25T22:10:00+00:00,orders-service,1,412m,535.840596Mi
2026-09-25T22:10:00+00:00,payments-service,1,400m,524.623641Mi
2026-09-25T22:10:00+00:00,products-service,2,413m,512.010846Mi
2026-09-25T22:15:00+00:00,orders-service,1,412m,535.840596Mi
2026-09-25T22:15:00+00:00,payments-service,1,400m,525.250311Mi
2026-09-25T22:15:00+00:00,products-service,2,413m,512.010846Mi
2026-09-25T22:20:00+00:00,orders-service,1,412m,535.840596Mi
2026-09-25T22:20:00+00:00,payments-service,1,400m,525.250311Mi
2026-09-25T22:20:00+00:00,products-service,2,413m,512.010846Mi
2026-09-25T22:25:00+00:00,orders-service,1,423m,535.455953Mi
2026-09-25T22:25:00+00:00,payments-service,1,400m,525.250311Mi
2026-09-25T22:25:00+00:00,products-service,2,423m,512.004338Mi
2026-09-25T22:30:00+00:00,orders-service,1,423m,535.455953Mi
2026-09-25T22:30:00+00:00,payments-service,1,400m,529.041287Mi
2026-09-25T22:30:00+00:00,products-service,2,423m,512.004338Mi
2026-09-25T22:35:00+00:00,orders-service,1,423m,535.455953Mi
2026-09-25T22:35:00+00:00,payments-service,1,400m,529.041287Mi
2026-09-25T22:35:00+00:00,products-service,2,423m,512.004338Mi
2026-09-25T22:40:00+00:00,orders-service,1,414m,536.192794Mi
2026-09-25T22:40:00+00:00,payments-service,1,400m,529.041287Mi
2026-09-25T22:40:00+00:00,products-service,2,415m,512.001735Mi
2026-09-25T22:45:00+00:00,orders-service,1,414m,536.192794Mi
2026-09-25T22:45:00+00:00,payments-service,1,400m,525.167272Mi
2026-09-25T22:45:00+00:00,products-service,2,415m,512.001735Mi
2026-09-25T22:50:00+00:00,orders-service,1,414m,536.192794Mi
2026-09-25T22:50:00+00:00,payments-service,1,400m,525.167272Mi
2026-09-25T22:50:00+00:00,products-service,2,415m,512.001735Mi
2026-09-25T22:55:00+00:00,orders-service,1,423m,537.56214Mi
2026-09-25T22:55:00+00:00,payments-service,1,400m,525.167272Mi
2026-09-25T22:55:00+00:00,products-service,2,417m,519.875328Mi
2026-09-25T23:00:00+00:00,orders-service,1,423m,537.56214Mi
2026-09-25T23:00:00+00:00,payments-service,1,400m,527.067446Mi
2026-09-25T23:00:00+00:00,products-service,2,417m,519.875328Mi
2026-09-25T23:05:00+00:00,orders-service,1,423m,537.56214Mi
2026-09-25T23:05:00+00:00,payments-service,1,400m,527.067446Mi
2026-09-25T23:05:00+00:00,products-service,2,417m,519.875328Mi
2026-09-25T23:10:00+00:00,orders-service,1,442m,532.221023Mi
2026-09-25T23:10:00+00:00,payments-service,1,400m,527.067446Mi
2026-09-25T23:10:00+00:00,products-service,2,435m,525.168307Mi
2026-09-25T23:15:00+00:00,orders-service,1,442m,532.221023Mi
2026-09-25T23:15:00+00:00,payments-service,1,400m,533.048988Mi
2026-09-25T23:15:00+00:00,products-service,2,435m,525.168307Mi
2026-09-25T23:20:00+00:00,orders-service,1,442m,532.221023Mi
2026-09-25T23:20:00+00:00,payments-service,1,400m,533.048988Mi
2026-09-25T23:20:00+00:00,products-service,2,435m,525.168307Mi
2026-09-25T23:25:00+00:00,orders-service,1,454m,532.822222Mi
2026-09-25T23:25:00+00:00,payments-service,1,400m,533.048988Mi
2026-09-25T23:25:00+00:00,products-service,2,440m,530.553383Mi
2026-09-25T23:30:00+00:00,orders-service,1,454m,532.822222Mi
2026-09-25T23:30:00+00:00,payments-service,1,400m,530.00795Mi
2026-09-25T23:30:00+00:00,products-service,2,440m,530.553383Mi
2026-09-25T23:35:00+00:00,orders-service,1,454m,532.822222Mi
2026-09-25T23:35:00+00:00,payments-service,1,400m,530.00795Mi
2026-09-25T23:35:00+00:00,products-service,2,440m,530.553383Mi
2026-09-25T23:40:00+00:00,orders-service,1,454m,532.822222Mi
2026-09-25T23:40:00+00:00,payments-service,1,400m,530.00795Mi
2026-09-25T23:40:00+00:00,products-service,2,440m,530.553383Mi
2026-09-25T23:45:00+00:00,orders-service,1,474m,538.205732Mi
2026-09-25T23:45:00+00:00,payments-service,1,400m,531.03194Mi
2026-09-25T23:45:00+00:00,products-service,2,462m,533.011881Mi
2026-09-25T23:50:00+00:00,orders-service,1,474m,538.205732Mi
2026-09-25T23:50:00+00:00,payments-service,1,400m,531.03194Mi
2026-09-25T23:50:00+00:00,products-service,2,462m,533.011881Mi
2026-09-25T23:55:00+00:00,orders-service,1,474m,538.205732Mi
2026-09-25T23:55:00+00:00,payments-service,1,400m,531.03194Mi
2026-09-25T23:55:00+00:00,products-service,2,462m,533.011881Mi
2026-09-26T00:00:00+00:00,orders-service,1,474m,538.205732Mi
2026-09-26T00:00:00+00:00,payments-service,1,400m,531.03194Mi
2026-09-26T00:00:00+00:00,products-service,2,481m,534.786442Mi
2026-09-26T00:05:00+00:00,orders-service,1,474m,538.205732Mi
2026-09-26T00:05:00+00:00,payments-service,1,400m,531.03194Mi
2026-09-26T00:05:00+00:00,products-service,2,481m,534.786442Mi
2026-09-26T00:10:00+00:00,orders-service,1,474m,538.205732Mi
2026-09-26T00:10:00+00:00,payments-service,1,400m,531.03194Mi
2026-09-26T00:10:00+00:00,products-service,2,481m,534.786442Mi
2026-09-26T00:15:00+00:00,orders-service,1,474m,538.205732Mi
2026-09-26T00:15:00+00:00,payments-service,1,404m,533.137898Mi
2026-09-26T00:15:00+00:00,products-service,2,471m,527.792067Mi
2026-09-26T00:20:00+00:00,orders-service,1,474m,538.205732Mi
2026-09-26T00:20:00+00:00,payments-service,1,404m,533.137898Mi
2026-09-26T00:20:00+00:00,products-service,2,471m,527.792067Mi
2026-09-26T00:25:00+00:00,orders-service,1,478m,538.892535Mi
2026-09-26T00:25:00+00:00,payments-service,1,404m,533.137898Mi
2026-09-26T00:25:00+00:00,products-service,2,471m,527.792067Mi
2026-09-26T00:30:00+00:00,orders-service,1,478m,538.892535Mi
2026-09-26T00:30:00+00:00,payments-service,1,404m,533.137898Mi
2026-09-26T00:30:00+00:00,products-service,2,472m,521.968352Mi
2026-09-26T00:35:00+00:00,orders-service,1,478m,538.892535Mi
2026-09-26T00:35:00+00:00,payments-service,1,412m,538.623946Mi
2026-09-26T00:35:00+00:00,products-service,2,472m,521.968352Mi
2026-09-26T00:40:00+00:00,orders-service,1,512m,534.68531Mi
2026-09-26T00:40:00+00:00,payments-service,1,412m,538.623946Mi
2026-09-26T00:40:00+00:00,products-service,2,472m,521.968352Mi
2026-09-26T00:45:00+00:00,orders-service,1,512m,534.68531Mi
2026-09-26T00:45:00+00:00,payments-service,1,412m,538.623946Mi
2026-09-26T00:45:00+00:00,products-service,2,472m,521.968352Mi
2026-09-26T00:50:00+00:00,orders-service,1,512m,534.68531Mi
2026-09-26T00:50:00+00:00,payments-service,1,412m,538.623946Mi
2026-09-26T00:50:00+00:00,products-service,2,490m,519.756164Mi
2026-09-26T00:55:00+00:00,orders-service,1,512m,534.68531Mi
2026-09-26T00:55:00+00:00,payments-service,1,410m,535.039629Mi
2026-09-26T00:55:00+00:00,products-service,2,490m,519.756164Mi
2026-09-26T01:00:00+00:00,orders-service,1,559m,543.626529Mi
2026-09-26T01:00:00+00:00,payments-service,1,410m,535.039629Mi
2026-09-26T01:00:00+00:00,products-service,2,490m,519.756164Mi
2026-09-26T01:05:00+00:00,orders-service,1,559m,543.626529Mi
2026-09-26T01:05:00+00:00,payments-service,1,410m,535.039629Mi
2026-09-26T01:05:00+00:00,products-service,2,490m,519.756164Mi
2026-09-26T01:10:00+00:00,orders-service,1,559m,543.626529Mi
2026-09-26T01:10:00+00:00,payments-service,1,410m,535.039629Mi
2026-09-26T01:10:00+00:00,products-service,2,490m,519.756164Mi
2026-09-26T01:15:00+00:00,orders-service,1,570m,547.302809Mi
2026-09-26T01:15:00+00:00,payments-service,1,415m,540.763313Mi
2026-09-26T01:15:00+00:00,products-service,2,498m,522.65835Mi
2026-09-26T01:20:00+00:00,orders-service,1,570m,547.302809Mi
2026-09-26T01:20:00+00:00,payments-service,1,415m,540.763313Mi
2026-09-26T01:20:00+00:00,products-service,2,498m,522.65835Mi
2026-09-26T01:25:00+00:00,orders-service,1,570m,547.302809Mi
2026-09-26T01:25:00+00:00,payments-service,1,415m,540.763313Mi
2026-09-26T01:25:00+00:00,products-service,2,498m,522.65835Mi
2026-09-26T01:30:00+00:00,orders-service,1,578m,544.646746Mi
2026-09-26T01:30:00+00:00,payments-service,1,418m,545.402249Mi
2026-09-26T01:30:00+00:00,products-service,2,498m,522.65835Mi
2026-09-26T01:35:00+00:00,orders-service,1,578m,544.646746Mi
2026-09-26T01:35:00+00:00,payments-service,1,418m,545.402249Mi
2026-09-26T01:35:00+00:00,products-service,2,526m,527.702268Mi
2026-09-26T01:40:00+00:00,orders-service,1,578m,544.646746Mi
2026-09-26T01:40:00+00:00,payments-service,1,418m,545.402249Mi
2026-09-26T01:40:00+00:00,products-service,2,526m,527.702268Mi
2026-09-26T01:45:00+00:00,orders-service,1,589m,548.803083Mi
2026-09-26T01:45:00+00:00,payments-service,1,420m,541.678746Mi
2026-09-26T01:45:00+00:00,products-service,2,526m,527.702268Mi
2026-09-26T01:50:00+00:00,orders-service,1,589m,548.803083Mi
2026-09-26T01:50:00+00:00,payments-service,1,420m,541.678746Mi
2026-09-26T01:50:00+00:00,products-service,2,526m,527.702268Mi
2026-09-26T01:55:00+00:00,orders-service,1,589m,548.803083Mi
2026-09-26T01:55:00+00:00,payments-service,1,420m,541.678746Mi
2026-09-26T01:55:00+00:00,products-service,2,526m,527.702268Mi
2026-09-26T02:00:00+00:00,orders-service,1,589m,548.803083Mi
2026-09-26T02:00:00+00:00,payments-service,1,420m,541.678746Mi
2026-09-26T02:00:00+00:00,products-service,2,526m,527.702268Mi
2026-09-26T02:05:00+00:00,orders-service,1,589m,548.803083Mi
2026-09-26T02:05:00+00:00,payments-service,1,422m,548.502883Mi
2026-09-26T02:05:00+00:00,products-service,2,553m,529.998119Mi
2026-09-26T02:10:00+00:00,orders-service,1,599m,543.386468Mi
2026-09-26T02:10:00+00:00,payments-service,1,422m,548.502883Mi
2026-09-26T02:10:00+00:00,products-service,2,553m,529.998119Mi
2026-09-26T02:15:00+00:00,orders-service,1,599m,543.386468Mi
2026-09-26T02:15:00+00:00,payments-service,1,422m,548.502883Mi
2026-09-26T02:15:00+00:00,products-service,2,553m,529.998119Mi
2026-09-26T02:20:00+00:00,orders-service,1,599m,543.386468Mi
2026-09-26T02:20:00+00:00,payments-service,1,432m,547.306829Mi
2026-09-26T02:20:00+00:00,products-service,2,575m,533.853398Mi
2026-09-26T02:25:00+00:00,orders-service,1,614m,546.831015Mi
2026-09-26T02:25:00+00:00,payments-service,1,432m,547.306829Mi
2026-09-26T02:25:00+00:00,products-service,2,575m,533.853398Mi
2026-09-26T02:30:00+00:00,orders-service,1,614m,546.831015Mi
2026-09-26T02:30:00+00:00,payments-service,1,432m,547.306829Mi
2026-09-26T02:30:00+00:00,products-service,2,575m,533.853398Mi
2026-09-26T02:35:00+00:00,orders-service,1,614m,546.831015Mi
2026-09-26T02:35:00+00:00,payments-service,1,432m,547.306829Mi
2026-09-26T02:35:00+00:00,products-service,2,575m,533.853398Mi
2026-09-26T02:40:00+00:00,orders-service,1,621m,550.759933Mi
2026-09-26T02:40:00+00:00,payments-service,1,432m,547.306829Mi
2026-09-26T02:40:00+00:00,products-service,2,575m,533.853398Mi
2026-09-26T02:45:00+00:00,orders-service,1,621m,550.759933Mi
2026-09-26T02:45:00+00:00,payments-service,1,432m,547.306829Mi
2026-09-26T02:45:00+00:00,products-service,2,575m,533.853398Mi
2026-09-26T02:50:00+00:00,orders-service,1,621m,550.759933Mi
2026-09-26T02:50:00+00:00,payments-service,1,432m,547.306829Mi
2026-09-26T02:50:00+00:00,products-service,2,575m,533.853398Mi
2026-09-26T02:55:00+00:00,orders-service,1,621m,550.759933Mi
2026-09-26T02:55:00+00:00,payments-service,1,424m,544.371975Mi
2026-09-26T02:55:00+00:00,products-service,2,575m,533.853398Mi
2026-09-26T03:00:00+00:00,orders-service,1,651m,550.973187Mi
2026-09-26T03:00:00+00:00,payments-service,1,424m,544.371975Mi
2026-09-26T03:00:00+00:00,products-service,2,575m,533.853398Mi
2026-09-26T03:05:00+00:00,orders-service,1,651m,550.973187Mi
2026-09-26T03:05:00+00:00,payments-service,1,424m,544.371975Mi
2026-09-26T03:05:00+00:00,products-service,2,575m,533.853398Mi
2026-09-26T03:10:00+00:00,orders-service,1,651m,550.973187Mi
2026-09-26T03:10:00+00:00,payments-service,1,424m,544.371975Mi
2026-09-26T03:10:00+00:00,products-service,2,575m,533.853398Mi
2026-09-26T03:15:00+00:00,orders-service,1,651m,550.973187Mi
2026-09-26T03:15:00+00:00,payments-service,1,424m,544.371975Mi
2026-09-26T03:15:00+00:00,products-service,2,575m,533.853398Mi
2026-09-26T03:20:00+00:00,orders-service,1,651m,550.973187Mi
2026-09-26T03:20:00+00:00,payments-service,1,424m,544.371975Mi
2026-09-26T03:20:00+00:00,products-service,2,606m,537.455849Mi
2026-09-26T03:25:00+00:00,orders-service,1,651m,550.973187Mi
2026-09-26T03:25:00+00:00,payments-service,1,433m,542.706139Mi
2026-09-26T03:25:00+00:00,products-service,2,606m,537.455849Mi
2026-09-26T03:30:00+00:00,orders-service,1,656m,550.326982Mi
2026-09-26T03:30:00+00:00,payments-service,1,433m,542.706139Mi
2026-09-26T03:30:00+00:00,products-service,2,606m,537.455849Mi
2026-09-26T03:35:00+00:00,orders-service,1,656m,550.326982Mi
2026-09-26T03:35:00+00:00,payments-service,1,433m,542.706139Mi
2026-09-26T03:35:00+00:00,products-service,2,606m,537.455849Mi
2026-09-26T03:40:00+00:00,orders-service,1,656m,550.326982Mi
2026-09-26T03:40:00+00:00,payments-service,1,433m,542.706139Mi
2026-09-26T03:40:00+00:00,products-service,2,649m,535.83483Mi
2026-09-26T03:45:00+00:00,orders-service,1,656m,550.326982Mi
2026-09-26T03:45:00+00:00,payments-service,1,453m,547.793564Mi
2026-09-26T03:45:00+00:00,products-service,2,649m,535.83483Mi
2026-09-26T03:50:00+00:00,orders-service,1,656m,550.326982Mi
2026-09-26T03:50:00+00:00,payments-service,1,453m,547.793564Mi
2026-09-26T03:50:00+00:00,products-service,2,649m,535.83483Mi
2026-09-26T03:55:00+00:00,orders-service,1,674m,551.513349Mi
2026-09-26T03:55:00+00:00,payments-service,1,453m,547.793564Mi
2026-09-26T03:55:00+00:00,products-service,2,631m,537.514865Mi
2026-09-26T04:00:00+00:00,orders-service,1,674m,551.513349Mi
2026-09-26T04:00:00+00:00,payments-service,1,456m,546.781Mi
2026-09-26T04:00:00+00:00,products-service,2,631m,537.514865Mi
2026-09-26T04:05:00+00:00,orders-service,1,674m,551.513349Mi
2026-09-26T04:05:00+00:00,payments-service,1,456m,546.781Mi
2026-09-26T04:05:00+00:00,products-service,2,631m,537.514865Mi
2026-09-26T04:10:00+00:00,orders-service,1,674m,551.513349Mi
2026-09-26T04:10:00+00:00,payments-service,1,456m,546.781Mi
2026-09-26T04:10:00+00:00,products-service,2,631m,537.514865Mi
2026-09-26T04:15:00+00:00,orders-service,1,738m,552.321661Mi
2026-09-26T04:15:00+00:00,payments-service,1,487m,547.948484Mi
2026-09-26T04:15:00+00:00,products-service,2,686m,540.495472Mi
2026-09-26T04:20:00+00:00,orders-service,1,738m,552.321661Mi
2026-09-26T04:20:00+00:00,payments-service,1,487m,547.948484Mi
2026-09-26T04:20:00+00:00,products-service,2,686m,540.495472Mi
2026-09-26T04:25:00+00:00,orders-service,1,738m,552.321661Mi
2026-09-26T04:25:00+00:00,payments-service,1,487m,547.948484Mi
2026-09-26T04:25:00+00:00,products-service,2,686m,540.495472Mi
2026-09-26T04:30:00+00:00,orders-service,1,763m,554.88594Mi
2026-09-26T04:30:00+00:00,payments-service,1,487m,547.948484Mi
2026-09-26T04:30:00+00:00,products-service,2,697m,546.76197Mi
2026-09-26T04:35:00+00:00,orders-service,1,763m,554.88594Mi
2026-09-26T04:35:00+00:00,payments-service,1,482m,543.99088Mi
2026-09-26T04:35:00+00:00,products-service,2,697m,546.76197Mi
2026-09-26T04:40:00+00:00,orders-service,1,763m,554.88594Mi
2026-09-26T04:40:00+00:00,payments-service,1,482m,543.99088Mi
2026-09-26T04:40:00+00:00,products-service,2,697m,546.76197Mi
2026-09-26T04:45:00+00:00,orders-service,1,763m,554.88594Mi
2026-09-26T04:45:00+00:00,payments-service,1,482m,543.99088Mi
2026-09-26T04:45:00+00:00,products-service,2,697m,546.76197Mi
2026-09-26T04:50:00+00:00,orders-service,1,763m,554.88594Mi
2026-09-26T04:50:00+00:00,payments-service,1,482m,543.99088Mi
2026-09-26T04:50:00+00:00,products-service,2,697m,546.76197Mi
2026-09-26T04:55:00+00:00,orders-service,1,763m,554.88594Mi
2026-09-26T04:55:00+00:00,payments-service,1,502m,542.885817Mi
2026-09-26T04:55:00+00:00,products-service,2,703m,554.870023Mi
2026-09-26T05:00:00+00:00,orders-service,1,763m,554.88594Mi
2026-09-26T05:00:00+00:00,payments-service,1,502m,542.885817Mi
2026-09-26T05:00:00+00:00,products-service,2,703m,554.870023Mi
2026-09-26T05:05:00+00:00,orders-service,1,763m,554.88594Mi
2026-09-26T05:05:00+00:00,payments-service,1,502m,542.885817Mi
2026-09-26T05:05:00+00:00,products-service,2,703m,554.870023Mi
2026-09-26T05:10:00+00:00,orders-service,1,763m,554.88594Mi
2026-09-26T05:10:00+00:00,payments-service,1,501m,545.449835Mi
2026-09-26T05:10:00+00:00,products-service,2,703m,554.870023Mi
2026-09-26T05:15:00+00:00,orders-service,1,763m,554.88594Mi
2026-09-26T05:15:00+00:00,payments-service,1,501m,545.449835Mi
2026-09-26T05:15:00+00:00,products-service,2,703m,554.870023Mi
2026-09-26T05:20:00+00:00,orders-service,1,780m,556.285553Mi
2026-09-26T05:20:00+00:00,payments-service,1,501m,545.449835Mi
2026-09-26T05:20:00+00:00,products-service,2,737m,560.982762Mi
2026-09-26T05:25:00+00:00,orders-service,1,780m,556.285553Mi
2026-09-26T05:25:00+00:00,payments-service,1,501m,545.449835Mi
2026-09-26T05:25:00+00:00,products-service,2,737m,560.982762Mi
2026-09-26T05:30:00+00:00,orders-service,1,780m,556.285553Mi
2026-09-26T05:30:00+00:00,payments-service,1,520m,546.915188Mi
2026-09-26T05:30:00+00:00,products-service,2,737m,560.982762Mi
2026-09-26T05:35:00+00:00,orders-service,1,793m,556.072363Mi
2026-09-26T05:35:00+00:00,payments-service,1,520m,546.915188Mi
2026-09-26T05:35:00+00:00,products-service,2,777m,564.165773Mi
2026-09-26T05:40:00+00:00,orders-service,1,793m,556.072363Mi
2026-09-26T05:40:00+00:00,payments-service,1,520m,546.915188Mi
2026-09-26T05:40:00+00:00,products-service,2,777m,564.165773Mi
2026-09-26T05:45:00+00:00,orders-service,1,793m,556.072363Mi
2026-09-26T05:45:00+00:00,payments-service,1,520m,546.915188Mi
2026-09-26T05:45:00+00:00,products-service,2,777m,564.165773Mi
2026-09-26T05:50:00+00:00,orders-service,1,852m,561.505776Mi
2026-09-26T05:50:00+00:00,payments-service,1,520m,546.915188Mi
2026-09-26T05:50:00+00:00,products-service,2,786m,567.723438Mi
2026-09-26T05:55:00+00:00,orders-service,1,852m,561.505776Mi
2026-09-26T05:55:00+00:00,payments-service,1,520m,546.915188Mi
2026-09-26T05:55:00+00:00,products-service,2,786m,567.723438Mi
2026-09-26T06:00:00+00:00,orders-service,1,852m,561.505776Mi
2026-09-26T06:00:00+00:00,payments-service,1,520m,546.915188Mi
2026-09-26T06:00:00+00:00,products-service,2,786m,567.723438Mi
2026-09-26T06:05:00+00:00,orders-service,1,852m,561.505776Mi
2026-09-26T06:05:00+00:00,payments-service,1,495m,547.181407Mi
2026-09-26T06:05:00+00:00,products-service,2,786m,567.723438Mi
2026-09-26T06:10:00+00:00,orders-service,1,852m,561.505776Mi
2026-09-26T06:10:00+00:00,payments-service,1,495m,547.181407Mi
2026-09-26T06:10:00+00:00,products-service,2,766m,561.259126Mi
2026-09-26T06:15:00+00:00,orders-service,1,852m,561.505776Mi
2026-09-26T06:15:00+00:00,payments-service,1,495m,547.181407Mi
2026-09-26T06:15:00+00:00,products-service,2,766m,561.259126Mi
2026-09-26T06:20:00+00:00,orders-service,1,852m,561.505776Mi
2026-09-26T06:20:00+00:00,payments-service,1,495m,547.181407Mi
2026-09-26T06:20:00+00:00,products-service,2,766m,561.259126Mi
2026-09-26T06:25:00+00:00,orders-service,1,797m,554.508634Mi
2026-09-26T06:25:00+00:00,payments-service,1,485m,547.520439Mi
2026-09-26T06:25:00+00:00,products-service,2,755m,554.36731Mi
2026-09-26T06:30:00+00:00,orders-service,1,797m,554.508634Mi
2026-09-26T06:30:00+00:00,payments-service,1,485m,547.520439Mi
2026-09-26T06:30:00+00:00,products-service,2,755m,554.36731Mi
2026-09-26T06:35:00+00:00,orders-service,1,797m,554.508634Mi
2026-09-26T06:35:00+00:00,payments-service,1,485m,547.520439Mi
2026-09-26T06:35:00+00:00,products-service,2,755m,554.36731Mi
2026-09-26T06:40:00+00:00,orders-service,1,797m,554.508634Mi
2026-09-26T06:40:00+00:00,payments-service,1,485m,547.520439Mi
2026-09-26T06:40:00+00:00,products-service,2,755m,554.36731Mi
2026-09-26T06:45:00+00:00,orders-service,1,797m,554.508634Mi
2026-09-26T06:45:00+00:00,payments-service,1,485m,547.520439Mi
2026-09-26T06:45:00+00:00,products-service,2,742m,552.920886Mi
2026-09-26T06:50:00+00:00,orders-service,1,797m,554.508634Mi
2026-09-26T06:50:00+00:00,payments-service,1,489m,553.398862Mi
2026-09-26T06:50:00+00:00,products-service,2,742m,552.920886Mi
2026-09-26T06:55:00+00:00,orders-service,1,817m,553.797912Mi
2026-09-26T06:55:00+00:00,payments-service,1,489m,553.398862Mi
2026-09-26T06:55:00+00:00,products-service,2,742m,552.920886Mi
2026-09-26T07:00:00+00:00,orders-service,1,817m,553.797912Mi
2026-09-26T07:00:00+00:00,payments-service,1,489m,553.398862Mi
2026-09-26T07:00:00+00:00,products-service,2,765m,547.931965Mi
2026-09-26T07:05:00+00:00,orders-service,1,817m,553.797912Mi
2026-09-26T07:05:00+00:00,payments-service,1,489m,553.398862Mi
2026-09-26T07:05:00+00:00,products-service,2,765m,547.931965Mi
2026-09-26T07:10:00+00:00,orders-service,1,817m,553.797912Mi
2026-09-26T07:10:00+00:00,payments-service,1,495m,553.82202Mi
2026-09-26T07:10:00+00:00,products-service,2,765m,547.931965Mi
2026-09-26T07:15:00+00:00,orders-service,1,817m,553.797912Mi
2026-09-26T07:15:00+00:00,payments-service,1,495m,553.82202Mi
2026-09-26T07:15:00+00:00,products-service,2,765m,547.931965Mi
2026-09-26T07:20:00+00:00,orders-service,1,817m,553.797912Mi
2026-09-26T07:20:00+00:00,payments-service,1,495m,553.82202Mi
2026-09-26T07:20:00+00:00,products-service,2,765m,547.931965Mi
2026-09-26T07:25:00+00:00,orders-service,1,817m,553.797912Mi
2026-09-26T07:25:00+00:00,payments-service,1,495m,553.82202Mi
2026-09-26T07:25:00+00:00,products-service,2,765m,547.931965Mi
2026-09-26T07:30:00+00:00,orders-service,1,817m,553.797912Mi
2026-09-26T07:30:00+00:00,payments-service,1,495m,553.82202Mi
2026-09-26T07:30:00+00:00,products-service,2,765m,547.931965Mi
2026-09-26T07:35:00+00:00,orders-service,1,797m,553.674939Mi
2026-09-26T07:35:00+00:00,payments-service,1,495m,553.82202Mi
2026-09-26T07:35:00+00:00,products-service,2,765m,547.931965Mi
2026-09-26T07:40:00+00:00,orders-service,1,797m,553.674939Mi
2026-09-26T07:40:00+00:00,payments-service,1,495m,553.82202Mi
2026-09-26T07:40:00+00:00,products-service,2,765m,547.931965Mi
2026-09-26T07:45:00+00:00,orders-service,1,797m,553.674939Mi
2026-09-26T07:45:00+00:00,payments-service,1,495m,553.82202Mi
2026-09-26T07:45:00+00:00,products-service,2,787m,545.876338Mi
2026-09-26T07:50:00+00:00,orders-service,1,832m,557.201323Mi
2026-09-26T07:50:00+00:00,payments-service,1,525m,556.617382Mi
2026-09-26T07:50:00+00:00,products-service,2,787m,545.876338Mi
2026-09-26T07:55:00+00:00,orders-service,1,832m,557.201323Mi
2026-09-26T07:55:00+00:00,payments-service,1,525m,556.617382Mi
2026-09-26T07:55:00+00:00,products-service,2,787m,545.876338Mi
2026-09-26T08:00:00+00:00,orders-service,1,832m,557.201323Mi
2026-09-26T08:00:00+00:00,payments-service,1,525m,556.617382Mi
2026-09-26T08:00:00+00:00,products-service,2,758m,543.930918Mi
2026-09-26T08:05:00+00:00,orders-service,1,832m,557.201323Mi
2026-09-26T08:05:00+00:00,payments-service,1,525m,556.617382Mi
2026-09-26T08:05:00+00:00,products-service,2,758m,543.930918Mi
2026-09-26T08:10:00+00:00,orders-service,1,832m,557.201323Mi
2026-09-26T08:10:00+00:00,payments-service,1,503m,549.745903Mi
2026-09-26T08:10:00+00:00,products-service,2,758m,543.930918Mi
2026-09-26T08:15:00+00:00,orders-service,1,832m,557.201323Mi
2026-09-26T08:15:00+00:00,payments-service,1,503m,549.745903Mi
2026-09-26T08:15:00+00:00,products-service,2,789m,549.90297Mi
2026-09-26T08:20:00+00:00,orders-service,1,832m,557.201323Mi
2026-09-26T08:20:00+00:00,payments-service,1,503m,549.745903Mi
2026-09-26T08:20:00+00:00,products-service,2,789m,549.90297Mi
2026-09-26T08:25:00+00:00,orders-service,1,851m,560.534301Mi
2026-09-26T08:25:00+00:00,payments-service,1,503m,549.745903Mi
2026-09-26T08:25:00+00:00,products-service,2,789m,549.90297Mi
2026-09-26T08:30:00+00:00,orders-service,1,851m,560.534301Mi
2026-09-26T08:30:00+00:00,payments-service,1,503m,549.745903Mi
2026-09-26T08:30:00+00:00,products-service,2,789m,549.90297Mi
2026-09-26T08:35:00+00:00,orders-service,1,851m,560.534301Mi
2026-09-26T08:35:00+00:00,payments-service,1,503m,549.745903Mi
2026-09-26T08:35:00+00:00,products-service,2,789m,549.90297Mi
2026-09-26T08:40:00+00:00,orders-service,1,816m,552.975634Mi
2026-09-26T08:40:00+00:00,payments-service,1,503m,549.745903Mi
2026-09-26T08:40:00+00:00,products-service,2,755m,553.970282Mi
2026-09-26T08:45:00+00:00,orders-service,1,816m,552.975634Mi
2026-09-26T08:45:00+00:00,payments-service,1,503m,549.745903Mi
2026-09-26T08:45:00+00:00,products-service,2,755m,553.970282Mi
2026-09-26T08:50:00+00:00,orders-service,1,816m,552.975634Mi
2026-09-26T08:50:00+00:00,payments-service,1,503m,549.745903Mi
2026-09-26T08:50:00+00:00,products-service,2,755m,553.970282Mi
2026-09-26T08:55:00+00:00,orders-service,1,816m,552.975634Mi
2026-09-26T08:55:00+00:00,payments-service,1,511m,552.257602Mi
2026-09-26T08:55:00+00:00,products-service,2,760m,558.146182Mi
2026-09-26T09:00:00+00:00,orders-service,1,816m,552.975634Mi
2026-09-26T09:00:00+00:00,payments-service,1,511m,552.257602Mi
2026-09-26T09:00:00+00:00,products-service,2,760m,558.146182Mi
2026-09-26T09:05:00+00:00,orders-service,1,861m,556.118318Mi
2026-09-26T09:05:00+00:00,payments-service,1,511m,552.257602Mi
2026-09-26T09:05:00+00:00,products-service,2,760m,558.146182Mi
2026-09-26T09:10:00+00:00,orders-service,1,861m,556.118318Mi
2026-09-26T09:10:00+00:00,payments-service,1,511m,552.257602Mi
2026-09-26T09:10:00+00:00,products-service,2,772m,565.153114Mi
2026-09-26T09:15:00+00:00,orders-service,1,861m,556.118318Mi
2026-09-26T09:15:00+00:00,payments-service,1,511m,552.257602Mi
2026-09-26T09:15:00+00:00,products-service,2,772m,565.153114Mi
2026-09-26T09:20:00+00:00,orders-service,1,861m,556.118318Mi
2026-09-26T09:20:00+00:00,payments-service,1,511m,552.257602Mi
2026-09-26T09:20:00+00:00,products-service,2,772m,565.153114Mi
2026-09-26T09:25:00+00:00,orders-service,1,861m,556.118318Mi
2026-09-26T09:25:00+00:00,payments-service,1,511m,552.257602Mi
2026-09-26T09:25:00+00:00,products-service,2,772m,565.153114Mi
2026-09-26T09:30:00+00:00,orders-service,1,853m,555.124219Mi
2026-09-26T09:30:00+00:00,payments-service,1,491m,553.092836Mi
2026-09-26T09:30:00+00:00,products-service,2,798m,565.762466Mi
2026-09-26T09:35:00+00:00,orders-service,1,853m,555.124219Mi
2026-09-26T09:35:00+00:00,payments-service,1,491m,553.092836Mi
2026-09-26T09:35:00+00:00,products-service,2,798m,565.762466Mi
2026-09-26T09:40:00+00:00,orders-service,1,853m,555.124219Mi
2026-09-26T09:40:00+00:00,payments-service,1,491m,553.092836Mi
2026-09-26T09:40:00+00:00,products-service,2,798m,565.762466Mi
2026-09-26T09:45:00+00:00,orders-service,1,838m,558.569268Mi
2026-09-26T09:45:00+00:00,payments-service,1,504m,555.128492Mi
2026-09-26T09:45:00+00:00,products-service,2,798m,565.762466Mi
2026-09-26T09:50:00+00:00,orders-service,1,838m,558.569268Mi
2026-09-26T09:50:00+00:00,payments-service,1,504m,555.128492Mi
2026-09-26T09:50:00+00:00,products-service,2,787m,568.065777Mi
2026-09-26T09:55:00+00:00,orders-service,1,838m,558.569268Mi
2026-09-26T09:55:00+00:00,payments-service,1,504m,555.128492Mi
2026-09-26T09:55:00+00:00,products-service,2,787m,568.065777Mi
2026-09-26T10:00:00+00:00,orders-service,1,838m,558.569268Mi
2026-09-26T10:00:00+00:00,payments-service,1,504m,555.128492Mi
2026-09-26T10:00:00+00:00,products-service,2,787m,568.065777Mi
2026-09-26T10:05:00+00:00,orders-service,1,838m,558.569268Mi
2026-09-26T10:05:00+00:00,payments-service,1,504m,555.128492Mi
2026-09-26T10:05:00+00:00,products-service,2,787m,568.065777Mi
2026-09-26T10:10:00+00:00,orders-service,1,782m,556.519956Mi
2026-09-26T10:10:00+00:00,payments-service,1,472m,552.798943Mi
2026-09-26T10:10:00+00:00,products-service,2,753m,559.081133Mi
2026-09-26T10:15:00+00:00,orders-service,1,782m,556.519956Mi
2026-09-26T10:15:00+00:00,payments-service,1,472m,552.798943Mi
2026-09-26T10:15:00+00:00,products-service,2,753m,559.081133Mi
2026-09-26T10:20:00+00:00,orders-service,1,782m,556.519956Mi
2026-09-26T10:20:00+00:00,payments-service,1,472m,552.798943Mi
2026-09-26T10:20:00+00:00,products-service,2,753m,559.081133Mi
2026-09-26T10:25:00+00:00,orders-service,1,782m,556.519956Mi
2026-09-26T10:25:00+00:00,payments-service,1,472m,552.798943Mi
2026-09-26T10:25:00+00:00,products-service,2,753m,559.081133Mi
2026-09-26T10:30:00+00:00,orders-service,1,768m,553.8713Mi
2026-09-26T10:30:00+00:00,payments-service,1,472m,552.798943Mi
2026-09-26T10:30:00+00:00,products-service,2,724m,551.395966Mi
2026-09-26T10:35:00+00:00,orders-service,1,768m,553.8713Mi
2026-09-26T10:35:00+00:00,payments-service,1,472m,552.798943Mi
2026-09-26T10:35:00+00:00,products-service,2,724m,551.395966Mi
2026-09-26T10:40:00+00:00,orders-service,1,768m,553.8713Mi
2026-09-26T10:40:00+00:00,payments-service,1,472m,552.798943Mi
2026-09-26T10:40:00+00:00,products-service,2,724m,551.395966Mi
2026-09-26T10:45:00+00:00,orders-service,1,768m,553.8713Mi
2026-09-26T10:45:00+00:00,payments-service,1,502m,547.542758Mi
2026-09-26T10:45:00+00:00,products-service,2,724m,551.395966Mi
2026-09-26T10:50:00+00:00,orders-service,1,776m,554.693759Mi
2026-09-26T10:50:00+00:00,payments-service,1,502m,547.542758Mi
2026-09-26T10:50:00+00:00,products-service,2,701m,547.273437Mi
2026-09-26T10:55:00+00:00,orders-service,1,776m,554.693759Mi
2026-09-26T10:55:00+00:00,payments-service,1,502m,547.542758Mi
2026-09-26T10:55:00+00:00,products-service,2,701m,547.273437Mi
2026-09-26T11:00:00+00:00,orders-service,1,776m,554.693759Mi
2026-09-26T11:00:00+00:00,payments-service,1,471m,541.863649Mi
2026-09-26T11:00:00+00:00,products-service,2,701m,547.273437Mi
2026-09-26T11:05:00+00:00,orders-service,1,776m,554.693759Mi
2026-09-26T11:05:00+00:00,payments-service,1,471m,541.863649Mi
2026-09-26T11:05:00+00:00,products-service,2,701m,547.273437Mi
2026-09-26T11:10:00+00:00,orders-service,1,776m,554.693759Mi
2026-09-26T11:10:00+00:00,payments-service,1,471m,541.863649Mi
2026-09-26T11:10:00+00:00,products-service,2,727m,544.671215Mi
2026-09-26T11:15:00+00:00,orders-service,1,776m,554.693759Mi
2026-09-26T11:15:00+00:00,payments-service,1,471m,541.863649Mi
2026-09-26T11:15:00+00:00,products-service,2,727m,544.671215Mi
2026-09-26T11:20:00+00:00,orders-service,1,776m,554.693759Mi
2026-09-26T11:20:00+00:00,payments-service,1,471m,541.863649Mi
2026-09-26T11:20:00+00:00,products-service,2,727m,544.671215Mi
2026-09-26T11:25:00+00:00,orders-service,1,776m,554.693759Mi
2026-09-26T11:25:00+00:00,payments-service,1,471m,541.863649Mi
2026-09-26T11:25:00+00:00,products-service,2,677m,543.340215Mi
2026-09-26T11:30:00+00:00,orders-service,1,776m,554.693759Mi
2026-09-26T11:30:00+00:00,payments-service,1,457m,544.080799Mi
2026-09-26T11:30:00+00:00,products-service,2,677m,543.340215Mi
2026-09-26T11:35:00+00:00,orders-service,1,716m,547.675709Mi
2026-09-26T11:35:00+00:00,payments-service,1,457m,544.080799Mi
2026-09-26T11:35:00+00:00,products-service,2,677m,543.340215Mi
2026-09-26T11:40:00+00:00,orders-service,1,716m,547.675709Mi
2026-09-26T11:40:00+00:00,payments-service,1,457m,544.080799Mi
2026-09-26T11:40:00+00:00,products-service,2,652m,540.443703Mi
2026-09-26T11:45:00+00:00,orders-service,1,716m,547.675709Mi
2026-09-26T11:45:00+00:00,payments-service,1,457m,544.080799Mi
2026-09-26T11:45:00+00:00,products-service,2,652m,540.443703Mi
2026-09-26T11:50:00+00:00,orders-service,1,716m,547.675709Mi
2026-09-26T11:50:00+00:00,payments-service,1,462m,541.344148Mi
2026-09-26T11:50:00+00:00,products-service,2,652m,540.443703Mi
2026-09-26T11:55:00+00:00,orders-service,1,716m,547.675709Mi
2026-09-26T11:55:00+00:00,payments-service,1,462m,541.344148Mi
2026-09-26T11:55:00+00:00,products-service,2,652m,540.443703Mi
2026-09-26T12:00:00+00:00,orders-service,1,716m,547.675709Mi
2026-09-26T12:00:00+00:00,payments-service,1,462m,541.344148Mi
2026-09-26T12:00:00+00:00,products-service,2,648m,541.639908Mi
2026-09-26T12:05:00+00:00,orders-service,1,716m,547.675709Mi
2026-09-26T12:05:00+00:00,payments-service,1,462m,541.344148Mi
2026-09-26T12:05:00+00:00,products-service,2,648m,541.639908Mi
2026-09-26T12:10:00+00:00,orders-service,1,716m,547.675709Mi
2026-09-26T12:10:00+00:00,payments-service,1,462m,541.344148Mi
2026-09-26T12:10:00+00:00,products-service,2,648m,541.639908Mi
2026-09-26T12:15:00+00:00,orders-service,1,716m,547.675709Mi
2026-09-26T12:15:00+00:00,payments-service,1,462m,541.344148Mi
2026-09-26T12:15:00+00:00,products-service,2,662m,539.161676Mi
2026-09-26T12:20:00+00:00,orders-service,1,722m,551.211702Mi
2026-09-26T12:20:00+00:00,payments-service,1,462m,541.344148Mi
2026-09-26T12:20:00+00:00,products-service,2,662m,539.161676Mi
2026-09-26T12:25:00+00:00,orders-service,1,722m,551.211702Mi
2026-09-26T12:25:00+00:00,payments-service,1,453m,541.595606Mi
2026-09-26T12:25:00+00:00,products-service,2,662m,539.161676Mi
2026-09-26T12:30:00+00:00,orders-service,1,722m,551.211702Mi
2026-09-26T12:30:00+00:00,payments-service,1,453m,541.595606Mi
2026-09-26T12:30:00+00:00,products-service,2,612m,534.495163Mi
2026-09-26T12:35:00+00:00,orders-service,1,722m,551.211702Mi
2026-09-26T12:35:00+00:00,payments-service,1,453m,541.595606Mi
2026-09-26T12:35:00+00:00,products-service,2,612m,534.495163Mi
2026-09-26T12:40:00+00:00,orders-service,1,711m,551.669483Mi
2026-09-26T12:40:00+00:00,payments-service,1,453m,541.595606Mi
2026-09-26T12:40:00+00:00,products-service,2,612m,534.495163Mi
2026-09-26T12:45:00+00:00,orders-service,1,711m,551.669483Mi
2026-09-26T12:45:00+00:00,payments-service,1,453m,541.595606Mi
2026-09-26T12:45:00+00:00,products-service,2,612m,534.495163Mi
2026-09-26T12:50:00+00:00,orders-service,1,711m,551.669483Mi
2026-09-26T12:50:00+00:00,payments-service,1,453m,541.595606Mi
2026-09-26T12:50:00+00:00,products-service,2,604m,536.0883Mi
2026-09-26T12:55:00+00:00,orders-service,1,669m,552.366939Mi
2026-09-26T12:55:00+00:00,payments-service,1,453m,541.595606Mi
2026-09-26T12:55:00+00:00,products-service,2,604m,536.0883Mi
2026-09-26T13:00:00+00:00,orders-service,1,669m,552.366939Mi
2026-09-26T13:00:00+00:00,payments-service,1,453m,541.595606Mi
2026-09-26T13:00:00+00:00,products-service,2,604m,536.0883Mi
2026-09-26T13:05:00+00:00,orders-service,1,669m,552.366939Mi
2026-09-26T13:05:00+00:00,payments-service,1,453m,541.595606Mi
2026-09-26T13:05:00+00:00,products-service,2,632m,534.270183Mi
2026-09-26T13:10:00+00:00,orders-service,1,669m,552.366939Mi
2026-09-26T13:10:00+00:00,payments-service,1,453m,541.595606Mi
2026-09-26T13:10:00+00:00,products-service,2,632m,534.270183Mi
2026-09-26T13:15:00+00:00,orders-service,1,669m,552.366939Mi
2026-09-26T13:15:00+00:00,payments-service,1,453m,541.595606Mi
2026-09-26T13:15:00+00:00,products-service,2,632m,534.270183Mi
2026-09-26T13:20:00+00:00,orders-service,1,669m,552.366939Mi
2026-09-26T13:20:00+00:00,payments-service,1,453m,541.595606Mi
2026-09-26T13:20:00+00:00,products-service,2,626m,535.51729Mi
2026-09-26T13:25:00+00:00,orders-service,1,669m,552.366939Mi
2026-09-26T13:25:00+00:00,payments-service,1,441m,544.368211Mi
2026-09-26T13:25:00+00:00,products-service,2,626m,535.51729Mi
2026-09-26T13:30:00+00:00,orders-service,1,632m,548.995823Mi
2026-09-26T13:30:00+00:00,payments-service,1,441m,544.368211Mi
2026-09-26T13:30:00+00:00,products-service,2,626m,535.51729Mi
2026-09-26T13:35:00+00:00,orders-service,1,632m,548.995823Mi
2026-09-26T13:35:00+00:00,payments-service,1,441m,544.368211Mi
2026-09-26T13:35:00+00:00,products-service,2,610m,534.69975Mi
2026-09-26T13:40:00+00:00,orders-service,1,632m,548.995823Mi
2026-09-26T13:40:00+00:00,payments-service,1,439m,543.02298Mi
2026-09-26T13:40:00+00:00,products-service,2,610m,534.69975Mi
2026-09-26T13:45:00+00:00,orders-service,1,632m,548.995823Mi
2026-09-26T13:45:00+00:00,payments-service,1,439m,543.02298Mi
2026-09-26T13:45:00+00:00,products-service,2,610m,534.69975Mi
2026-09-26T13:50:00+00:00,orders-service,1,632m,548.995823Mi
2026-09-26T13:50:00+00:00,payments-service,1,439m,543.02298Mi
2026-09-26T13:50:00+00:00,products-service,2,610m,534.69975Mi
2026-09-26T13:55:00+00:00,orders-service,1,632m,548.995823Mi
2026-09-26T13:55:00+00:00,payments-service,1,429m,546.99679Mi
2026-09-26T13:55:00+00:00,products-service,2,610m,534.69975Mi
2026-09-26T14:00:00+00:00,orders-service,1,601m,545.508449Mi
2026-09-26T14:00:00+00:00,payments-service,1,429m,546.99679Mi
2026-09-26T14:00:00+00:00,products-service,2,567m,529.486016Mi
2026-09-26T14:05:00+00:00,orders-service,1,601m,545.508449Mi
2026-09-26T14:05:00+00:00,payments-service,1,429m,546.99679Mi
2026-09-26T14:05:00+00:00,products-service,2,567m,529.486016Mi
2026-09-26T14:10:00+00:00,orders-service,1,601m,545.508449Mi
2026-09-26T14:10:00+00:00,payments-service,1,429m,546.99679Mi
2026-09-26T14:10:00+00:00,products-service,2,567m,529.486016Mi
2026-09-26T14:15:00+00:00,orders-service,1,591m,546.161058Mi
2026-09-26T14:15:00+00:00,payments-service,1,429m,546.99679Mi
2026-09-26T14:15:00+00:00,products-service,2,548m,528.537973Mi
2026-09-26T14:20:00+00:00,orders-service,1,591m,546.161058Mi
2026-09-26T14:20:00+00:00,payments-service,1,429m,546.99679Mi
2026-09-26T14:20:00+00:00,products-service,2,548m,528.537973Mi
2026-09-26T14:25:00+00:00,orders-service,1,591m,546.161058Mi
2026-09-26T14:25:00+00:00,payments-service,1,429m,546.99679Mi
2026-09-26T14:25:00+00:00,products-service,2,548m,528.537973Mi
2026-09-26T14:30:00+00:00,orders-service,1,591m,546.161058Mi
2026-09-26T14:30:00+00:00,payments-service,1,429m,546.99679Mi
2026-09-26T14:30:00+00:00,products-service,2,548m,528.537973Mi
2026-09-26T14:35:00+00:00,orders-service,1,591m,546.161058Mi
2026-09-26T14:35:00+00:00,payments-service,1,421m,543.204294Mi
2026-09-26T14:35:00+00:00,products-service,2,527m,528.913297Mi
2026-09-26T14:40:00+00:00,orders-service,1,561m,541.281342Mi
2026-09-26T14:40:00+00:00,payments-service,1,421m,543.204294Mi
2026-09-26T14:40:00+00:00,products-service,2,527m,528.913297Mi
2026-09-26T14:45:00+00:00,orders-service,1,561m,541.281342Mi
2026-09-26T14:45:00+00:00,payments-service,1,421m,543.204294Mi
2026-09-26T14:45:00+00:00,products-service,2,527m,528.913297Mi
2026-09-26T14:50:00+00:00,orders-service,1,561m,541.281342Mi
2026-09-26T14:50:00+00:00,payments-service,1,421m,543.204294Mi
2026-09-26T14:50:00+00:00,products-service,2,505m,521.084496Mi
2026-09-26T14:55:00+00:00,orders-service,1,561m,541.281342Mi
2026-09-26T14:55:00+00:00,payments-service,1,408m,536.243754Mi
2026-09-26T14:55:00+00:00,products-service,2,505m,521.084496Mi
2026-09-26T15:00:00+00:00,orders-service,1,561m,541.281342Mi
2026-09-26T15:00:00+00:00,payments-service,1,408m,536.243754Mi
2026-09-26T15:00:00+00:00,products-service,2,505m,521.084496Mi
2026-09-26T15:05:00+00:00,orders-service,1,535m,539.977319Mi
2026-09-26T15:05:00+00:00,payments-service,1,408m,536.243754Mi
2026-09-26T15:05:00+00:00,products-service,2,487m,516.47612Mi
2026-09-26T15:10:00+00:00,orders-service,1,535m,539.977319Mi
2026-09-26T15:10:00+00:00,payments-service,1,408m,536.243754Mi
2026-09-26T15:10:00+00:00,products-service,2,487m,516.47612Mi
2026-09-26T15:15:00+00:00,orders-service,1,535m,539.977319Mi
2026-09-26T15:15:00+00:00,payments-service,1,408m,536.243754Mi
2026-09-26T15:15:00+00:00,products-service,2,487m,516.47612Mi
2026-09-26T15:20:00+00:00,orders-service,1,535m,539.977319Mi
2026-09-26T15:20:00+00:00,payments-service,1,408m,536.243754Mi
2026-09-26T15:20:00+00:00,products-service,2,487m,516.47612Mi
2026-09-26T15:25:00+00:00,orders-service,1,501m,539.875059Mi
2026-09-26T15:25:00+00:00,payments-service,1,408m,536.243754Mi
2026-09-26T15:25:00+00:00,products-service,2,487m,516.47612Mi
2026-09-26T15:30:00+00:00,orders-service,1,501m,539.875059Mi
2026-09-26T15:30:00+00:00,payments-service,1,408m,536.243754Mi
2026-09-26T15:30:00+00:00,products-service,2,487m,516.47612Mi
2026-09-26T15:35:00+00:00,orders-service,1,501m,539.875059Mi
2026-09-26T15:35:00+00:00,payments-service,1,408m,536.243754Mi
2026-09-26T15:35:00+00:00,products-service,2,487m,516.47612Mi
2026-09-26T15:40:00+00:00,orders-service,1,501m,539.875059Mi
2026-09-26T15:40:00+00:00,payments-service,1,408m,536.243754Mi
2026-09-26T15:40:00+00:00,products-service,2,487m,516.47612Mi
2026-09-26T15:45:00+00:00,orders-service,1,490m,539.575536Mi
2026-09-26T15:45:00+00:00,payments-service,1,407m,534.527592Mi
2026-09-26T15:45:00+00:00,products-service,2,487m,516.47612Mi
2026-09-26T15:50:00+00:00,orders-service,1,490m,539.575536Mi
2026-09-26T15:50:00+00:00,payments-service,1,407m,534.527592Mi
2026-09-26T15:50:00+00:00,products-service,2,479m,519.976849Mi
2026-09-26T15:55:00+00:00,orders-service,1,490m,539.575536Mi
2026-09-26T15:55:00+00:00,payments-service,1,407m,534.527592Mi
2026-09-26T15:55:00+00:00,products-service,2,479m,519.976849Mi
2026-09-26T16:00:00+00:00,orders-service,1,490m,539.575536Mi
2026-09-26T16:00:00+00:00,payments-service,1,405m,536.674904Mi
2026-09-26T16:00:00+00:00,products-service,2,479m,519.976849Mi
2026-09-26T16:05:00+00:00,orders-service,1,490m,539.575536Mi
2026-09-26T16:05:00+00:00,payments-service,1,405m,536.674904Mi
2026-09-26T16:05:00+00:00,products-service,2,479m,519.976849Mi
2026-09-26T16:10:00+00:00,orders-service,1,462m,535.02029Mi
2026-09-26T16:10:00+00:00,payments-service,1,405m,536.674904Mi
2026-09-26T16:10:00+00:00,products-service,2,463m,515.19074Mi
2026-09-26T16:15:00+00:00,orders-service,1,462m,535.02029Mi
2026-09-26T16:15:00+00:00,payments-service,1,405m,536.674904Mi
2026-09-26T16:15:00+00:00,products-service,2,463m,515.19074Mi
2026-09-26T16:20:00+00:00,orders-service,1,462m,535.02029Mi
2026-09-26T16:20:00+00:00,payments-service,1,405m,536.674904Mi
2026-09-26T16:20:00+00:00,products-service,2,463m,515.19074Mi
2026-09-26T16:25:00+00:00,orders-service,1,462m,535.02029Mi
2026-09-26T16:25:00+00:00,payments-service,1,405m,536.674904Mi
2026-09-26T16:25:00+00:00,products-service,2,456m,515.621108Mi
2026-09-26T16:30:00+00:00,orders-service,1,462m,535.02029Mi
2026-09-26T16:30:00+00:00,payments-service,1,405m,536.674904Mi
2026-09-26T16:30:00+00:00,products-service,2,456m,515.621108Mi
2026-09-26T16:35:00+00:00,orders-service,1,462m,535.02029Mi
2026-09-26T16:35:00+00:00,payments-service,1,405m,536.674904Mi
2026-09-26T16:35:00+00:00,products-service,2,456m,515.621108Mi
2026-09-26T16:40:00+00:00,orders-service,1,462m,535.02029Mi
2026-09-26T16:40:00+00:00,payments-service,1,402m,529.907962Mi
2026-09-26T16:40:00+00:00,products-service,2,456m,515.621108Mi
2026-09-26T16:45:00+00:00,orders-service,1,462m,535.02029Mi
2026-09-26T16:45:00+00:00,payments-service,1,402m,529.907962Mi
2026-09-26T16:45:00+00:00,products-service,2,440m,515.030218Mi
2026-09-26T16:50:00+00:00,orders-service,1,437m,535.948692Mi
2026-09-26T16:50:00+00:00,payments-service,1,402m,529.907962Mi
2026-09-26T16:50:00+00:00,products-service,2,440m,515.030218Mi
2026-09-26T16:55:00+00:00,orders-service,1,437m,535.948692Mi
2026-09-26T16:55:00+00:00,payments-service,1,401m,533.385426Mi
2026-09-26T16:55:00+00:00,products-service,2,440m,515.030218Mi
2026-09-26T17:00:00+00:00,orders-service,1,437m,535.948692Mi
2026-09-26T17:00:00+00:00,payments-service,1,401m,533.385426Mi
2026-09-26T17:00:00+00:00,products-service,2,440m,515.030218Mi
2026-09-26T17:05:00+00:00,orders-service,1,437m,535.948692Mi
2026-09-26T17:05:00+00:00,payments-service,1,401m,533.385426Mi
2026-09-26T17:05:00+00:00,products-service,2,416m,513.212087Mi
2026-09-26T17:10:00+00:00,orders-service,1,429m,539.219931Mi
2026-09-26T17:10:00+00:00,payments-service,1,400m,529.332173Mi
2026-09-26T17:10:00+00:00,products-service,2,416m,513.212087Mi
2026-09-26T17:15:00+00:00,orders-service,1,429m,539.219931Mi
2026-09-26T17:15:00+00:00,payments-service,1,400m,529.332173Mi
2026-09-26T17:15:00+00:00,products-service,2,416m,513.212087Mi
2026-09-26T17:20:00+00:00,orders-service,1,429m,539.219931Mi
2026-09-26T17:20:00+00:00,payments-service,1,400m,529.332173Mi
2026-09-26T17:20:00+00:00,products-service,2,416m,513.212087Mi
2026-09-26T17:25:00+00:00,orders-service,1,429m,539.219931Mi
2026-09-26T17:25:00+00:00,payments-service,1,400m,528.194673Mi
2026-09-26T17:25:00+00:00,products-service,2,407m,512.484835Mi
2026-09-26T17:30:00+00:00,orders-service,1,418m,541.133517Mi
2026-09-26T17:30:00+00:00,payments-service,1,400m,528.194673Mi
2026-09-26T17:30:00+00:00,products-service,2,407m,512.484835Mi
2026-09-26T17:35:00+00:00,orders-service,1,418m,541.133517Mi
2026-09-26T17:35:00+00:00,payments-service,1,400m,528.194673Mi
2026-09-26T17:35:00+00:00,products-service,2,407m,512.484835Mi
2026-09-26T17:40:00+00:00,orders-service,1,418m,541.133517Mi
2026-09-26T17:40:00+00:00,payments-service,1,400m,528.194673Mi
2026-09-26T17:40:00+00:00,products-service,2,406m,512.193934Mi
2026-09-26T17:45:00+00:00,orders-service,1,418m,541.133517Mi
2026-09-26T17:45:00+00:00,payments-service,1,400m,528.194673Mi
2026-09-26T17:45:00+00:00,products-service,2,406m,512.193934Mi
2026-09-26T17:50:00+00:00,orders-service,1,418m,541.133517Mi
2026-09-26T17:50:00+00:00,payments-service,1,400m,528.194673Mi
2026-09-26T17:50:00+00:00,products-service,2,406m,512.193934Mi
2026-09-26T17:55:00+00:00,orders-service,1,418m,541.133517Mi
2026-09-26T17:55:00+00:00,payments-service,1,400m,528.681311Mi
2026-09-26T17:55:00+00:00,products-service,2,406m,512.193934Mi
2026-09-26T18:00:00+00:00,orders-service,1,418m,541.133517Mi
2026-09-26T18:00:00+00:00,payments-service,1,400m,528.681311Mi
2026-09-26T18:00:00+00:00,products-service,2,406m,512.193934Mi
2026-09-26T18:05:00+00:00,orders-service,1,409m,541.428553Mi
2026-09-26T18:05:00+00:00,payments-service,1,400m,528.681311Mi
2026-09-26T18:05:00+00:00,products-service,2,406m,512.193934Mi
2026-09-26T18:10:00+00:00,orders-service,1,409m,541.428553Mi
2026-09-26T18:10:00+00:00,payments-service,1,400m,518.999074Mi
2026-09-26T18:10:00+00:00,products-service,2,406m,512.193934Mi
2026-09-26T18:15:00+00:00,orders-service,1,409m,541.428553Mi
2026-09-26T18:15:00+00:00,payments-service,1,400m,518.999074Mi
2026-09-26T18:15:00+00:00,products-service,2,406m,512.193934Mi
2026-09-26T18:20:00+00:00,orders-service,1,409m,541.428553Mi
2026-09-26T18:20:00+00:00,payments-service,1,400m,518.999074Mi
2026-09-26T18:20:00+00:00,products-service,2,402m,512.077574Mi
2026-09-26T18:25:00+00:00,orders-service,1,404m,540.055723Mi
2026-09-26T18:25:00+00:00,payments-service,1,400m,521.776131Mi
2026-09-26T18:25:00+00:00,products-service,2,402m,512.077574Mi
2026-09-26T18:30:00+00:00,orders-service,1,404m,540.055723Mi
2026-09-26T18:30:00+00:00,payments-service,1,400m,521.776131Mi
2026-09-26T18:30:00+00:00,products-service,2,402m,512.077574Mi
2026-09-26T18:35:00+00:00,orders-service,1,404m,540.055723Mi
2026-09-26T18:35:00+00:00,payments-service,1,400m,521.776131Mi
2026-09-26T18:35:00+00:00,products-service,2,401m,512.03103Mi
2026-09-26T18:40:00+00:00,orders-service,1,404m,540.055723Mi
2026-09-26T18:40:00+00:00,payments-service,1,400m,521.776131Mi
2026-09-26T18:40:00+00:00,products-service,2,401m,512.03103Mi
2026-09-26T18:45:00+00:00,orders-service,1,404m,540.055723Mi
2026-09-26T18:45:00+00:00,payments-service,1,400m,519.44501Mi
2026-09-26T18:45:00+00:00,products-service,2,401m,512.03103Mi
2026-09-26T18:50:00+00:00,orders-service,1,406m,542.913452Mi
2026-09-26T18:50:00+00:00,payments-service,1,400m,519.44501Mi
2026-09-26T18:50:00+00:00,products-service,2,401m,512.03103Mi
2026-09-26T18:55:00+00:00,orders-service,1,406m,542.913452Mi
2026-09-26T18:55:00+00:00,payments-service,1,400m,519.44501Mi
2026-09-26T18:55:00+00:00,products-service,2,400m,521.42136Mi
2026-09-26T19:00:00+00:00,orders-service,1,406m,542.913452Mi
2026-09-26T19:00:00+00:00,payments-service,1,400m,519.44501Mi
2026-09-26T19:00:00+00:00,products-service,2,400m,521.42136Mi
2026-09-26T19:05:00+00:00,orders-service,1,406m,542.913452Mi
2026-09-26T19:05:00+00:00,payments-service,1,400m,519.44501Mi
2026-09-26T19:05:00+00:00,products-service,2,400m,521.42136Mi
2026-09-26T19:10:00+00:00,orders-service,1,404m,541.190649Mi
2026-09-26T19:10:00+00:00,payments-service,1,400m,519.44501Mi
2026-09-26T19:10:00+00:00,products-service,2,400m,521.42136Mi
2026-09-26T19:15:00+00:00,orders-service,1,404m,541.190649Mi
2026-09-26T19:15:00+00:00,payments-service,1,400m,523.021058Mi
2026-09-26T19:15:00+00:00,products-service,2,400m,518.819008Mi
2026-09-26T19:20:00+00:00,orders-service,1,404m,541.190649Mi
2026-09-26T19:20:00+00:00,payments-service,1,400m,523.021058Mi
2026-09-26T19:20:00+00:00,products-service,2,400m,518.819008Mi
2026-09-26T19:25:00+00:00,orders-service,1,404m,541.190649Mi
2026-09-26T19:25:00+00:00,payments-service,1,400m,523.021058Mi
2026-09-26T19:25:00+00:00,products-service,2,400m,518.819008Mi
2026-09-26T19:30:00+00:00,orders-service,1,404m,541.190649Mi
2026-09-26T19:30:00+00:00,payments-service,1,400m,529.093421Mi
2026-09-26T19:30:00+00:00,products-service,2,400m,518.839419Mi
2026-09-26T19:35:00+00:00,orders-service,1,404m,541.190649Mi
2026-09-26T19:35:00+00:00,payments-service,1,400m,529.093421Mi
2026-09-26T19:35:00+00:00,products-service,2,400m,518.839419Mi
2026-09-26T19:40:00+00:00,orders-service,1,405m,541.716763Mi
2026-09-26T19:40:00+00:00,payments-service,1,400m,529.093421Mi
2026-09-26T19:40:00+00:00,products-service,2,400m,518.839419Mi
2026-09-26T19:45:00+00:00,orders-service,1,405m,541.716763Mi
2026-09-26T19:45:00+00:00,payments-service,1,400m,529.093421Mi
2026-09-26T19:45:00+00:00,products-service,2,402m,529.221754Mi
2026-09-26T19:50:00+00:00,orders-service,1,405m,541.716763Mi
2026-09-26T19:50:00+00:00,payments-service,1,400m,528.993606Mi
2026-09-26T19:50:00+00:00,products-service,2,402m,529.221754Mi
2026-09-26T19:55:00+00:00,orders-service,1,406m,542.610228Mi
2026-09-26T19:55:00+00:00,payments-service,1,400m,528.993606Mi
2026-09-26T19:55:00+00:00,products-service,2,402m,529.221754Mi
2026-09-26T20:00:00+00:00,orders-service,1,406m,542.610228Mi
2026-09-26T20:00:00+00:00,payments-service,1,400m,528.993606Mi
2026-09-26T20:00:00+00:00,products-service,2,402m,529.221754Mi
2026-09-26T20:05:00+00:00,orders-service,1,406m,542.610228Mi
2026-09-26T20:05:00+00:00,payments-service,1,400m,528.443329Mi
2026-09-26T20:05:00+00:00,products-service,2,401m,528.777203Mi
2026-09-26T20:10:00+00:00,orders-service,1,406m,542.610228Mi
2026-09-26T20:10:00+00:00,payments-service,1,400m,528.443329Mi
2026-09-26T20:10:00+00:00,products-service,2,401m,528.777203Mi
2026-09-26T20:15:00+00:00,orders-service,1,406m,542.610228Mi
2026-09-26T20:15:00+00:00,payments-service,1,400m,528.443329Mi
2026-09-26T20:15:00+00:00,products-service,2,401m,528.777203Mi
2026-09-26T20:20:00+00:00,orders-service,1,406m,542.610228Mi
2026-09-26T20:20:00+00:00,payments-service,1,400m,529.779102Mi
2026-09-26T20:20:00+00:00,products-service,2,401m,528.777203Mi
2026-09-26T20:25:00+00:00,orders-service,1,402m,540.852636Mi
2026-09-26T20:25:00+00:00,payments-service,1,400m,529.779102Mi
2026-09-26T20:25:00+00:00,products-service,2,401m,528.777203Mi
2026-09-26T20:30:00+00:00,orders-service,1,402m,540.852636Mi
2026-09-26T20:30:00+00:00,payments-service,1,400m,529.779102Mi
2026-09-26T20:30:00+00:00,products-service,2,401m,528.777203Mi
2026-09-26T20:35:00+00:00,orders-service,1,402m,540.852636Mi
2026-09-26T20:35:00+00:00,payments-service,1,400m,529.779102Mi
2026-09-26T20:35:00+00:00,products-service,2,401m,528.777203Mi
2026-09-26T20:40:00+00:00,orders-service,1,405m,540.705104Mi
2026-09-26T20:40:00+00:00,payments-service,1,400m,529.779102Mi
2026-09-26T20:40:00+00:00,products-service,2,400m,524.504558Mi
2026-09-26T20:45:00+00:00,orders-service,1,405m,540.705104Mi
2026-09-26T20:45:00+00:00,payments-service,1,400m,529.779102Mi
2026-09-26T20:45:00+00:00,products-service,2,400m,524.504558Mi
2026-09-26T20:50:00+00:00,orders-service,1,405m,540.705104Mi
2026-09-26T20:50:00+00:00,payments-service,1,400m,529.779102Mi
2026-09-26T20:50:00+00:00,products-service,2,400m,524.504558Mi
2026-09-26T20:55:00+00:00,orders-service,1,405m,540.705104Mi
2026-09-26T20:55:00+00:00,payments-service,1,400m,527.628535Mi
2026-09-26T20:55:00+00:00,products-service,2,400m,522.124198Mi
2026-09-26T21:00:00+00:00,orders-service,1,410m,539.121739Mi
2026-09-26T21:00:00+00:00,payments-service,1,400m,527.628535Mi
2026-09-26T21:00:00+00:00,products-service,2,400m,522.124198Mi
2026-09-26T21:05:00+00:00,orders-service,1,410m,539.121739Mi
2026-09-26T21:05:00+00:00,payments-service,1,400m,527.628535Mi
2026-09-26T21:05:00+00:00,products-service,2,400m,522.124198Mi
2026-09-26T21:10:00+00:00,orders-service,1,410m,539.121739Mi
2026-09-26T21:10:00+00:00,payments-service,1,400m,523.52584Mi
2026-09-26T21:10:00+00:00,products-service,2,405m,532.347165Mi
2026-09-26T21:15:00+00:00,orders-service,1,410m,539.121739Mi
2026-09-26T21:15:00+00:00,payments-service,1,400m,523.52584Mi
2026-09-26T21:15:00+00:00,products-service,2,405m,532.347165Mi
2026-09-26T21:20:00+00:00,orders-service,1,406m,542.266774Mi
2026-09-26T21:20:00+00:00,payments-service,1,400m,523.52584Mi
2026-09-26T21:20:00+00:00,products-service,2,405m,532.347165Mi
2026-09-26T21:25:00+00:00,orders-service,1,406m,542.266774Mi
2026-09-26T21:25:00+00:00,payments-service,1,400m,520.739877Mi
2026-09-26T21:25:00+00:00,products-service,2,402m,524.104491Mi
2026-09-26T21:30:00+00:00,orders-service,1,406m,542.266774Mi
2026-09-26T21:30:00+00:00,payments-service,1,400m,520.739877Mi
2026-09-26T21:30:00+00:00,products-service,2,402m,524.104491Mi
2026-09-26T21:35:00+00:00,orders-service,1,406m,542.266774Mi
2026-09-26T21:35:00+00:00,payments-service,1,400m,520.739877Mi
2026-09-26T21:35:00+00:00,products-service,2,402m,524.104491Mi
2026-09-26T21:40:00+00:00,orders-service,1,406m,542.266774Mi
2026-09-26T21:40:00+00:00,payments-service,1,400m,520.739877Mi
2026-09-26T21:40:00+00:00,products-service,2,402m,524.104491Mi
2026-09-26T21:45:00+00:00,orders-service,1,406m,535.859847Mi
2026-09-26T21:45:00+00:00,payments-service,1,400m,520.739877Mi
2026-09-26T21:45:00+00:00,products-service,2,407m,528.053674Mi
2026-09-26T21:50:00+00:00,orders-service,1,406m,535.859847Mi
2026-09-26T21:50:00+00:00,payments-service,1,400m,525.758097Mi
2026-09-26T21:50:00+00:00,products-service,2,407m,528.053674Mi
2026-09-26T21:55:00+00:00,orders-service,1,406m,535.859847Mi
2026-09-26T21:55:00+00:00,payments-service,1,400m,525.758097Mi
2026-09-26T21:55:00+00:00,products-service,2,407m,528.053674Mi
2026-09-26T22:00:00+00:00,orders-service,1,406m,535.859847Mi
2026-09-26T22:00:00+00:00,payments-service,1,400m,525.758097Mi
2026-09-26T22:00:00+00:00,products-service,2,403m,518.814158Mi
2026-09-26T22:05:00+00:00,orders-service,1,412m,537.851239Mi
2026-09-26T22:05:00+00:00,payments-service,1,400m,525.758097Mi
2026-09-26T22:05:00+00:00,products-service,2,403m,518.814158Mi
2026-09-26T22:10:00+00:00,orders-service,1,412m,537.851239Mi
2026-09-26T22:10:00+00:00,payments-service,1,400m,525.758097Mi
2026-09-26T22:10:00+00:00,products-service,2,403m,518.814158Mi
2026-09-26T22:15:00+00:00,orders-service,1,412m,537.851239Mi
2026-09-26T22:15:00+00:00,payments-service,1,400m,525.758097Mi
2026-09-26T22:15:00+00:00,products-service,2,403m,518.814158Mi
2026-09-26T22:20:00+00:00,orders-service,1,412m,537.851239Mi
2026-09-26T22:20:00+00:00,payments-service,1,400m,525.758097Mi
2026-09-26T22:20:00+00:00,products-service,2,408m,514.725663Mi
2026-09-26T22:25:00+00:00,orders-service,1,412m,537.851239Mi
2026-09-26T22:25:00+00:00,payments-service,1,400m,525.758097Mi
2026-09-26T22:25:00+00:00,products-service,2,408m,514.725663Mi
2026-09-26T22:30:00+00:00,orders-service,1,412m,537.851239Mi
2026-09-26T22:30:00+00:00,payments-service,1,400m,525.758097Mi
2026-09-26T22:30:00+00:00,products-service,2,408m,514.725663Mi
2026-09-26T22:35:00+00:00,orders-service,1,408m,536.485722Mi
2026-09-26T22:35:00+00:00,payments-service,1,400m,525.758097Mi
2026-09-26T22:35:00+00:00,products-service,2,411m,513.090265Mi
2026-09-26T22:40:00+00:00,orders-service,1,408m,536.485722Mi
2026-09-26T22:40:00+00:00,payments-service,1,400m,525.758097Mi
2026-09-26T22:40:00+00:00,products-service,2,411m,513.090265Mi
2026-09-26T22:45:00+00:00,orders-service,1,408m,536.485722Mi
2026-09-26T22:45:00+00:00,payments-service,1,400m,525.758097Mi
2026-09-26T22:45:00+00:00,products-service,2,411m,513.090265Mi
2026-09-26T22:50:00+00:00,orders-service,1,432m,535.317873Mi
2026-09-26T22:50:00+00:00,payments-service,1,400m,525.758097Mi
2026-09-26T22:50:00+00:00,products-service,2,424m,512.436106Mi
2026-09-26T22:55:00+00:00,orders-service,1,432m,535.317873Mi
2026-09-26T22:55:00+00:00,payments-service,1,400m,531.264054Mi
2026-09-26T22:55:00+00:00,products-service,2,424m,512.436106Mi
2026-09-26T23:00:00+00:00,orders-service,1,432m,535.317873Mi
2026-09-26T23:00:00+00:00,payments-service,1,400m,531.264054Mi
2026-09-26T23:00:00+00:00,products-service,2,424m,512.436106Mi
2026-09-26T23:05:00+00:00,orders-service,1,436m,535.494422Mi
2026-09-26T23:05:00+00:00,payments-service,1,400m,531.264054Mi
2026-09-26T23:05:00+00:00,products-service,2,431m,512.670255Mi
2026-09-26T23:10:00+00:00,orders-service,1,436m,535.494422Mi
2026-09-26T23:10:00+00:00,payments-service,1,400m,526.719001Mi
2026-09-26T23:10:00+00:00,products-service,2,431m,512.670255Mi
2026-09-26T23:15:00+00:00,orders-service,1,436m,535.494422Mi
2026-09-26T23:15:00+00:00,payments-service,1,400m,526.719001Mi
2026-09-26T23:15:00+00:00,products-service,2,431m,512.670255Mi
2026-09-26T23:20:00+00:00,orders-service,1,436m,535.494422Mi
2026-09-26T23:20:00+00:00,payments-service,1,400m,526.719001Mi
2026-09-26T23:20:00+00:00,products-service,2,444m,518.433666Mi
2026-09-26T23:25:00+00:00,orders-service,1,448m,535.62543Mi
2026-09-26T23:25:00+00:00,payments-service,1,400m,526.719001Mi
2026-09-26T23:25:00+00:00,products-service,2,444m,518.433666Mi
2026-09-26T23:30:00+00:00,orders-service,1,448m,535.62543Mi
2026-09-26T23:30:00+00:00,payments-service,1,400m,532.268301Mi
2026-09-26T23:30:00+00:00,products-service,2,444m,518.433666Mi
2026-09-26T23:35:00+00:00,orders-service,1,448m,535.62543Mi
2026-09-26T23:35:00+00:00,payments-service,1,400m,532.268301Mi
2026-09-26T23:35:00+00:00,products-service,2,444m,518.433666Mi
2026-09-26T23:40:00+00:00,orders-service,1,444m,536.79463Mi
2026-09-26T23:40:00+00:00,payments-service,1,400m,532.268301Mi
2026-09-26T23:40:00+00:00,products-service,2,444m,518.433666Mi
2026-09-26T23:45:00+00:00,orders-service,1,444m,536.79463Mi
2026-09-26T23:45:00+00:00,payments-service,1,400m,530.946542Mi
2026-09-26T23:45:00+00:00,products-service,2,444m,518.433666Mi
2026-09-26T23:50:00+00:00,orders-service,1,444m,536.79463Mi
2026-09-26T23:50:00+00:00,payments-service,1,400m,530.946542Mi
2026-09-26T23:50:00+00:00,products-service,2,444m,518.433666Mi
2026-09-26T23:55:00+00:00,orders-service,1,477m,533.808026Mi
2026-09-26T23:55:00+00:00,payments-service,1,400m,530.946542Mi
2026-09-26T23:55:00+00:00,products-service,2,460m,515.916472Mi
2026-09-27T00:00:00+00:00,orders-service,1,477m,533.808026Mi
2026-09-27T00:00:00+00:00,payments-service,1,400m,530.946542Mi
2026-09-27T00:00:00+00:00,products-service,2,460m,515.916472Mi
2026-09-27T00:05:00+00:00,orders-service,1,477m,533.808026Mi
2026-09-27T00:05:00+00:00,payments-service,1,400m,524.789066Mi
2026-09-27T00:05:00+00:00,products-service,2,460m,515.916472Mi
2026-09-27T00:10:00+00:00,orders-service,1,502m,537.014727Mi
2026-09-27T00:10:00+00:00,payments-service,1,400m,524.789066Mi
2026-09-27T00:10:00+00:00,products-service,2,479m,517.411364Mi
2026-09-27T00:15:00+00:00,orders-service,1,502m,537.014727Mi
2026-09-27T00:15:00+00:00,payments-service,1,400m,524.789066Mi
2026-09-27T00:15:00+00:00,products-service,2,479m,517.411364Mi
2026-09-27T00:20:00+00:00,orders-service,1,502m,537.014727Mi
2026-09-27T00:20:00+00:00,payments-service,1,400m,524.789066Mi
2026-09-27T00:20:00+00:00,products-service,2,479m,517.411364Mi
2026-09-27T00:25:00+00:00,orders-service,1,502m,537.014727Mi
2026-09-27T00:25:00+00:00,payments-service,1,400m,524.789066Mi
2026-09-27T00:25:00+00:00,products-service,2,479m,517.411364Mi
2026-09-27T00:30:00+00:00,orders-service,1,519m,542.754597Mi
2026-09-27T00:30:00+00:00,payments-service,1,403m,528.042226Mi
2026-09-27T00:30:00+00:00,products-service,2,492m,522.536713Mi
2026-09-27T00:35:00+00:00,orders-service,1,519m,542.754597Mi
2026-09-27T00:35:00+00:00,payments-service,1,403m,528.042226Mi
2026-09-27T00:35:00+00:00,products-service,2,492m,522.536713Mi
2026-09-27T00:40:00+00:00,orders-service,1,519m,542.754597Mi
2026-09-27T00:40:00+00:00,payments-service,1,403m,528.042226Mi
2026-09-27T00:40:00+00:00,products-service,2,492m,522.536713Mi
2026-09-27T00:45:00+00:00,orders-service,1,511m,538.357234Mi
2026-09-27T00:45:00+00:00,payments-service,1,403m,528.042226Mi
2026-09-27T00:45:00+00:00,products-service,2,492m,522.536713Mi
2026-09-27T00:50:00+00:00,orders-service,1,511m,538.357234Mi
2026-09-27T00:50:00+00:00,payments-service,1,407m,535.303902Mi
2026-09-27T00:50:00+00:00,products-service,2,492m,522.536713Mi
2026-09-27T00:55:00+00:00,orders-service,1,511m,538.357234Mi
2026-09-27T00:55:00+00:00,payments-service,1,407m,535.303902Mi
2026-09-27T00:55:00+00:00,products-service,2,504m,520.78833Mi
2026-09-27T01:00:00+00:00,orders-service,1,524m,540.957225Mi
2026-09-27T01:00:00+00:00,payments-service,1,407m,535.303902Mi
2026-09-27T01:00:00+00:00,products-service,2,504m,520.78833Mi
2026-09-27T01:05:00+00:00,orders-service,1,524m,540.957225Mi
2026-09-27T01:05:00+00:00,payments-service,1,407m,535.303902Mi
2026-09-27T01:05:00+00:00,products-service,2,504m,520.78833Mi
2026-09-27T01:10:00+00:00,orders-service,1,524m,540.957225Mi
2026-09-27T01:10:00+00:00,payments-service,1,405m,531.920511Mi
2026-09-27T01:10:00+00:00,products-service,2,504m,520.78833Mi
2026-09-27T01:15:00+00:00,orders-service,1,524m,540.957225Mi
2026-09-27T01:15:00+00:00,payments-service,1,405m,531.920511Mi
2026-09-27T01:15:00+00:00,products-service,2,504m,520.78833Mi
2026-09-27T01:20:00+00:00,orders-service,1,547m,545.040287Mi
2026-09-27T01:20:00+00:00,payments-service,1,405m,531.920511Mi
2026-09-27T01:20:00+00:00,products-service,2,504m,520.78833Mi
2026-09-27T01:25:00+00:00,orders-service,1,547m,545.040287Mi
2026-09-27T01:25:00+00:00,payments-service,1,405m,531.920511Mi
2026-09-27T01:25:00+00:00,products-service,2,504m,520.78833Mi
2026-09-27T01:30:00+00:00,orders-service,1,547m,545.040287Mi
2026-09-27T01:30:00+00:00,payments-service,1,413m,536.505229Mi
2026-09-27T01:30:00+00:00,products-service,2,533m,528.757043Mi
2026-09-27T01:35:00+00:00,orders-service,1,557m,548.591322Mi
2026-09-27T01:35:00+00:00,payments-service,1,413m,536.505229Mi
2026-09-27T01:35:00+00:00,products-service,2,533m,528.757043Mi
2026-09-27T01:40:00+00:00,orders-service,1,557m,548.591322Mi
2026-09-27T01:40:00+00:00,payments-service,1,413m,536.505229Mi
2026-09-27T01:40:00+00:00,products-service,2,533m,528.757043Mi
2026-09-27T01:45:00+00:00,orders-service,1,557m,548.591322Mi
2026-09-27T01:45:00+00:00,payments-service,1,426m,536.831022Mi
2026-09-27T01:45:00+00:00,products-service,2,547m,528.586521Mi
2026-09-27T01:50:00+00:00,orders-service,1,557m,548.591322Mi
2026-09-27T01:50:00+00:00,payments-service,1,426m,536.831022Mi
2026-09-27T01:50:00+00:00,products-service,2,547m,528.586521Mi
2026-09-27T01:55:00+00:00,orders-service,1,599m,549.8591Mi
2026-09-27T01:55:00+00:00,payments-service,1,426m,536.831022Mi
2026-09-27T01:55:00+00:00,products-service,2,547m,528.586521Mi
2026-09-27T02:00:00+00:00,orders-service,1,599m,549.8591Mi
2026-09-27T02:00:00+00:00,payments-service,1,426m,536.831022Mi
2026-09-27T02:00:00+00:00,products-service,2,557m,529.757277Mi
2026-09-27T02:05:00+00:00,orders-service,1,599m,549.8591Mi
2026-09-27T02:05:00+00:00,payments-service,1,426m,536.831022Mi
2026-09-27T02:05:00+00:00,products-service,2,557m,529.757277Mi
2026-09-27T02:10:00+00:00,orders-service,1,622m,550.487353Mi
2026-09-27T02:10:00+00:00,payments-service,1,426m,536.831022Mi
2026-09-27T02:10:00+00:00,products-service,2,557m,529.757277Mi
2026-09-27T02:15:00+00:00,orders-service,1,622m,550.487353Mi
2026-09-27T02:15:00+00:00,payments-service,1,426m,536.831022Mi
2026-09-27T02:15:00+00:00,products-service,2,557m,529.757277Mi
2026-09-27T02:20:00+00:00,orders-service,1,622m,550.487353Mi
2026-09-27T02:20:00+00:00,payments-service,1,426m,536.831022Mi
2026-09-27T02:20:00+00:00,products-service,2,535m,533.201959Mi
2026-09-27T02:25:00+00:00,orders-service,1,622m,550.487353Mi
2026-09-27T02:25:00+00:00,payments-service,1,426m,536.831022Mi
2026-09-27T02:25:00+00:00,products-service,2,535m,533.201959Mi
2026-09-27T02:30:00+00:00,orders-service,1,658m,554.437788Mi
2026-09-27T02:30:00+00:00,payments-service,1,426m,536.831022Mi
2026-09-27T02:30:00+00:00,products-service,2,535m,533.201959Mi
2026-09-27T02:35:00+00:00,orders-service,1,658m,554.437788Mi
2026-09-27T02:35:00+00:00,payments-service,1,439m,544.93496Mi
2026-09-27T02:35:00+00:00,products-service,2,535m,533.201959Mi
2026-09-27T02:40:00+00:00,orders-service,1,658m,554.437788Mi
2026-09-27T02:40:00+00:00,payments-service,1,439m,544.93496Mi
2026-09-27T02:40:00+00:00,products-service,2,557m,532.452988Mi
2026-09-27T02:45:00+00:00,orders-service,1,653m,551.117107Mi
2026-09-27T02:45:00+00:00,payments-service,1,439m,544.93496Mi
2026-09-27T02:45:00+00:00,products-service,2,557m,532.452988Mi
2026-09-27T02:50:00+00:00,orders-service,1,653m,551.117107Mi
2026-09-27T02:50:00+00:00,payments-service,1,435m,546.944346Mi
2026-09-27T02:50:00+00:00,products-service,2,557m,532.452988Mi
2026-09-27T02:55:00+00:00,orders-service,1,653m,551.117107Mi
2026-09-27T02:55:00+00:00,payments-service,1,435m,546.944346Mi
2026-09-27T02:55:00+00:00,products-service,2,557m,532.452988Mi
2026-09-27T03:00:00+00:00,orders-service,1,653m,551.117107Mi
2026-09-27T03:00:00+00:00,payments-service,1,435m,546.944346Mi
2026-09-27T03:00:00+00:00,products-service,2,605m,536.235407Mi
2026-09-27T03:05:00+00:00,orders-service,1,653m,551.117107Mi
2026-09-27T03:05:00+00:00,payments-service,1,436m,545.148991Mi
2026-09-27T03:05:00+00:00,products-service,2,605m,536.235407Mi
2026-09-27T03:10:00+00:00,orders-service,1,653m,551.117107Mi
2026-09-27T03:10:00+00:00,payments-service,1,436m,545.148991Mi
2026-09-27T03:10:00+00:00,products-service,2,605m,536.235407Mi
2026-09-27T03:15:00+00:00,orders-service,1,653m,551.117107Mi
2026-09-27T03:15:00+00:00,payments-service,1,436m,545.148991Mi
2026-09-27T03:15:00+00:00,products-service,2,650m,536.905833Mi
2026-09-27T03:20:00+00:00,orders-service,1,654m,549.892253Mi
2026-09-27T03:20:00+00:00,payments-service,1,454m,538.829103Mi
2026-09-27T03:20:00+00:00,products-service,2,650m,536.905833Mi
2026-09-27T03:25:00+00:00,orders-service,1,654m,549.892253Mi
2026-09-27T03:25:00+00:00,payments-service,1,454m,538.829103Mi
2026-09-27T03:25:00+00:00,products-service,2,650m,536.905833Mi
2026-09-27T03:30:00+00:00,orders-service,1,654m,549.892253Mi
2026-09-27T03:30:00+00:00,payments-service,1,454m,538.829103Mi
2026-09-27T03:30:00+00:00,products-service,2,638m,537.569365Mi
2026-09-27T03:35:00+00:00,orders-service,1,654m,549.892253Mi
2026-09-27T03:35:00+00:00,payments-service,1,454m,538.829103Mi
2026-09-27T03:35:00+00:00,products-service,2,638m,537.569365Mi
2026-09-27T03:40:00+00:00,orders-service,1,654m,549.892253Mi
2026-09-27T03:40:00+00:00,payments-service,1,454m,538.829103Mi
2026-09-27T03:40:00+00:00,products-service,2,638m,537.569365Mi
2026-09-27T03:45:00+00:00,orders-service,1,654m,549.892253Mi
2026-09-27T03:45:00+00:00,payments-service,1,476m,541.583851Mi
2026-09-27T03:45:00+00:00,products-service,2,638m,537.569365Mi
2026-09-27T03:50:00+00:00,orders-service,1,654m,549.892253Mi
2026-09-27T03:50:00+00:00,payments-service,1,476m,541.583851Mi
2026-09-27T03:50:00+00:00,products-service,2,638m,537.569365Mi
2026-09-27T03:55:00+00:00,orders-service,1,654m,549.892253Mi
2026-09-27T03:55:00+00:00,payments-service,1,476m,541.583851Mi
2026-09-27T03:55:00+00:00,products-service,2,638m,537.569365Mi
2026-09-27T04:00:00+00:00,orders-service,1,706m,549.837114Mi
2026-09-27T04:00:00+00:00,payments-service,1,476m,541.583851Mi
2026-09-27T04:00:00+00:00,products-service,2,638m,537.569365Mi
2026-09-27T04:05:00+00:00,orders-service,1,706m,549.837114Mi
2026-09-27T04:05:00+00:00,payments-service,1,476m,541.583851Mi
2026-09-27T04:05:00+00:00,products-service,2,690m,537.875976Mi
2026-09-27T04:10:00+00:00,orders-service,1,706m,549.837114Mi
2026-09-27T04:10:00+00:00,payments-service,1,501m,539.625948Mi
2026-09-27T04:10:00+00:00,products-service,2,690m,537.875976Mi
2026-09-27T04:15:00+00:00,orders-service,1,727m,552.144672Mi
2026-09-27T04:15:00+00:00,payments-service,1,501m,539.625948Mi
2026-09-27T04:15:00+00:00,products-service,2,690m,537.875976Mi
2026-09-27T04:20:00+00:00,orders-service,1,727m,552.144672Mi
2026-09-27T04:20:00+00:00,payments-service,1,501m,539.625948Mi
2026-09-27T04:20:00+00:00,products-service,2,690m,537.875976Mi
2026-09-27T04:25:00+00:00,orders-service,1,727m,552.144672Mi
2026-09-27T04:25:00+00:00,payments-service,1,473m,540.006458Mi
2026-09-27T04:25:00+00:00,products-service,2,690m,537.875976Mi
2026-09-27T04:30:00+00:00,orders-service,1,727m,552.144672Mi
2026-09-27T04:30:00+00:00,payments-service,1,473m,540.006458Mi
2026-09-27T04:30:00+00:00,products-service,2,690m,537.875976Mi
2026-09-27T04:35:00+00:00,orders-service,1,727m,552.144672Mi
2026-09-27T04:35:00+00:00,payments-service,1,473m,540.006458Mi
2026-09-27T04:35:00+00:00,products-service,2,690m,537.875976Mi
2026-09-27T04:40:00+00:00,orders-service,1,774m,554.044893Mi
2026-09-27T04:40:00+00:00,payments-service,1,473m,540.006458Mi
2026-09-27T04:40:00+00:00,products-service,2,716m,540.094958Mi
2026-09-27T04:45:00+00:00,orders-service,1,774m,554.044893Mi
2026-09-27T04:45:00+00:00,payments-service,1,473m,540.006458Mi
2026-09-27T04:45:00+00:00,products-service,2,716m,540.094958Mi
2026-09-27T04:50:00+00:00,orders-service,1,774m,554.044893Mi
2026-09-27T04:50:00+00:00,payments-service,1,473m,540.006458Mi
2026-09-27T04:50:00+00:00,products-service,2,716m,540.094958Mi
2026-09-27T04:55:00+00:00,orders-service,1,796m,553.701368Mi
2026-09-27T04:55:00+00:00,payments-service,1,469m,546.502278Mi
2026-09-27T04:55:00+00:00,products-service,2,741m,542.650825Mi
2026-09-27T05:00:00+00:00,orders-service,1,796m,553.701368Mi
2026-09-27T05:00:00+00:00,payments-service,1,469m,546.502278Mi
2026-09-27T05:00:00+00:00,products-service,2,741m,542.650825Mi
2026-09-27T05:05:00+00:00,orders-service,1,796m,553.701368Mi
2026-09-27T05:05:00+00:00,payments-service,1,469m,546.502278Mi
2026-09-27T05:05:00+00:00,products-service,2,741m,542.650825Mi
2026-09-27T05:10:00+00:00,orders-service,1,771m,553.007171Mi
2026-09-27T05:10:00+00:00,payments-service,1,470m,550.460347Mi
2026-09-27T05:10:00+00:00,products-service,2,732m,542.618997Mi
2026-09-27T05:15:00+00:00,orders-service,1,771m,553.007171Mi
2026-09-27T05:15:00+00:00,payments-service,1,470m,550.460347Mi
2026-09-27T05:15:00+00:00,products-service,2,732m,542.618997Mi
2026-09-27T05:20:00+00:00,orders-service,1,771m,553.007171Mi
2026-09-27T05:20:00+00:00,payments-service,1,470m,550.460347Mi
2026-09-27T05:20:00+00:00,products-service,2,732m,542.618997Mi
2026-09-27T05:25:00+00:00,orders-service,1,771m,553.007171Mi
2026-09-27T05:25:00+00:00,payments-service,1,476m,548.135262Mi
2026-09-27T05:25:00+00:00,products-service,2,732m,542.618997Mi
2026-09-27T05:30:00+00:00,orders-service,1,816m,555.002454Mi
2026-09-27T05:30:00+00:00,payments-service,1,476m,548.135262Mi
2026-09-27T05:30:00+00:00,products-service,2,732m,542.618997Mi
2026-09-27T05:35:00+00:00,orders-service,1,816m,555.002454Mi
2026-09-27T05:35:00+00:00,payments-service,1,476m,548.135262Mi
2026-09-27T05:35:00+00:00,products-service,2,743m,543.608146Mi
2026-09-27T05:40:00+00:00,orders-service,1,816m,555.002454Mi
2026-09-27T05:40:00+00:00,payments-service,1,476m,548.135262Mi
2026-09-27T05:40:00+00:00,products-service,2,743m,543.608146Mi
2026-09-27T05:45:00+00:00,orders-service,1,816m,555.002454Mi
2026-09-27T05:45:00+00:00,payments-service,1,507m,547.954349Mi
2026-09-27T05:45:00+00:00,products-service,2,743m,543.608146Mi
2026-09-27T05:50:00+00:00,orders-service,1,816m,555.002454Mi
2026-09-27T05:50:00+00:00,payments-service,1,507m,547.954349Mi
2026-09-27T05:50:00+00:00,products-service,2,743m,543.608146Mi
2026-09-27T05:55:00+00:00,orders-service,1,810m,556.245733Mi
2026-09-27T05:55:00+00:00,payments-service,1,507m,547.954349Mi
2026-09-27T05:55:00+00:00,products-service,2,743m,543.608146Mi
2026-09-27T06:00:00+00:00,orders-service,1,810m,556.245733Mi
2026-09-27T06:00:00+00:00,payments-service,1,492m,551.111378Mi
2026-09-27T06:00:00+00:00,products-service,2,768m,545.551376Mi
2026-09-27T06:05:00+00:00,orders-service,1,810m,556.245733Mi
2026-09-27T06:05:00+00:00,payments-service,1,492m,551.111378Mi
2026-09-27T06:05:00+00:00,products-service,2,768m,545.551376Mi
2026-09-27T06:10:00+00:00,orders-service,1,792m,553.040212Mi
2026-09-27T06:10:00+00:00,payments-service,1,492m,551.111378Mi
2026-09-27T06:10:00+00:00,products-service,2,768m,545.551376Mi
2026-09-27T06:15:00+00:00,orders-service,1,792m,553.040212Mi
2026-09-27T06:15:00+00:00,payments-service,1,492m,551.111378Mi
2026-09-27T06:15:00+00:00,products-service,2,768m,545.551376Mi
2026-09-27T06:20:00+00:00,orders-service,1,792m,553.040212Mi
2026-09-27T06:20:00+00:00,payments-service,1,492m,551.111378Mi
2026-09-27T06:20:00+00:00,products-service,2,768m,545.551376Mi
2026-09-27T06:25:00+00:00,orders-service,1,792m,553.040212Mi
2026-09-27T06:25:00+00:00,payments-service,1,492m,551.111378Mi
2026-09-27T06:25:00+00:00,products-service,2,768m,545.551376Mi
2026-09-27T06:30:00+00:00,orders-service,1,792m,553.040212Mi
2026-09-27T06:30:00+00:00,payments-service,1,492m,551.111378Mi
2026-09-27T06:30:00+00:00,products-service,2,768m,545.551376Mi
2026-09-27T06:35:00+00:00,orders-service,1,809m,559.026229Mi
2026-09-27T06:35:00+00:00,payments-service,1,492m,551.111378Mi
2026-09-27T06:35:00+00:00,products-service,2,768m,545.551376Mi
2026-09-27T06:40:00+00:00,orders-service,1,809m,559.026229Mi
2026-09-27T06:40:00+00:00,payments-service,1,492m,551.111378Mi
2026-09-27T06:40:00+00:00,products-service,2,768m,545.551376Mi
2026-09-27T06:45:00+00:00,orders-service,1,809m,559.026229Mi
2026-09-27T06:45:00+00:00,payments-service,1,492m,551.111378Mi
2026-09-27T06:45:00+00:00,products-service,2,811m,546.622296Mi
2026-09-27T06:50:00+00:00,orders-service,1,809m,559.026229Mi
2026-09-27T06:50:00+00:00,payments-service,1,505m,554.698128Mi
2026-09-27T06:50:00+00:00,products-service,2,811m,546.622296Mi
2026-09-27T06:55:00+00:00,orders-service,1,855m,558.416241Mi
2026-09-27T06:55:00+00:00,payments-service,1,505m,554.698128Mi
2026-09-27T06:55:00+00:00,products-service,2,811m,546.622296Mi
2026-09-27T07:00:00+00:00,orders-service,1,855m,558.416241Mi
2026-09-27T07:00:00+00:00,payments-service,1,505m,554.698128Mi
2026-09-27T07:00:00+00:00,products-service,2,811m,546.622296Mi
2026-09-27T07:05:00+00:00,orders-service,1,855m,558.416241Mi
2026-09-27T07:05:00+00:00,payments-service,1,505m,554.698128Mi
2026-09-27T07:05:00+00:00,products-service,2,794m,539.832097Mi
2026-09-27T07:10:00+00:00,orders-service,1,855m,558.416241Mi
2026-09-27T07:10:00+00:00,payments-service,1,505m,554.698128Mi
2026-09-27T07:10:00+00:00,products-service,2,794m,539.832097Mi
2026-09-27T07:15:00+00:00,orders-service,1,855m,558.416241Mi
2026-09-27T07:15:00+00:00,payments-service,1,505m,554.698128Mi
2026-09-27T07:15:00+00:00,products-service,2,794m,539.832097Mi
2026-09-27T07:20:00+00:00,orders-service,1,855m,558.416241Mi
2026-09-27T07:20:00+00:00,payments-service,1,485m,550.504019Mi
2026-09-27T07:20:00+00:00,products-service,2,794m,539.832097Mi
2026-09-27T07:25:00+00:00,orders-service,1,855m,558.416241Mi
2026-09-27T07:25:00+00:00,payments-service,1,485m,550.504019Mi
2026-09-27T07:25:00+00:00,products-service,2,794m,539.832097Mi
2026-09-27T07:30:00+00:00,orders-service,1,855m,558.416241Mi
2026-09-27T07:30:00+00:00,payments-service,1,485m,550.504019Mi
2026-09-27T07:30:00+00:00,products-service,2,794m,539.832097Mi
2026-09-27T07:35:00+00:00,orders-service,1,855m,558.416241Mi
2026-09-27T07:35:00+00:00,payments-service,1,507m,556.177877Mi
2026-09-27T07:35:00+00:00,products-service,2,794m,539.832097Mi
2026-09-27T07:40:00+00:00,orders-service,1,812m,555.978386Mi
2026-09-27T07:40:00+00:00,payments-service,1,507m,556.177877Mi
2026-09-27T07:40:00+00:00,products-service,2,782m,545.458962Mi
2026-09-27T07:45:00+00:00,orders-service,1,812m,555.978386Mi
2026-09-27T07:45:00+00:00,payments-service,1,507m,556.177877Mi
2026-09-27T07:45:00+00:00,products-service,2,782m,545.458962Mi
2026-09-27T07:50:00+00:00,orders-service,1,812m,555.978386Mi
2026-09-27T07:50:00+00:00,payments-service,1,507m,556.177877Mi
2026-09-27T07:50:00+00:00,products-service,2,782m,545.458962Mi
2026-09-27T07:55:00+00:00,orders-service,1,823m,557.796701Mi
2026-09-27T07:55:00+00:00,payments-service,1,493m,557.732503Mi
2026-09-27T07:55:00+00:00,products-service,2,782m,545.458962Mi
2026-09-27T08:00:00+00:00,orders-service,1,823m,557.796701Mi
2026-09-27T08:00:00+00:00,payments-service,1,493m,557.732503Mi
2026-09-27T08:00:00+00:00,products-service,2,782m,545.458962Mi
2026-09-27T08:05:00+00:00,orders-service,1,823m,557.796701Mi
2026-09-27T08:05:00+00:00,payments-service,1,493m,557.732503Mi
2026-09-27T08:05:00+00:00,products-service,2,798m,547.192801Mi
2026-09-27T08:10:00+00:00,orders-service,1,846m,559.669645Mi
2026-09-27T08:10:00+00:00,payments-service,1,493m,557.732503Mi
2026-09-27T08:10:00+00:00,products-service,2,798m,547.192801Mi
2026-09-27T08:15:00+00:00,orders-service,1,846m,559.669645Mi
2026-09-27T08:15:00+00:00,payments-service,1,496m,553.263436Mi
2026-09-27T08:15:00+00:00,products-service,2,798m,547.192801Mi
2026-09-27T08:20:00+00:00,orders-service,1,846m,559.669645Mi
2026-09-27T08:20:00+00:00,payments-service,1,496m,553.263436Mi
2026-09-27T08:20:00+00:00,products-service,2,798m,547.192801Mi
2026-09-27T08:25:00+00:00,orders-service,1,846m,559.669645Mi
2026-09-27T08:25:00+00:00,payments-service,1,496m,553.263436Mi
2026-09-27T08:25:00+00:00,products-service,2,798m,547.192801Mi
2026-09-27T08:30:00+00:00,orders-service,1,846m,559.669645Mi
2026-09-27T08:30:00+00:00,payments-service,1,496m,553.263436Mi
2026-09-27T08:30:00+00:00,products-service,2,798m,547.192801Mi
2026-09-27T08:35:00+00:00,orders-service,1,846m,559.669645Mi
2026-09-27T08:35:00+00:00,payments-service,1,501m,555.698697Mi
2026-09-27T08:35:00+00:00,products-service,2,798m,547.192801Mi
2026-09-27T08:40:00+00:00,orders-service,1,823m,557.618334Mi
2026-09-27T08:40:00+00:00,payments-service,1,501m,555.698697Mi
2026-09-27T08:40:00+00:00,products-service,2,786m,554.431112Mi
2026-09-27T08:45:00+00:00,orders-service,1,823m,557.618334Mi
2026-09-27T08:45:00+00:00,payments-service,1,501m,555.698697Mi
2026-09-27T08:45:00+00:00,products-service,2,786m,554.431112Mi
2026-09-27T08:50:00+00:00,orders-service,1,823m,557.618334Mi
2026-09-27T08:50:00+00:00,payments-service,1,501m,555.698697Mi
2026-09-27T08:50:00+00:00,products-service,2,786m,554.431112Mi
2026-09-27T08:55:00+00:00,orders-service,1,823m,557.618334Mi
2026-09-27T08:55:00+00:00,payments-service,1,502m,557.116136Mi
2026-09-27T08:55:00+00:00,products-service,2,792m,556.96733Mi
2026-09-27T09:00:00+00:00,orders-service,1,823m,557.618334Mi
2026-09-27T09:00:00+00:00,payments-service,1,502m,557.116136Mi
2026-09-27T09:00:00+00:00,products-service,2,792m,556.96733Mi
2026-09-27T09:05:00+00:00,orders-service,1,823m,557.618334Mi
2026-09-27T09:05:00+00:00,payments-service,1,502m,557.116136Mi
2026-09-27T09:05:00+00:00,products-service,2,792m,556.96733Mi
2026-09-27T09:10:00+00:00,orders-service,1,823m,557.618334Mi
2026-09-27T09:10:00+00:00,payments-service,1,502m,557.116136Mi
2026-09-27T09:10:00+00:00,products-service,2,792m,556.96733Mi
2026-09-27T09:15:00+00:00,orders-service,1,823m,557.618334Mi
2026-09-27T09:15:00+00:00,payments-service,1,502m,557.116136Mi
2026-09-27T09:15:00+00:00,products-service,2,804m,562.505877Mi
2026-09-27T09:20:00+00:00,orders-service,1,823m,557.618334Mi
2026-09-27T09:20:00+00:00,payments-service,1,479m,552.362543Mi
2026-09-27T09:20:00+00:00,products-service,2,804m,562.505877Mi
2026-09-27T09:25:00+00:00,orders-service,1,823m,557.618334Mi
2026-09-27T09:25:00+00:00,payments-service,1,479m,552.362543Mi
2026-09-27T09:25:00+00:00,products-service,2,804m,562.505877Mi
2026-09-27T09:30:00+00:00,orders-service,1,823m,557.618334Mi
2026-09-27T09:30:00+00:00,payments-service,1,479m,552.362543Mi
2026-09-27T09:30:00+00:00,products-service,2,804m,562.505877Mi
2026-09-27T09:35:00+00:00,orders-service,1,823m,557.618334Mi
2026-09-27T09:35:00+00:00,payments-service,1,479m,552.362543Mi
2026-09-27T09:35:00+00:00,products-service,2,804m,562.505877Mi
2026-09-27T09:40:00+00:00,orders-service,1,823m,557.618334Mi
2026-09-27T09:40:00+00:00,payments-service,1,479m,552.362543Mi
2026-09-27T09:40:00+00:00,products-service,2,804m,562.505877Mi
2026-09-27T09:45:00+00:00,orders-service,1,823m,557.618334Mi
2026-09-27T09:45:00+00:00,payments-service,1,479m,552.362543Mi
2026-09-27T09:45:00+00:00,products-service,2,787m,563.631306Mi
2026-09-27T09:50:00+00:00,orders-service,1,823m,557.618334Mi
2026-09-27T09:50:00+00:00,payments-service,1,479m,552.362543Mi
2026-09-27T09:50:00+00:00,products-service,2,787m,563.631306Mi
2026-09-27T09:55:00+00:00,orders-service,1,848m,555.340657Mi
2026-09-27T09:55:00+00:00,payments-service,1,497m,555.651633Mi
2026-09-27T09:55:00+00:00,products-service,2,787m,563.631306Mi
2026-09-27T10:00:00+00:00,orders-service,1,848m,555.340657Mi
2026-09-27T10:00:00+00:00,payments-service,1,497m,555.651633Mi
2026-09-27T10:00:00+00:00,products-service,2,787m,563.631306Mi
2026-09-27T10:05:00+00:00,orders-service,1,848m,555.340657Mi
2026-09-27T10:05:00+00:00,payments-service,1,497m,555.651633Mi
2026-09-27T10:05:00+00:00,products-service,2,787m,563.631306Mi
2026-09-27T10:10:00+00:00,orders-service,1,779m,554.819381Mi
2026-09-27T10:10:00+00:00,payments-service,1,472m,552.079269Mi
2026-09-27T10:10:00+00:00,products-service,2,787m,563.631306Mi
2026-09-27T10:15:00+00:00,orders-service,1,779m,554.819381Mi
2026-09-27T10:15:00+00:00,payments-service,1,472m,552.079269Mi
2026-09-27T10:15:00+00:00,products-service,2,787m,563.631306Mi
2026-09-27T10:20:00+00:00,orders-service,1,779m,554.819381Mi
2026-09-27T10:20:00+00:00,payments-service,1,472m,552.079269Mi
2026-09-27T10:20:00+00:00,products-service,2,787m,563.631306Mi
2026-09-27T10:25:00+00:00,orders-service,1,779m,554.819381Mi
2026-09-27T10:25:00+00:00,payments-service,1,483m,551.723212Mi
2026-09-27T10:25:00+00:00,products-service,2,787m,563.631306Mi
2026-09-27T10:30:00+00:00,orders-service,1,779m,554.819381Mi
2026-09-27T10:30:00+00:00,payments-service,1,483m,551.723212Mi
2026-09-27T10:30:00+00:00,products-service,2,787m,563.631306Mi
2026-09-27T10:35:00+00:00,orders-service,1,779m,554.819381Mi
2026-09-27T10:35:00+00:00,payments-service,1,483m,551.723212Mi
2026-09-27T10:35:00+00:00,products-service,2,764m,565.767403Mi
2026-09-27T10:40:00+00:00,orders-service,1,779m,554.819381Mi
2026-09-27T10:40:00+00:00,payments-service,1,483m,551.723212Mi
2026-09-27T10:40:00+00:00,products-service,2,764m,565.767403Mi
2026-09-27T10:45:00+00:00,orders-service,1,779m,554.819381Mi
2026-09-27T10:45:00+00:00,payments-service,1,466m,549.811917Mi
2026-09-27T10:45:00+00:00,products-service,2,764m,565.767403Mi
2026-09-27T10:50:00+00:00,orders-service,1,799m,557.396051Mi
2026-09-27T10:50:00+00:00,payments-service,1,466m,549.811917Mi
2026-09-27T10:50:00+00:00,products-service,2,764m,565.767403Mi
2026-09-27T10:55:00+00:00,orders-service,1,799m,557.396051Mi
2026-09-27T10:55:00+00:00,payments-service,1,466m,549.811917Mi
2026-09-27T10:55:00+00:00,products-service,2,764m,565.767403Mi
2026-09-27T11:00:00+00:00,orders-service,1,799m,557.396051Mi
2026-09-27T11:00:00+00:00,payments-service,1,466m,549.811917Mi
2026-09-27T11:00:00+00:00,products-service,2,748m,563.908768Mi
2026-09-27T11:05:00+00:00,orders-service,1,754m,555.701084Mi
2026-09-27T11:05:00+00:00,payments-service,1,466m,549.811917Mi
2026-09-27T11:05:00+00:00,products-service,2,748m,563.908768Mi
2026-09-27T11:10:00+00:00,orders-service,1,754m,555.701084Mi
2026-09-27T11:10:00+00:00,payments-service,1,466m,549.711889Mi
2026-09-27T11:10:00+00:00,products-service,2,748m,563.908768Mi
2026-09-27T11:15:00+00:00,orders-service,1,754m,555.701084Mi
2026-09-27T11:15:00+00:00,payments-service,1,466m,549.711889Mi
2026-09-27T11:15:00+00:00,products-service,2,691m,567.21568Mi
2026-09-27T11:20:00+00:00,orders-service,1,718m,554.286024Mi
2026-09-27T11:20:00+00:00,payments-service,1,466m,549.711889Mi
2026-09-27T11:20:00+00:00,products-service,2,691m,567.21568Mi
2026-09-27T11:25:00+00:00,orders-service,1,718m,554.286024Mi
2026-09-27T11:25:00+00:00,payments-service,1,452m,547.951089Mi
2026-09-27T11:25:00+00:00,products-service,2,691m,567.21568Mi
2026-09-27T11:30:00+00:00,orders-service,1,718m,554.286024Mi
2026-09-27T11:30:00+00:00,payments-service,1,452m,547.951089Mi
2026-09-27T11:30:00+00:00,products-service,2,667m,561.071733Mi
2026-09-27T11:35:00+00:00,orders-service,1,718m,554.286024Mi
2026-09-27T11:35:00+00:00,payments-service,1,452m,547.951089Mi
2026-09-27T11:35:00+00:00,products-service,2,667m,561.071733Mi
2026-09-27T11:40:00+00:00,orders-service,1,718m,554.286024Mi
2026-09-27T11:40:00+00:00,payments-service,1,452m,547.951089Mi
2026-09-27T11:40:00+00:00,products-service,2,667m,561.071733Mi
2026-09-27T11:45:00+00:00,orders-service,1,718m,554.286024Mi
2026-09-27T11:45:00+00:00,payments-service,1,452m,547.951089Mi
2026-09-27T11:45:00+00:00,products-service,2,667m,561.071733Mi
2026-09-27T11:50:00+00:00,orders-service,1,718m,554.286024Mi
2026-09-27T11:50:00+00:00,payments-service,1,452m,547.951089Mi
2026-09-27T11:50:00+00:00,products-service,2,667m,561.071733Mi
2026-09-27T11:55:00+00:00,orders-service,1,695m,554.85368Mi
2026-09-27T11:55:00+00:00,payments-service,1,452m,547.951089Mi
2026-09-27T11:55:00+00:00,products-service,2,644m,556.282013Mi
2026-09-27T12:00:00+00:00,orders-service,1,695m,554.85368Mi
2026-09-27T12:00:00+00:00,payments-service,1,451m,546.34069Mi
2026-09-27T12:00:00+00:00,products-service,2,644m,556.282013Mi
2026-09-27T12:05:00+00:00,orders-service,1,695m,554.85368Mi
2026-09-27T12:05:00+00:00,payments-service,1,451m,546.34069Mi
2026-09-27T12:05:00+00:00,products-service,2,644m,556.282013Mi
2026-09-27T12:10:00+00:00,orders-service,1,678m,552.331597Mi
2026-09-27T12:10:00+00:00,payments-service,1,451m,546.34069Mi
2026-09-27T12:10:00+00:00,products-service,2,629m,550.06831Mi
2026-09-27T12:15:00+00:00,orders-service,1,678m,552.331597Mi
2026-09-27T12:15:00+00:00,payments-service,1,451m,546.34069Mi
2026-09-27T12:15:00+00:00,products-service,2,629m,550.06831Mi
2026-09-27T12:20:00+00:00,orders-service,1,678m,552.331597Mi
2026-09-27T12:20:00+00:00,payments-service,1,445m,546.670431Mi
2026-09-27T12:20:00+00:00,products-service,2,629m,550.06831Mi
2026-09-27T12:25:00+00:00,orders-service,1,678m,552.331597Mi
2026-09-27T12:25:00+00:00,payments-service,1,445m,546.670431Mi
2026-09-27T12:25:00+00:00,products-service,2,633m,541.517937Mi
2026-09-27T12:30:00+00:00,orders-service,1,678m,552.331597Mi
2026-09-27T12:30:00+00:00,payments-service,1,445m,546.670431Mi
2026-09-27T12:30:00+00:00,products-service,2,633m,541.517937Mi
2026-09-27T12:35:00+00:00,orders-service,1,678m,552.331597Mi
2026-09-27T12:35:00+00:00,payments-service,1,440m,542.393881Mi
2026-09-27T12:35:00+00:00,products-service,2,633m,541.517937Mi
2026-09-27T12:40:00+00:00,orders-service,1,647m,550.967685Mi
2026-09-27T12:40:00+00:00,payments-service,1,440m,542.393881Mi
2026-09-27T12:40:00+00:00,products-service,2,601m,539.219125Mi
2026-09-27T12:45:00+00:00,orders-service,1,647m,550.967685Mi
2026-09-27T12:45:00+00:00,payments-service,1,440m,542.393881Mi
2026-09-27T12:45:00+00:00,products-service,2,601m,539.219125Mi
2026-09-27T12:50:00+00:00,orders-service,1,647m,550.967685Mi
2026-09-27T12:50:00+00:00,payments-service,1,440m,542.393881Mi
2026-09-27T12:50:00+00:00,products-service,2,601m,539.219125Mi
2026-09-27T12:55:00+00:00,orders-service,1,647m,550.967685Mi
2026-09-27T12:55:00+00:00,payments-service,1,440m,542.393881Mi
2026-09-27T12:55:00+00:00,products-service,2,611m,529.052225Mi
2026-09-27T13:00:00+00:00,orders-service,1,647m,550.967685Mi
2026-09-27T13:00:00+00:00,payments-service,1,440m,542.393881Mi
2026-09-27T13:00:00+00:00,products-service,2,611m,529.052225Mi
2026-09-27T13:05:00+00:00,orders-service,1,647m,550.967685Mi
2026-09-27T13:05:00+00:00,payments-service,1,440m,542.393881Mi
2026-09-27T13:05:00+00:00,products-service,2,611m,529.052225Mi
2026-09-27T13:10:00+00:00,orders-service,1,627m,549.024037Mi
2026-09-27T13:10:00+00:00,payments-service,1,424m,537.032577Mi
2026-09-27T13:10:00+00:00,products-service,2,571m,530.609367Mi
2026-09-27T13:15:00+00:00,orders-service,1,627m,549.024037Mi
2026-09-27T13:15:00+00:00,payments-service,1,424m,537.032577Mi
2026-09-27T13:15:00+00:00,products-service,2,571m,530.609367Mi
2026-09-27T13:20:00+00:00,orders-service,1,627m,549.024037Mi
2026-09-27T13:20:00+00:00,payments-service,1,424m,537.032577Mi
2026-09-27T13:20:00+00:00,products-service,2,571m,530.609367Mi
2026-09-27T13:25:00+00:00,orders-service,1,627m,549.024037Mi
2026-09-27T13:25:00+00:00,payments-service,1,424m,537.032577Mi
2026-09-27T13:25:00+00:00,products-service,2,571m,530.609367Mi
2026-09-27T13:30:00+00:00,orders-service,1,627m,549.024037Mi
2026-09-27T13:30:00+00:00,payments-service,1,424m,537.032577Mi
2026-09-27T13:30:00+00:00,products-service,2,571m,530.609367Mi
2026-09-27T13:35:00+00:00,orders-service,1,604m,548.364388Mi
2026-09-27T13:35:00+00:00,payments-service,1,420m,536.214655Mi
2026-09-27T13:35:00+00:00,products-service,2,571m,530.609367Mi
2026-09-27T13:40:00+00:00,orders-service,1,604m,548.364388Mi
2026-09-27T13:40:00+00:00,payments-service,1,420m,536.214655Mi
2026-09-27T13:40:00+00:00,products-service,2,557m,528.502194Mi
2026-09-27T13:45:00+00:00,orders-service,1,604m,548.364388Mi
2026-09-27T13:45:00+00:00,payments-service,1,420m,536.214655Mi
2026-09-27T13:45:00+00:00,products-service,2,557m,528.502194Mi
2026-09-27T13:50:00+00:00,orders-service,1,604m,548.364388Mi
2026-09-27T13:50:00+00:00,payments-service,1,420m,536.214655Mi
2026-09-27T13:50:00+00:00,products-service,2,557m,528.502194Mi
2026-09-27T13:55:00+00:00,orders-service,1,604m,548.364388Mi
2026-09-27T13:55:00+00:00,payments-service,1,420m,536.214655Mi
2026-09-27T13:55:00+00:00,products-service,2,557m,528.502194Mi
2026-09-27T14:00:00+00:00,orders-service,1,602m,544.858646Mi
2026-09-27T14:00:00+00:00,payments-service,1,418m,541.495823Mi
2026-09-27T14:00:00+00:00,products-service,2,557m,528.502194Mi
2026-09-27T14:05:00+00:00,orders-service,1,602m,544.858646Mi
2026-09-27T14:05:00+00:00,payments-service,1,418m,541.495823Mi
2026-09-27T14:05:00+00:00,products-service,2,525m,531.841234Mi
2026-09-27T14:10:00+00:00,orders-service,1,602m,544.858646Mi
2026-09-27T14:10:00+00:00,payments-service,1,418m,541.495823Mi
2026-09-27T14:10:00+00:00,products-service,2,525m,531.841234Mi
2026-09-27T14:15:00+00:00,orders-service,1,592m,545.949989Mi
2026-09-27T14:15:00+00:00,payments-service,1,418m,541.495823Mi
2026-09-27T14:15:00+00:00,products-service,2,525m,531.841234Mi
2026-09-27T14:20:00+00:00,orders-service,1,592m,545.949989Mi
2026-09-27T14:20:00+00:00,payments-service,1,418m,541.495823Mi
2026-09-27T14:20:00+00:00,products-service,2,525m,531.841234Mi
2026-09-27T14:25:00+00:00,orders-service,1,592m,545.949989Mi
2026-09-27T14:25:00+00:00,payments-service,1,414m,537.789088Mi
2026-09-27T14:25:00+00:00,products-service,2,524m,529.203608Mi
2026-09-27T14:30:00+00:00,orders-service,1,592m,545.949989Mi
2026-09-27T14:30:00+00:00,payments-service,1,414m,537.789088Mi
2026-09-27T14:30:00+00:00,products-service,2,524m,529.203608Mi
2026-09-27T14:35:00+00:00,orders-service,1,543m,538.85126Mi
2026-09-27T14:35:00+00:00,payments-service,1,414m,537.789088Mi
2026-09-27T14:35:00+00:00,products-service,2,524m,529.203608Mi
2026-09-27T14:40:00+00:00,orders-service,1,543m,538.85126Mi
2026-09-27T14:40:00+00:00,payments-service,1,414m,537.789088Mi
2026-09-27T14:40:00+00:00,products-service,2,524m,529.203608Mi
2026-09-27T14:45:00+00:00,orders-service,1,543m,538.85126Mi
2026-09-27T14:45:00+00:00,payments-service,1,414m,537.789088Mi
2026-09-27T14:45:00+00:00,products-service,2,524m,529.203608Mi
2026-09-27T14:50:00+00:00,orders-service,1,543m,538.85126Mi
2026-09-27T14:50:00+00:00,payments-service,1,414m,537.789088Mi
2026-09-27T14:50:00+00:00,products-service,2,522m,535.704551Mi
2026-09-27T14:55:00+00:00,orders-service,1,543m,538.85126Mi
2026-09-27T14:55:00+00:00,payments-service,1,413m,540.370164Mi
2026-09-27T14:55:00+00:00,products-service,2,522m,535.704551Mi
2026-09-27T15:00:00+00:00,orders-service,1,543m,538.85126Mi
2026-09-27T15:00:00+00:00,payments-service,1,413m,540.370164Mi
2026-09-27T15:00:00+00:00,products-service,2,522m,535.704551Mi
2026-09-27T15:05:00+00:00,orders-service,1,548m,539.015284Mi
2026-09-27T15:05:00+00:00,payments-service,1,413m,540.370164Mi
2026-09-27T15:05:00+00:00,products-service,2,519m,546.339633Mi
2026-09-27T15:10:00+00:00,orders-service,1,548m,539.015284Mi
2026-09-27T15:10:00+00:00,payments-service,1,413m,540.370164Mi
2026-09-27T15:10:00+00:00,products-service,2,519m,546.339633Mi
2026-09-27T15:15:00+00:00,orders-service,1,548m,539.015284Mi
2026-09-27T15:15:00+00:00,payments-service,1,413m,540.370164Mi
2026-09-27T15:15:00+00:00,products-service,2,519m,546.339633Mi
2026-09-27T15:20:00+00:00,orders-service,1,533m,538.86384Mi
2026-09-27T15:20:00+00:00,payments-service,1,413m,540.370164Mi
2026-09-27T15:20:00+00:00,products-service,2,505m,544.339442Mi
2026-09-27T15:25:00+00:00,orders-service,1,533m,538.86384Mi
2026-09-27T15:25:00+00:00,payments-service,1,405m,529.58006Mi
2026-09-27T15:25:00+00:00,products-service,2,505m,544.339442Mi
2026-09-27T15:30:00+00:00,orders-service,1,533m,538.86384Mi
2026-09-27T15:30:00+00:00,payments-service,1,405m,529.58006Mi
2026-09-27T15:30:00+00:00,products-service,2,505m,544.339442Mi
2026-09-27T15:35:00+00:00,orders-service,1,533m,538.86384Mi
2026-09-27T15:35:00+00:00,payments-service,1,405m,529.58006Mi
2026-09-27T15:35:00+00:00,products-service,2,483m,541.202537Mi
2026-09-27T15:40:00+00:00,orders-service,1,488m,539.192875Mi
2026-09-27T15:40:00+00:00,payments-service,1,405m,529.58006Mi
2026-09-27T15:40:00+00:00,products-service,2,483m,541.202537Mi
2026-09-27T15:45:00+00:00,orders-service,1,488m,539.192875Mi
2026-09-27T15:45:00+00:00,payments-service,1,405m,529.58006Mi
2026-09-27T15:45:00+00:00,products-service,2,483m,541.202537Mi
2026-09-27T15:50:00+00:00,orders-service,1,488m,539.192875Mi
2026-09-27T15:50:00+00:00,payments-service,1,405m,529.58006Mi
2026-09-27T15:50:00+00:00,products-service,2,483m,541.202537Mi
2026-09-27T15:55:00+00:00,orders-service,1,488m,539.192875Mi
2026-09-27T15:55:00+00:00,payments-service,1,405m,529.58006Mi
2026-09-27T15:55:00+00:00,products-service,2,474m,539.017014Mi
2026-09-27T16:00:00+00:00,orders-service,1,464m,537.455641Mi
2026-09-27T16:00:00+00:00,payments-service,1,402m,535.78482Mi
2026-09-27T16:00:00+00:00,products-service,2,474m,539.017014Mi
2026-09-27T16:05:00+00:00,orders-service,1,464m,537.455641Mi
2026-09-27T16:05:00+00:00,payments-service,1,402m,535.78482Mi
2026-09-27T16:05:00+00:00,products-service,2,474m,539.017014Mi
2026-09-27T16:10:00+00:00,orders-service,1,464m,537.455641Mi
2026-09-27T16:10:00+00:00,payments-service,1,402m,535.78482Mi
2026-09-27T16:10:00+00:00,products-service,2,466m,530.110773Mi
2026-09-27T16:15:00+00:00,orders-service,1,459m,536.564715Mi
2026-09-27T16:15:00+00:00,payments-service,1,402m,535.78482Mi
2026-09-27T16:15:00+00:00,products-service,2,466m,530.110773Mi
2026-09-27T16:20:00+00:00,orders-service,1,459m,536.564715Mi
2026-09-27T16:20:00+00:00,payments-service,1,401m,535.858117Mi
2026-09-27T16:20:00+00:00,products-service,2,466m,530.110773Mi
2026-09-27T16:25:00+00:00,orders-service,1,459m,536.564715Mi
2026-09-27T16:25:00+00:00,payments-service,1,401m,535.858117Mi
2026-09-27T16:25:00+00:00,products-service,2,444m,521.967673Mi
2026-09-27T16:30:00+00:00,orders-service,1,438m,535.871394Mi
2026-09-27T16:30:00+00:00,payments-service,1,401m,535.858117Mi
2026-09-27T16:30:00+00:00,products-service,2,444m,521.967673Mi
2026-09-27T16:35:00+00:00,orders-service,1,438m,535.871394Mi
2026-09-27T16:35:00+00:00,payments-service,1,400m,532.446372Mi
2026-09-27T16:35:00+00:00,products-service,2,444m,521.967673Mi
2026-09-27T16:40:00+00:00,orders-service,1,438m,535.871394Mi
2026-09-27T16:40:00+00:00,payments-service,1,400m,532.446372Mi
2026-09-27T16:40:00+00:00,products-service,2,420m,515.987069Mi
2026-09-27T16:45:00+00:00,orders-service,1,434m,533.638243Mi
2026-09-27T16:45:00+00:00,payments-service,1,400m,532.446372Mi
2026-09-27T16:45:00+00:00,products-service,2,420m,515.987069Mi
2026-09-27T16:50:00+00:00,orders-service,1,434m,533.638243Mi
2026-09-27T16:50:00+00:00,payments-service,1,400m,529.996884Mi
2026-09-27T16:50:00+00:00,products-service,2,420m,515.987069Mi
2026-09-27T16:55:00+00:00,orders-service,1,434m,533.638243Mi
2026-09-27T16:55:00+00:00,payments-service,1,400m,529.996884Mi
2026-09-27T16:55:00+00:00,products-service,2,427m,513.930496Mi
2026-09-27T17:00:00+00:00,orders-service,1,434m,533.638243Mi
2026-09-27T17:00:00+00:00,payments-service,1,400m,529.996884Mi
2026-09-27T17:00:00+00:00,products-service,2,427m,513.930496Mi
2026-09-27T17:05:00+00:00,orders-service,1,421m,535.510571Mi
2026-09-27T17:05:00+00:00,payments-service,1,400m,529.470824Mi
2026-09-27T17:05:00+00:00,products-service,2,427m,513.930496Mi
2026-09-27T17:10:00+00:00,orders-service,1,421m,535.510571Mi
2026-09-27T17:10:00+00:00,payments-service,1,400m,529.470824Mi
2026-09-27T17:10:00+00:00,products-service,2,420m,512.772198Mi
2026-09-27T17:15:00+00:00,orders-service,1,421m,535.510571Mi
2026-09-27T17:15:00+00:00,payments-service,1,400m,529.470824Mi
2026-09-27T17:15:00+00:00,products-service,2,420m,512.772198Mi
2026-09-27T17:20:00+00:00,orders-service,1,414m,535.074956Mi
2026-09-27T17:20:00+00:00,payments-service,1,400m,523.602111Mi
2026-09-27T17:20:00+00:00,products-service,2,420m,512.772198Mi
2026-09-27T17:25:00+00:00,orders-service,1,414m,535.074956Mi
2026-09-27T17:25:00+00:00,payments-service,1,400m,523.602111Mi
2026-09-27T17:25:00+00:00,products-service,2,408m,512.308879Mi
2026-09-27T17:30:00+00:00,orders-service,1,414m,535.074956Mi
2026-09-27T17:30:00+00:00,payments-service,1,400m,523.602111Mi
2026-09-27T17:30:00+00:00,products-service,2,408m,512.308879Mi
2026-09-27T17:35:00+00:00,orders-service,1,413m,536.058779Mi
2026-09-27T17:35:00+00:00,payments-service,1,400m,525.755871Mi
2026-09-27T17:35:00+00:00,products-service,2,408m,512.308879Mi
2026-09-27T17:40:00+00:00,orders-service,1,413m,536.058779Mi
2026-09-27T17:40:00+00:00,payments-service,1,400m,525.755871Mi
2026-09-27T17:40:00+00:00,products-service,2,403m,512.123552Mi
2026-09-27T17:45:00+00:00,orders-service,1,413m,536.058779Mi
2026-09-27T17:45:00+00:00,payments-service,1,400m,525.755871Mi
2026-09-27T17:45:00+00:00,products-service,2,403m,512.123552Mi
2026-09-27T17:50:00+00:00,orders-service,1,413m,536.058779Mi
2026-09-27T17:50:00+00:00,payments-service,1,400m,525.755871Mi
2026-09-27T17:50:00+00:00,products-service,2,403m,512.123552Mi
2026-09-27T17:55:00+00:00,orders-service,1,421m,534.613416Mi
2026-09-27T17:55:00+00:00,payments-service,1,400m,525.755871Mi
2026-09-27T17:55:00+00:00,products-service,2,408m,512.049421Mi
2026-09-27T18:00:00+00:00,orders-service,1,421m,534.613416Mi
2026-09-27T18:00:00+00:00,payments-service,1,400m,525.755871Mi
2026-09-27T18:00:00+00:00,products-service,2,408m,512.049421Mi
2026-09-27T18:05:00+00:00,orders-service,1,421m,534.613416Mi
2026-09-27T18:05:00+00:00,payments-service,1,400m,527.826934Mi
2026-09-27T18:05:00+00:00,products-service,2,408m,512.049421Mi
2026-09-27T18:10:00+00:00,orders-service,1,413m,537.559063Mi
2026-09-27T18:10:00+00:00,payments-service,1,400m,527.826934Mi
2026-09-27T18:10:00+00:00,products-service,2,404m,512.019768Mi
2026-09-27T18:15:00+00:00,orders-service,1,413m,537.559063Mi
2026-09-27T18:15:00+00:00,payments-service,1,400m,527.826934Mi
2026-09-27T18:15:00+00:00,products-service,2,404m,512.019768Mi
2026-09-27T18:20:00+00:00,orders-service,1,413m,537.559063Mi
2026-09-27T18:20:00+00:00,payments-service,1,400m,520.930505Mi
2026-09-27T18:20:00+00:00,products-service,2,404m,512.019768Mi
2026-09-27T18:25:00+00:00,orders-service,1,405m,539.820354Mi
2026-09-27T18:25:00+00:00,payments-service,1,400m,520.930505Mi
2026-09-27T18:25:00+00:00,products-service,2,404m,512.019768Mi
2026-09-27T18:30:00+00:00,orders-service,1,405m,539.820354Mi
2026-09-27T18:30:00+00:00,payments-service,1,400m,520.930505Mi
2026-09-27T18:30:00+00:00,products-service,2,403m,512.007907Mi
2026-09-27T18:35:00+00:00,orders-service,1,405m,539.820354Mi
2026-09-27T18:35:00+00:00,payments-service,1,400m,527.362693Mi
2026-09-27T18:35:00+00:00,products-service,2,403m,512.007907Mi
2026-09-27T18:40:00+00:00,orders-service,1,403m,538.933513Mi
2026-09-27T18:40:00+00:00,payments-service,1,400m,527.362693Mi
2026-09-27T18:40:00+00:00,products-service,2,403m,512.007907Mi
2026-09-27T18:45:00+00:00,orders-service,1,403m,538.933513Mi
2026-09-27T18:45:00+00:00,payments-service,1,400m,527.362693Mi
2026-09-27T18:45:00+00:00,products-service,2,403m,512.007907Mi
2026-09-27T18:50:00+00:00,orders-service,1,403m,538.933513Mi
2026-09-27T18:50:00+00:00,payments-service,1,400m,520.443014Mi
2026-09-27T18:50:00+00:00,products-service,2,403m,512.007907Mi
2026-09-27T18:55:00+00:00,orders-service,1,403m,538.933513Mi
2026-09-27T18:55:00+00:00,payments-service,1,400m,520.443014Mi
2026-09-27T18:55:00+00:00,products-service,2,401m,512.003163Mi
2026-09-27T19:00:00+00:00,orders-service,1,403m,538.933513Mi
2026-09-27T19:00:00+00:00,payments-service,1,400m,520.443014Mi
2026-09-27T19:00:00+00:00,products-service,2,401m,512.003163Mi
2026-09-27T19:05:00+00:00,orders-service,1,403m,538.933513Mi
2026-09-27T19:05:00+00:00,payments-service,1,400m,526.237923Mi
2026-09-27T19:05:00+00:00,products-service,2,401m,512.003163Mi
2026-09-27T19:10:00+00:00,orders-service,1,403m,538.933513Mi
2026-09-27T19:10:00+00:00,payments-service,1,400m,526.237923Mi
2026-09-27T19:10:00+00:00,products-service,2,400m,512.001265Mi
2026-09-27T19:15:00+00:00,orders-service,1,403m,538.933513Mi
2026-09-27T19:15:00+00:00,payments-service,1,400m,526.237923Mi
2026-09-27T19:15:00+00:00,products-service,2,400m,512.001265Mi
2026-09-27T19:20:00+00:00,orders-service,1,401m,541.806193Mi
2026-09-27T19:20:00+00:00,payments-service,1,400m,527.50358Mi
2026-09-27T19:20:00+00:00,products-service,2,400m,512.001265Mi
2026-09-27T19:25:00+00:00,orders-service,1,401m,541.806193Mi
2026-09-27T19:25:00+00:00,payments-service,1,400m,527.50358Mi
2026-09-27T19:25:00+00:00,products-service,2,400m,512.000506Mi
2026-09-27T19:30:00+00:00,orders-service,1,401m,541.806193Mi
2026-09-27T19:30:00+00:00,payments-service,1,400m,527.50358Mi
2026-09-27T19:30:00+00:00,products-service,2,400m,512.000506Mi
2026-09-27T19:35:00+00:00,orders-service,1,401m,541.806193Mi
2026-09-27T19:35:00+00:00,payments-service,1,400m,524.732804Mi
2026-09-27T19:35:00+00:00,products-service,2,400m,512.000506Mi
2026-09-27T19:40:00+00:00,orders-service,1,401m,541.806193Mi
2026-09-27T19:40:00+00:00,payments-service,1,400m,524.732804Mi
2026-09-27T19:40:00+00:00,products-service,2,400m,512.000506Mi
2026-09-27T19:45:00+00:00,orders-service,1,405m,542.328642Mi
2026-09-27T19:45:00+00:00,payments-service,1,400m,524.732804Mi
2026-09-27T19:45:00+00:00,products-service,2,400m,512.000506Mi
2026-09-27T19:50:00+00:00,orders-service,1,405m,542.328642Mi
2026-09-27T19:50:00+00:00,payments-service,1,400m,528.483307Mi
2026-09-27T19:50:00+00:00,products-service,2,400m,512.000506Mi
2026-09-27T19:55:00+00:00,orders-service,1,405m,542.328642Mi
2026-09-27T19:55:00+00:00,payments-service,1,400m,528.483307Mi
2026-09-27T19:55:00+00:00,products-service,2,400m,512.000506Mi
2026-09-27T20:00:00+00:00,orders-service,1,405m,542.328642Mi
2026-09-27T20:00:00+00:00,payments-service,1,400m,528.483307Mi
2026-09-27T20:00:00+00:00,products-service,2,400m,512.000506Mi
2026-09-27T20:05:00+00:00,orders-service,1,402m,541.334692Mi
2026-09-27T20:05:00+00:00,payments-service,1,400m,528.483307Mi
2026-09-27T20:05:00+00:00,products-service,2,400m,512.216084Mi
2026-09-27T20:10:00+00:00,orders-service,1,402m,541.334692Mi
2026-09-27T20:10:00+00:00,payments-service,1,400m,522.959216Mi
2026-09-27T20:10:00+00:00,products-service,2,400m,512.216084Mi
2026-09-27T20:15:00+00:00,orders-service,1,402m,541.334692Mi
2026-09-27T20:15:00+00:00,payments-service,1,400m,522.959216Mi
2026-09-27T20:15:00+00:00,products-service,2,400m,512.216084Mi
2026-09-27T20:20:00+00:00,orders-service,1,402m,541.334692Mi
2026-09-27T20:20:00+00:00,payments-service,1,400m,522.959216Mi
2026-09-27T20:20:00+00:00,products-service,2,400m,512.216084Mi
2026-09-27T20:25:00+00:00,orders-service,1,402m,541.334692Mi
2026-09-27T20:25:00+00:00,payments-service,1,400m,522.959216Mi
2026-09-27T20:25:00+00:00,products-service,2,400m,512.086434Mi
2026-09-27T20:30:00+00:00,orders-service,1,402m,541.334692Mi
2026-09-27T20:30:00+00:00,payments-service,1,400m,522.959216Mi
2026-09-27T20:30:00+00:00,products-service,2,400m,512.086434Mi
2026-09-27T20:35:00+00:00,orders-service,1,402m,541.334692Mi
2026-09-27T20:35:00+00:00,payments-service,1,400m,522.959216Mi
2026-09-27T20:35:00+00:00,products-service,2,400m,512.086434Mi
2026-09-27T20:40:00+00:00,orders-service,1,401m,541.155557Mi
2026-09-27T20:40:00+00:00,payments-service,1,400m,525.798127Mi
2026-09-27T20:40:00+00:00,products-service,2,400m,512.086434Mi
2026-09-27T20:45:00+00:00,orders-service,1,401m,541.155557Mi
2026-09-27T20:45:00+00:00,payments-service,1,400m,525.798127Mi
2026-09-27T20:45:00+00:00,products-service,2,400m,512.086434Mi
2026-09-27T20:50:00+00:00,orders-service,1,401m,541.155557Mi
2026-09-27T20:50:00+00:00,payments-service,1,400m,525.798127Mi
2026-09-27T20:50:00+00:00,products-service,2,400m,512.034574Mi
2026-09-27T20:55:00+00:00,orders-service,1,401m,541.155557Mi
2026-09-27T20:55:00+00:00,payments-service,1,400m,529.172888Mi
2026-09-27T20:55:00+00:00,products-service,2,400m,512.034574Mi
2026-09-27T21:00:00+00:00,orders-service,1,401m,541.155557Mi
2026-09-27T21:00:00+00:00,payments-service,1,400m,529.172888Mi
2026-09-27T21:00:00+00:00,products-service,2,400m,512.034574Mi
2026-09-27T21:05:00+00:00,orders-service,1,401m,541.155557Mi
2026-09-27T21:05:00+00:00,payments-service,1,400m,529.172888Mi
2026-09-27T21:05:00+00:00,products-service,2,400m,512.01383Mi
2026-09-27T21:10:00+00:00,orders-service,1,401m,541.155557Mi
2026-09-27T21:10:00+00:00,payments-service,1,400m,529.172888Mi
2026-09-27T21:10:00+00:00,products-service,2,400m,512.01383Mi
2026-09-27T21:15:00+00:00,orders-service,1,401m,541.155557Mi
2026-09-27T21:15:00+00:00,payments-service,1,400m,527.360928Mi
2026-09-27T21:15:00+00:00,products-service,2,400m,512.01383Mi
2026-09-27T21:20:00+00:00,orders-service,1,401m,541.155557Mi
2026-09-27T21:20:00+00:00,payments-service,1,400m,527.360928Mi
2026-09-27T21:20:00+00:00,products-service,2,400m,512.01383Mi
2026-09-27T21:25:00+00:00,orders-service,1,401m,541.155557Mi
2026-09-27T21:25:00+00:00,payments-service,1,400m,527.360928Mi
2026-09-27T21:25:00+00:00,products-service,2,400m,512.005532Mi
2026-09-27T21:30:00+00:00,orders-service,1,404m,540.122196Mi
2026-09-27T21:30:00+00:00,payments-service,1,400m,527.360928Mi
2026-09-27T21:30:00+00:00,products-service,2,400m,512.005532Mi
2026-09-27T21:35:00+00:00,orders-service,1,404m,540.122196Mi
2026-09-27T21:35:00+00:00,payments-service,1,400m,532.313365Mi
2026-09-27T21:35:00+00:00,products-service,2,400m,512.005532Mi
2026-09-27T21:40:00+00:00,orders-service,1,404m,540.122196Mi
2026-09-27T21:40:00+00:00,payments-service,1,400m,532.313365Mi
2026-09-27T21:40:00+00:00,products-service,2,402m,512.002213Mi
2026-09-27T21:45:00+00:00,orders-service,1,404m,540.122196Mi
2026-09-27T21:45:00+00:00,payments-service,1,400m,532.313365Mi
2026-09-27T21:45:00+00:00,products-service,2,402m,512.002213Mi
2026-09-27T21:50:00+00:00,orders-service,1,404m,540.122196Mi
2026-09-27T21:50:00+00:00,payments-service,1,400m,528.601445Mi
2026-09-27T21:50:00+00:00,products-service,2,402m,512.002213Mi
2026-09-27T21:55:00+00:00,orders-service,1,404m,540.122196Mi
2026-09-27T21:55:00+00:00,payments-service,1,400m,528.601445Mi
2026-09-27T21:55:00+00:00,products-service,2,402m,512.002213Mi
2026-09-27T22:00:00+00:00,orders-service,1,404m,540.122196Mi
2026-09-27T22:00:00+00:00,payments-service,1,400m,528.601445Mi
2026-09-27T22:00:00+00:00,products-service,2,402m,512.002213Mi
2026-09-27T22:05:00+00:00,orders-service,1,414m,536.814101Mi
2026-09-27T22:05:00+00:00,payments-service,1,400m,527.105874Mi
2026-09-27T22:05:00+00:00,products-service,2,402m,512.002213Mi
2026-09-27T22:10:00+00:00,orders-service,1,414m,536.814101Mi
2026-09-27T22:10:00+00:00,payments-service,1,400m,527.105874Mi
2026-09-27T22:10:00+00:00,products-service,2,402m,512.002213Mi
2026-09-27T22:15:00+00:00,orders-service,1,414m,536.814101Mi
2026-09-27T22:15:00+00:00,payments-service,1,400m,527.105874Mi
2026-09-27T22:15:00+00:00,products-service,2,402m,512.002213Mi
2026-09-27T22:20:00+00:00,orders-service,1,414m,536.814101Mi
2026-09-27T22:20:00+00:00,payments-service,1,400m,527.105874Mi
2026-09-27T22:20:00+00:00,products-service,2,402m,512.002213Mi
2026-09-27T22:25:00+00:00,orders-service,1,414m,536.814101Mi
2026-09-27T22:25:00+00:00,payments-service,1,400m,527.105874Mi
2026-09-27T22:25:00+00:00,products-service,2,419m,512.245807Mi
2026-09-27T22:30:00+00:00,orders-service,1,414m,536.814101Mi
2026-09-27T22:30:00+00:00,payments-service,1,400m,527.105874Mi
2026-09-27T22:30:00+00:00,products-service,2,419m,512.245807Mi
2026-09-27T22:35:00+00:00,orders-service,1,414m,536.814101Mi
2026-09-27T22:35:00+00:00,payments-service,1,400m,527.105874Mi
2026-09-27T22:35:00+00:00,products-service,2,419m,512.245807Mi
2026-09-27T22:40:00+00:00,orders-service,1,427m,539.595721Mi
2026-09-27T22:40:00+00:00,payments-service,1,400m,527.105874Mi
2026-09-27T22:40:00+00:00,products-service,2,419m,512.245807Mi
2026-09-27T22:45:00+00:00,orders-service,1,427m,539.595721Mi
2026-09-27T22:45:00+00:00,payments-service,1,400m,528.057487Mi
2026-09-27T22:45:00+00:00,products-service,2,419m,512.245807Mi
2026-09-27T22:50:00+00:00,orders-service,1,427m,539.595721Mi
2026-09-27T22:50:00+00:00,payments-service,1,400m,528.057487Mi
2026-09-27T22:50:00+00:00,products-service,2,423m,512.098323Mi
2026-09-27T22:55:00+00:00,orders-service,1,427m,539.595721Mi
2026-09-27T22:55:00+00:00,payments-service,1,400m,528.057487Mi
2026-09-27T22:55:00+00:00,products-service,2,423m,512.098323Mi
2026-09-27T23:00:00+00:00,orders-service,1,427m,539.595721Mi
2026-09-27T23:00:00+00:00,payments-service,1,400m,524.021298Mi
2026-09-27T23:00:00+00:00,products-service,2,423m,512.098323Mi
2026-09-27T23:05:00+00:00,orders-service,1,427m,539.595721Mi
2026-09-27T23:05:00+00:00,payments-service,1,400m,524.021298Mi
2026-09-27T23:05:00+00:00,products-service,2,413m,512.039329Mi
2026-09-27T23:10:00+00:00,orders-service,1,427m,539.595721Mi
2026-09-27T23:10:00+00:00,payments-service,1,400m,524.021298Mi
2026-09-27T23:10:00+00:00,products-service,2,413m,512.039329Mi
2026-09-27T23:15:00+00:00,orders-service,1,427m,539.595721Mi
2026-09-27T23:15:00+00:00,payments-service,1,400m,524.021298Mi
2026-09-27T23:15:00+00:00,products-service,2,413m,512.039329Mi
2026-09-27T23:20:00+00:00,orders-service,1,427m,539.595721Mi
2026-09-27T23:20:00+00:00,payments-service,1,400m,530.924669Mi
2026-09-27T23:20:00+00:00,products-service,2,413m,512.039329Mi
2026-09-27T23:25:00+00:00,orders-service,1,427m,539.595721Mi
2026-09-27T23:25:00+00:00,payments-service,1,400m,530.924669Mi
2026-09-27T23:25:00+00:00,products-service,2,432m,514.624948Mi
2026-09-27T23:30:00+00:00,orders-service,1,443m,536.186506Mi
2026-09-27T23:30:00+00:00,payments-service,1,400m,530.924669Mi
2026-09-27T23:30:00+00:00,products-service,2,432m,514.624948Mi
2026-09-27T23:35:00+00:00,orders-service,1,443m,536.186506Mi
2026-09-27T23:35:00+00:00,payments-service,1,400m,530.924669Mi
2026-09-27T23:35:00+00:00,products-service,2,432m,514.624948Mi
2026-09-27T23:40:00+00:00,orders-service,1,443m,536.186506Mi
2026-09-27T23:40:00+00:00,payments-service,1,400m,530.924669Mi
2026-09-27T23:40:00+00:00,products-service,2,432m,514.624948Mi
2026-09-27T23:45:00+00:00,orders-service,1,450m,537.875262Mi
2026-09-27T23:45:00+00:00,payments-service,1,400m,530.924669Mi
2026-09-27T23:45:00+00:00,products-service,2,432m,514.624948Mi
2026-09-27T23:50:00+00:00,orders-service,1,450m,537.875262Mi
2026-09-27T23:50:00+00:00,payments-service,1,400m,530.924669Mi
2026-09-27T23:50:00+00:00,products-service,2,432m,514.624948Mi
2026-09-27T23:55:00+00:00,orders-service,1,450m,537.875262Mi
2026-09-27T23:55:00+00:00,payments-service,1,400m,530.924669Mi
2026-09-27T23:55:00+00:00,products-service,2,432m,514.624948Mi
2026-09-28T00:00:00+00:00,orders-service,1,450m,537.875262Mi
2026-09-28T00:00:00+00:00,payments-service,1,405m,534.507758Mi
2026-09-28T00:00:00+00:00,products-service,2,455m,513.32504Mi
2026-09-28T00:05:00+00:00,orders-service,1,450m,537.875262Mi
2026-09-28T00:05:00+00:00,payments-service,1,405m,534.507758Mi
2026-09-28T00:05:00+00:00,products-service,2,455m,513.32504Mi
2026-09-28T00:10:00+00:00,orders-service,1,450m,537.875262Mi
2026-09-28T00:10:00+00:00,payments-service,1,405m,534.507758Mi
2026-09-28T00:10:00+00:00,products-service,2,455m,513.32504Mi
2026-09-28T00:15:00+00:00,orders-service,1,475m,535.155805Mi
2026-09-28T00:15:00+00:00,payments-service,1,410m,536.899917Mi
2026-09-28T00:15:00+00:00,products-service,2,455m,513.32504Mi
2026-09-28T00:20:00+00:00,orders-service,1,475m,535.155805Mi
2026-09-28T00:20:00+00:00,payments-service,1,410m,536.899917Mi
2026-09-28T00:20:00+00:00,products-service,2,455m,513.32504Mi
2026-09-28T00:25:00+00:00,orders-service,1,475m,535.155805Mi
2026-09-28T00:25:00+00:00,payments-service,1,410m,536.899917Mi
2026-09-28T00:25:00+00:00,products-service,2,481m,516.189635Mi
2026-09-28T00:30:00+00:00,orders-service,1,475m,535.155805Mi
2026-09-28T00:30:00+00:00,payments-service,1,410m,536.899917Mi
2026-09-28T00:30:00+00:00,products-service,2,481m,516.189635Mi
2026-09-28T00:35:00+00:00,orders-service,1,475m,535.155805Mi
2026-09-28T00:35:00+00:00,payments-service,1,410m,536.899917Mi
2026-09-28T00:35:00+00:00,products-service,2,481m,516.189635Mi
2026-09-28T00:40:00+00:00,orders-service,1,527m,539.055303Mi
2026-09-28T00:40:00+00:00,payments-service,1,410m,536.899917Mi
2026-09-28T00:40:00+00:00,products-service,2,481m,516.189635Mi
2026-09-28T00:45:00+00:00,orders-service,1,527m,539.055303Mi
2026-09-28T00:45:00+00:00,payments-service,1,410m,536.899917Mi
2026-09-28T00:45:00+00:00,products-service,2,481m,516.189635Mi
2026-09-28T00:50:00+00:00,orders-service,1,527m,539.055303Mi
2026-09-28T00:50:00+00:00,payments-service,1,409m,533.156464Mi
2026-09-28T00:50:00+00:00,products-service,2,477m,517.829712Mi
2026-09-28T00:55:00+00:00,orders-service,1,527m,539.055303Mi
2026-09-28T00:55:00+00:00,payments-service,1,409m,533.156464Mi
2026-09-28T00:55:00+00:00,products-service,2,477m,517.829712Mi
2026-09-28T01:00:00+00:00,orders-service,1,533m,540.007485Mi
2026-09-28T01:00:00+00:00,payments-service,1,409m,533.156464Mi
2026-09-28T01:00:00+00:00,products-service,2,477m,517.829712Mi
2026-09-28T01:05:00+00:00,orders-service,1,533m,540.007485Mi
2026-09-28T01:05:00+00:00,payments-service,1,417m,538.238025Mi
2026-09-28T01:05:00+00:00,products-service,2,520m,525.024035Mi
2026-09-28T01:10:00+00:00,orders-service,1,533m,540.007485Mi
2026-09-28T01:10:00+00:00,payments-service,1,417m,538.238025Mi
2026-09-28T01:10:00+00:00,products-service,2,520m,525.024035Mi
2026-09-28T01:15:00+00:00,orders-service,1,533m,540.007485Mi
2026-09-28T01:15:00+00:00,payments-service,1,417m,538.238025Mi
2026-09-28T01:15:00+00:00,products-service,2,520m,525.024035Mi
2026-09-28T01:20:00+00:00,orders-service,1,533m,540.007485Mi
2026-09-28T01:20:00+00:00,payments-service,1,417m,538.238025Mi
2026-09-28T01:20:00+00:00,products-service,2,520m,525.024035Mi
2026-09-28T01:25:00+00:00,orders-service,1,551m,546.176615Mi
2026-09-28T01:25:00+00:00,payments-service,1,417m,538.238025Mi
2026-09-28T01:25:00+00:00,products-service,2,520m,525.024035Mi
2026-09-28T01:30:00+00:00,orders-service,1,551m,546.176615Mi
2026-09-28T01:30:00+00:00,payments-service,1,417m,538.238025Mi
2026-09-28T01:30:00+00:00,products-service,2,520m,525.024035Mi
2026-09-28T01:35:00+00:00,orders-service,1,551m,546.176615Mi
2026-09-28T01:35:00+00:00,payments-service,1,417m,538.238025Mi
2026-09-28T01:35:00+00:00,products-service,2,520m,525.024035Mi
2026-09-28T01:40:00+00:00,orders-service,1,551m,546.176615Mi
2026-09-28T01:40:00+00:00,payments-service,1,425m,545.548811Mi
2026-09-28T01:40:00+00:00,products-service,2,535m,526.904755Mi
2026-09-28T01:45:00+00:00,orders-service,1,551m,546.176615Mi
2026-09-28T01:45:00+00:00,payments-service,1,425m,545.548811Mi
2026-09-28T01:45:00+00:00,products-service,2,535m,526.904755Mi
2026-09-28T01:50:00+00:00,orders-service,1,551m,546.176615Mi
2026-09-28T01:50:00+00:00,payments-service,1,425m,545.548811Mi
2026-09-28T01:50:00+00:00,products-service,2,535m,526.904755Mi
2026-09-28T01:55:00+00:00,orders-service,1,551m,546.176615Mi
2026-09-28T01:55:00+00:00,payments-service,1,426m,536.047954Mi
2026-09-28T01:55:00+00:00,products-service,2,546m,528.757764Mi
2026-09-28T02:00:00+00:00,orders-service,1,582m,547.744157Mi
2026-09-28T02:00:00+00:00,payments-service,1,426m,536.047954Mi
2026-09-28T02:00:00+00:00,products-service,2,546m,528.757764Mi
2026-09-28T02:05:00+00:00,orders-service,1,582m,547.744157Mi
2026-09-28T02:05:00+00:00,payments-service,1,426m,536.047954Mi
2026-09-28T02:05:00+00:00,products-service,2,546m,528.757764Mi
2026-09-28T02:10:00+00:00,orders-service,1,582m,547.744157Mi
2026-09-28T02:10:00+00:00,payments-service,1,437m,537.555986Mi
2026-09-28T02:10:00+00:00,products-service,2,546m,528.757764Mi
2026-09-28T02:15:00+00:00,orders-service,1,582m,547.744157Mi
2026-09-28T02:15:00+00:00,payments-service,1,437m,537.555986Mi
2026-09-28T02:15:00+00:00,products-service,2,546m,528.757764Mi
2026-09-28T02:20:00+00:00,orders-service,1,582m,547.744157Mi
2026-09-28T02:20:00+00:00,payments-service,1,437m,537.555986Mi
2026-09-28T02:20:00+00:00,products-service,2,566m,529.643291Mi
2026-09-28T02:25:00+00:00,orders-service,1,595m,549.861688Mi
2026-09-28T02:25:00+00:00,payments-service,1,426m,541.367206Mi
2026-09-28T02:25:00+00:00,products-service,2,566m,529.643291Mi
2026-09-28T02:30:00+00:00,orders-service,1,595m,549.861688Mi
2026-09-28T02:30:00+00:00,payments-service,1,426m,541.367206Mi
2026-09-28T02:30:00+00:00,products-service,2,566m,529.643291Mi
2026-09-28T02:35:00+00:00,orders-service,1,595m,549.861688Mi
2026-09-28T02:35:00+00:00,payments-service,1,426m,541.367206Mi
2026-09-28T02:35:00+00:00,products-service,2,566m,529.643291Mi
2026-09-28T02:40:00+00:00,orders-service,1,595m,549.861688Mi
2026-09-28T02:40:00+00:00,payments-service,1,428m,540.161482Mi
2026-09-28T02:40:00+00:00,products-service,2,582m,531.992985Mi
2026-09-28T02:45:00+00:00,orders-service,1,638m,548.994248Mi
2026-09-28T02:45:00+00:00,payments-service,1,428m,540.161482Mi
2026-09-28T02:45:00+00:00,products-service,2,582m,531.992985Mi
2026-09-28T02:50:00+00:00,orders-service,1,638m,548.994248Mi
2026-09-28T02:50:00+00:00,payments-service,1,428m,540.161482Mi
2026-09-28T02:50:00+00:00,products-service,2,582m,531.992985Mi
2026-09-28T02:55:00+00:00,orders-service,1,638m,548.994248Mi
2026-09-28T02:55:00+00:00,payments-service,1,434m,544.722869Mi
2026-09-28T02:55:00+00:00,products-service,2,582m,531.992985Mi
2026-09-28T03:00:00+00:00,orders-service,1,632m,546.944684Mi
2026-09-28T03:00:00+00:00,payments-service,1,434m,544.722869Mi
2026-09-28T03:00:00+00:00,products-service,2,582m,531.992985Mi
2026-09-28T03:05:00+00:00,orders-service,1,632m,546.944684Mi
2026-09-28T03:05:00+00:00,payments-service,1,434m,544.722869Mi
2026-09-28T03:05:00+00:00,products-service,2,582m,531.992985Mi
2026-09-28T03:10:00+00:00,orders-service,1,632m,546.944684Mi
2026-09-28T03:10:00+00:00,payments-service,1,434m,544.722869Mi
2026-09-28T03:10:00+00:00,products-service,2,582m,531.992985Mi
2026-09-28T03:15:00+00:00,orders-service,1,640m,546.926201Mi
2026-09-28T03:15:00+00:00,payments-service,1,434m,544.722869Mi
2026-09-28T03:15:00+00:00,products-service,2,582m,531.992985Mi
2026-09-28T03:20:00+00:00,orders-service,1,640m,546.926201Mi
2026-09-28T03:20:00+00:00,payments-service,1,434m,544.722869Mi
2026-09-28T03:20:00+00:00,products-service,2,582m,531.992985Mi
2026-09-28T03:25:00+00:00,orders-service,1,640m,546.926201Mi
2026-09-28T03:25:00+00:00,payments-service,1,435m,546.515197Mi
2026-09-28T03:25:00+00:00,products-service,2,611m,533.099306Mi
2026-09-28T03:30:00+00:00,orders-service,1,640m,546.926201Mi
2026-09-28T03:30:00+00:00,payments-service,1,435m,546.515197Mi
2026-09-28T03:30:00+00:00,products-service,2,611m,533.099306Mi
2026-09-28T03:35:00+00:00,orders-service,1,659m,547.550339Mi
2026-09-28T03:35:00+00:00,payments-service,1,435m,546.515197Mi
2026-09-28T03:35:00+00:00,products-service,2,611m,533.099306Mi
2026-09-28T03:40:00+00:00,orders-service,1,659m,547.550339Mi
2026-09-28T03:40:00+00:00,payments-service,1,435m,546.515197Mi
2026-09-28T03:40:00+00:00,products-service,2,611m,533.099306Mi
2026-09-28T03:45:00+00:00,orders-service,1,659m,547.550339Mi
2026-09-28T03:45:00+00:00,payments-service,1,435m,546.515197Mi
2026-09-28T03:45:00+00:00,products-service,2,611m,533.099306Mi
2026-09-28T03:50:00+00:00,orders-service,1,680m,547.739935Mi
2026-09-28T03:50:00+00:00,payments-service,1,440m,547.442187Mi
2026-09-28T03:50:00+00:00,products-service,2,640m,532.829517Mi
2026-09-28T03:55:00+00:00,orders-service,1,680m,547.739935Mi
2026-09-28T03:55:00+00:00,payments-service,1,440m,547.442187Mi
2026-09-28T03:55:00+00:00,products-service,2,640m,532.829517Mi
2026-09-28T04:00:00+00:00,orders-service,1,680m,547.739935Mi
2026-09-28T04:00:00+00:00,payments-service,1,440m,547.442187Mi
2026-09-28T04:00:00+00:00,products-service,2,640m,532.829517Mi
2026-09-28T04:05:00+00:00,orders-service,1,715m,551.607558Mi
2026-09-28T04:05:00+00:00,payments-service,1,440m,547.442187Mi
2026-09-28T04:05:00+00:00,products-service,2,640m,532.829517Mi
2026-09-28T04:10:00+00:00,orders-service,1,715m,551.607558Mi
2026-09-28T04:10:00+00:00,payments-service,1,440m,547.442187Mi
2026-09-28T04:10:00+00:00,products-service,2,640m,532.829517Mi
2026-09-28T04:15:00+00:00,orders-service,1,715m,551.607558Mi
2026-09-28T04:15:00+00:00,payments-service,1,440m,547.442187Mi
2026-09-28T04:15:00+00:00,products-service,2,640m,532.829517Mi
2026-09-28T04:20:00+00:00,orders-service,1,715m,551.607558Mi
2026-09-28T04:20:00+00:00,payments-service,1,440m,547.442187Mi
2026-09-28T04:20:00+00:00,products-service,2,655m,543.880672Mi
2026-09-28T04:25:00+00:00,orders-service,1,749m,553.278753Mi
2026-09-28T04:25:00+00:00,payments-service,1,488m,547.86092Mi
2026-09-28T04:25:00+00:00,products-service,2,655m,543.880672Mi
2026-09-28T04:30:00+00:00,orders-service,1,749m,553.278753Mi
2026-09-28T04:30:00+00:00,payments-service,1,488m,547.86092Mi
2026-09-28T04:30:00+00:00,products-service,2,655m,543.880672Mi
2026-09-28T04:35:00+00:00,orders-service,1,749m,553.278753Mi
2026-09-28T04:35:00+00:00,payments-service,1,488m,547.86092Mi
2026-09-28T04:35:00+00:00,products-service,2,701m,548.499363Mi
2026-09-28T04:40:00+00:00,orders-service,1,780m,554.410964Mi
2026-09-28T04:40:00+00:00,payments-service,1,473m,551.352986Mi
2026-09-28T04:40:00+00:00,products-service,2,701m,548.499363Mi
2026-09-28T04:45:00+00:00,orders-service,1,780m,554.410964Mi
2026-09-28T04:45:00+00:00,payments-service,1,473m,551.352986Mi
2026-09-28T04:45:00+00:00,products-service,2,701m,548.499363Mi
2026-09-28T04:50:00+00:00,orders-service,1,780m,554.410964Mi
2026-09-28T04:50:00+00:00,payments-service,1,473m,551.352986Mi
2026-09-28T04:50:00+00:00,products-service,2,701m,548.499363Mi
2026-09-28T04:55:00+00:00,orders-service,1,795m,558.696319Mi
2026-09-28T04:55:00+00:00,payments-service,1,480m,553.952193Mi
2026-09-28T04:55:00+00:00,products-service,2,701m,548.499363Mi
2026-09-28T05:00:00+00:00,orders-service,1,795m,558.696319Mi
2026-09-28T05:00:00+00:00,payments-service,1,480m,553.952193Mi
2026-09-28T05:00:00+00:00,products-service,2,701m,548.499363Mi
2026-09-28T05:05:00+00:00,orders-service,1,795m,558.696319Mi
2026-09-28T05:05:00+00:00,payments-service,1,480m,553.952193Mi
2026-09-28T05:05:00+00:00,products-service,2,701m,548.499363Mi
2026-09-28T05:10:00+00:00,orders-service,1,766m,553.405835Mi
2026-09-28T05:10:00+00:00,payments-service,1,480m,553.952193Mi
2026-09-28T05:10:00+00:00,products-service,2,701m,548.499363Mi
2026-09-28T05:15:00+00:00,orders-service,1,766m,553.405835Mi
2026-09-28T05:15:00+00:00,payments-service,1,476m,551.845648Mi
2026-09-28T05:15:00+00:00,products-service,2,733m,557.748439Mi
2026-09-28T05:20:00+00:00,orders-service,1,766m,553.405835Mi
2026-09-28T05:20:00+00:00,payments-service,1,476m,551.845648Mi
2026-09-28T05:20:00+00:00,products-service,2,733m,557.748439Mi
2026-09-28T05:25:00+00:00,orders-service,1,766m,553.405835Mi
2026-09-28T05:25:00+00:00,payments-service,1,476m,551.845648Mi
2026-09-28T05:25:00+00:00,products-service,2,733m,557.748439Mi
2026-09-28T05:30:00+00:00,orders-service,1,766m,553.405835Mi
2026-09-28T05:30:00+00:00,payments-service,1,485m,554.64617Mi
2026-09-28T05:30:00+00:00,products-service,2,733m,557.748439Mi
2026-09-28T05:35:00+00:00,orders-service,1,766m,553.405835Mi
2026-09-28T05:35:00+00:00,payments-service,1,485m,554.64617Mi
2026-09-28T05:35:00+00:00,products-service,2,746m,559.793089Mi
2026-09-28T05:40:00+00:00,orders-service,1,819m,557.635051Mi
2026-09-28T05:40:00+00:00,payments-service,1,485m,554.64617Mi
2026-09-28T05:40:00+00:00,products-service,2,746m,559.793089Mi
2026-09-28T05:45:00+00:00,orders-service,1,819m,557.635051Mi
2026-09-28T05:45:00+00:00,payments-service,1,485m,554.64617Mi
2026-09-28T05:45:00+00:00,products-service,2,746m,559.793089Mi
2026-09-28T05:50:00+00:00,orders-service,1,819m,557.635051Mi
2026-09-28T05:50:00+00:00,payments-service,1,485m,554.64617Mi
2026-09-28T05:50:00+00:00,products-service,2,774m,565.326574Mi
2026-09-28T05:55:00+00:00,orders-service,1,819m,557.635051Mi
2026-09-28T05:55:00+00:00,payments-service,1,485m,554.64617Mi
2026-09-28T05:55:00+00:00,products-service,2,774m,565.326574Mi
2026-09-28T06:00:00+00:00,orders-service,1,819m,557.635051Mi
2026-09-28T06:00:00+00:00,payments-service,1,485m,554.64617Mi
2026-09-28T06:00:00+00:00,products-service,2,774m,565.326574Mi
2026-09-28T06:05:00+00:00,orders-service,1,859m,560.682158Mi
2026-09-28T06:05:00+00:00,payments-service,1,485m,554.64617Mi
2026-09-28T06:05:00+00:00,products-service,2,823m,567.448086Mi
2026-09-28T06:10:00+00:00,orders-service,1,859m,560.682158Mi
2026-09-28T06:10:00+00:00,payments-service,1,485m,554.64617Mi
2026-09-28T06:10:00+00:00,products-service,2,823m,567.448086Mi
2026-09-28T06:15:00+00:00,orders-service,1,859m,560.682158Mi
2026-09-28T06:15:00+00:00,payments-service,1,485m,554.64617Mi
2026-09-28T06:15:00+00:00,products-service,2,823m,567.448086Mi
2026-09-28T06:20:00+00:00,orders-service,1,859m,560.682158Mi
2026-09-28T06:20:00+00:00,payments-service,1,485m,554.64617Mi
2026-09-28T06:20:00+00:00,products-service,2,823m,567.448086Mi
2026-09-28T06:25:00+00:00,orders-service,1,859m,560.682158Mi
2026-09-28T06:25:00+00:00,payments-service,1,485m,554.64617Mi
2026-09-28T06:25:00+00:00,products-service,2,818m,557.741686Mi
2026-09-28T06:30:00+00:00,orders-service,1,811m,556.819677Mi
2026-09-28T06:30:00+00:00,payments-service,1,485m,554.64617Mi
2026-09-28T06:30:00+00:00,products-service,2,818m,557.741686Mi
2026-09-28T06:35:00+00:00,orders-service,1,811m,556.819677Mi
2026-09-28T06:35:00+00:00,payments-service,1,485m,554.64617Mi
2026-09-28T06:35:00+00:00,products-service,2,818m,557.741686Mi
2026-09-28T06:40:00+00:00,orders-service,1,811m,556.819677Mi
2026-09-28T06:40:00+00:00,payments-service,1,485m,554.64617Mi
2026-09-28T06:40:00+00:00,products-service,2,818m,557.741686Mi
2026-09-28T06:45:00+00:00,orders-service,1,811m,556.819677Mi
2026-09-28T06:45:00+00:00,payments-service,1,485m,554.64617Mi
2026-09-28T06:45:00+00:00,products-service,2,794m,554.917914Mi
2026-09-28T06:50:00+00:00,orders-service,1,832m,556.992251Mi
2026-09-28T06:50:00+00:00,payments-service,1,506m,555.26943Mi
2026-09-28T06:50:00+00:00,products-service,2,794m,554.917914Mi
2026-09-28T06:55:00+00:00,orders-service,1,832m,556.992251Mi
2026-09-28T06:55:00+00:00,payments-service,1,506m,555.26943Mi
2026-09-28T06:55:00+00:00,products-service,2,794m,554.917914Mi
2026-09-28T07:00:00+00:00,orders-service,1,832m,556.992251Mi
2026-09-28T07:00:00+00:00,payments-service,1,506m,555.26943Mi
2026-09-28T07:00:00+00:00,products-service,2,794m,554.917914Mi
2026-09-28T07:05:00+00:00,orders-service,1,861m,558.98484Mi
2026-09-28T07:05:00+00:00,payments-service,1,506m,555.26943Mi
2026-09-28T07:05:00+00:00,products-service,2,819m,551.972549Mi
2026-09-28T07:10:00+00:00,orders-service,1,861m,558.98484Mi
2026-09-28T07:10:00+00:00,payments-service,1,506m,555.26943Mi
2026-09-28T07:10:00+00:00,products-service,2,819m,551.972549Mi
2026-09-28T07:15:00+00:00,orders-service,1,861m,558.98484Mi
2026-09-28T07:15:00+00:00,payments-service,1,506m,555.26943Mi
2026-09-28T07:15:00+00:00,products-service,2,819m,551.972549Mi
2026-09-28T07:20:00+00:00,orders-service,1,825m,554.116666Mi
2026-09-28T07:20:00+00:00,payments-service,1,481m,554.252889Mi
2026-09-28T07:20:00+00:00,products-service,2,802m,549.071893Mi
2026-09-28T07:25:00+00:00,orders-service,1,825m,554.116666Mi
2026-09-28T07:25:00+00:00,payments-service,1,481m,554.252889Mi
2026-09-28T07:25:00+00:00,products-service,2,802m,549.071893Mi
2026-09-28T07:30:00+00:00,orders-service,1,825m,554.116666Mi
2026-09-28T07:30:00+00:00,payments-service,1,481m,554.252889Mi
2026-09-28T07:30:00+00:00,products-service,2,802m,549.071893Mi
2026-09-28T07:35:00+00:00,orders-service,1,830m,557.261632Mi
2026-09-28T07:35:00+00:00,payments-service,1,481m,554.252889Mi
2026-09-28T07:35:00+00:00,products-service,2,802m,549.071893Mi
2026-09-28T07:40:00+00:00,orders-service,1,830m,557.261632Mi
2026-09-28T07:40:00+00:00,payments-service,1,481m,554.252889Mi
2026-09-28T07:40:00+00:00,products-service,2,802m,549.071893Mi
2026-09-28T07:45:00+00:00,orders-service,1,830m,557.261632Mi
2026-09-28T07:45:00+00:00,payments-service,1,481m,554.252889Mi
2026-09-28T07:45:00+00:00,products-service,2,802m,549.071893Mi
2026-09-28T07:50:00+00:00,orders-service,1,808m,554.874721Mi
2026-09-28T07:50:00+00:00,payments-service,1,481m,554.252889Mi
2026-09-28T07:50:00+00:00,products-service,2,802m,549.071893Mi
2026-09-28T07:55:00+00:00,orders-service,1,808m,554.874721Mi
2026-09-28T07:55:00+00:00,payments-service,1,481m,554.252889Mi
2026-09-28T07:55:00+00:00,products-service,2,802m,549.071893Mi
2026-09-28T08:00:00+00:00,orders-service,1,808m,554.874721Mi
2026-09-28T08:00:00+00:00,payments-service,1,481m,554.252889Mi
2026-09-28T08:00:00+00:00,products-service,2,779m,544.911631Mi
2026-09-28T08:05:00+00:00,orders-service,1,808m,554.874721Mi
2026-09-28T08:05:00+00:00,payments-service,1,481m,554.252889Mi
2026-09-28T08:05:00+00:00,products-service,2,779m,544.911631Mi
2026-09-28T08:10:00+00:00,orders-service,1,808m,554.874721Mi
2026-09-28T08:10:00+00:00,payments-service,1,481m,554.252889Mi
2026-09-28T08:10:00+00:00,products-service,2,779m,544.911631Mi
2026-09-28T08:15:00+00:00,orders-service,1,813m,555.595262Mi
2026-09-28T08:15:00+00:00,payments-service,1,486m,553.11213Mi
2026-09-28T08:15:00+00:00,products-service,2,779m,544.911631Mi
2026-09-28T08:20:00+00:00,orders-service,1,813m,555.595262Mi
2026-09-28T08:20:00+00:00,payments-service,1,486m,553.11213Mi
2026-09-28T08:20:00+00:00,products-service,2,754m,545.722416Mi
2026-09-28T08:25:00+00:00,orders-service,1,813m,555.595262Mi
2026-09-28T08:25:00+00:00,payments-service,1,486m,553.11213Mi
2026-09-28T08:25:00+00:00,products-service,2,754m,545.722416Mi
2026-09-28T08:30:00+00:00,orders-service,1,813m,555.595262Mi
2026-09-28T08:30:00+00:00,payments-service,1,517m,556.733036Mi
2026-09-28T08:30:00+00:00,products-service,2,754m,545.722416Mi
2026-09-28T08:35:00+00:00,orders-service,1,813m,555.595262Mi
2026-09-28T08:35:00+00:00,payments-service,1,517m,556.733036Mi
2026-09-28T08:35:00+00:00,products-service,2,754m,545.722416Mi
2026-09-28T08:40:00+00:00,orders-service,1,813m,555.595262Mi
2026-09-28T08:40:00+00:00,payments-service,1,517m,556.733036Mi
2026-09-28T08:40:00+00:00,products-service,2,754m,545.722416Mi
2026-09-28T08:45:00+00:00,orders-service,1,853m,560.484296Mi
2026-09-28T08:45:00+00:00,payments-service,1,517m,556.733036Mi
2026-09-28T08:45:00+00:00,products-service,2,754m,545.722416Mi
2026-09-28T08:50:00+00:00,orders-service,1,853m,560.484296Mi
2026-09-28T08:50:00+00:00,payments-service,1,517m,556.733036Mi
2026-09-28T08:50:00+00:00,products-service,2,800m,548.788808Mi
2026-09-28T08:55:00+00:00,orders-service,1,853m,560.484296Mi
2026-09-28T08:55:00+00:00,payments-service,1,517m,556.733036Mi
2026-09-28T08:55:00+00:00,products-service,2,800m,548.788808Mi
2026-09-28T09:00:00+00:00,orders-service,1,867m,557.229864Mi
2026-09-28T09:00:00+00:00,payments-service,1,517m,556.733036Mi
2026-09-28T09:00:00+00:00,products-service,2,800m,548.788808Mi
2026-09-28T09:05:00+00:00,orders-service,1,867m,557.229864Mi
2026-09-28T09:05:00+00:00,payments-service,1,517m,556.733036Mi
2026-09-28T09:05:00+00:00,products-service,2,800m,548.788808Mi
2026-09-28T09:10:00+00:00,orders-service,1,867m,557.229864Mi
2026-09-28T09:10:00+00:00,payments-service,1,505m,554.23467Mi
2026-09-28T09:10:00+00:00,products-service,2,800m,548.788808Mi
2026-09-28T09:15:00+00:00,orders-service,1,867m,557.229864Mi
2026-09-28T09:15:00+00:00,payments-service,1,505m,554.23467Mi
2026-09-28T09:15:00+00:00,products-service,2,800m,548.788808Mi
2026-09-28T09:20:00+00:00,orders-service,1,839m,558.428689Mi
2026-09-28T09:20:00+00:00,payments-service,1,505m,554.23467Mi
2026-09-28T09:20:00+00:00,products-service,2,769m,546.91993Mi
2026-09-28T09:25:00+00:00,orders-service,1,839m,558.428689Mi
2026-09-28T09:25:00+00:00,payments-service,1,505m,554.23467Mi
2026-09-28T09:25:00+00:00,products-service,2,769m,546.91993Mi
2026-09-28T09:30:00+00:00,orders-service,1,839m,558.428689Mi
2026-09-28T09:30:00+00:00,payments-service,1,505m,554.23467Mi
2026-09-28T09:30:00+00:00,products-service,2,769m,546.91993Mi
2026-09-28T09:35:00+00:00,orders-service,1,839m,558.428689Mi
2026-09-28T09:35:00+00:00,payments-service,1,505m,554.23467Mi
2026-09-28T09:35:00+00:00,products-service,2,760m,542.585599Mi
2026-09-28T09:40:00+00:00,orders-service,1,839m,558.428689Mi
2026-09-28T09:40:00+00:00,payments-service,1,505m,554.23467Mi
2026-09-28T09:40:00+00:00,products-service,2,760m,542.585599Mi
2026-09-28T09:45:00+00:00,orders-service,1,787m,555.468436Mi
2026-09-28T09:45:00+00:00,payments-service,1,505m,554.23467Mi
2026-09-28T09:45:00+00:00,products-service,2,760m,542.585599Mi
2026-09-28T09:50:00+00:00,orders-service,1,787m,555.468436Mi
2026-09-28T09:50:00+00:00,payments-service,1,505m,554.23467Mi
2026-09-28T09:50:00+00:00,products-service,2,760m,542.585599Mi
2026-09-28T09:55:00+00:00,orders-service,1,787m,555.468436Mi
2026-09-28T09:55:00+00:00,payments-service,1,492m,551.978011Mi
2026-09-28T09:55:00+00:00,products-service,2,760m,542.585599Mi
2026-09-28T10:00:00+00:00,orders-service,1,787m,555.468436Mi
2026-09-28T10:00:00+00:00,payments-service,1,492m,551.978011Mi
2026-09-28T10:00:00+00:00,products-service,2,757m,544.260998Mi
2026-09-28T10:05:00+00:00,orders-service,1,826m,557.674826Mi
2026-09-28T10:05:00+00:00,payments-service,1,492m,551.978011Mi
2026-09-28T10:05:00+00:00,products-service,2,757m,544.260998Mi
2026-09-28T10:10:00+00:00,orders-service,1,826m,557.674826Mi
2026-09-28T10:10:00+00:00,payments-service,1,492m,551.978011Mi
2026-09-28T10:10:00+00:00,products-service,2,757m,544.260998Mi
2026-09-28T10:15:00+00:00,orders-service,1,826m,557.674826Mi
2026-09-28T10:15:00+00:00,payments-service,1,496m,550.321466Mi
2026-09-28T10:15:00+00:00,products-service,2,757m,544.260998Mi
2026-09-28T10:20:00+00:00,orders-service,1,826m,557.674826Mi
2026-09-28T10:20:00+00:00,payments-service,1,496m,550.321466Mi
2026-09-28T10:20:00+00:00,products-service,2,757m,544.260998Mi
2026-09-28T10:25:00+00:00,orders-service,1,826m,557.674826Mi
2026-09-28T10:25:00+00:00,payments-service,1,496m,550.321466Mi
2026-09-28T10:25:00+00:00,products-service,2,764m,546.216777Mi
2026-09-28T10:30:00+00:00,orders-service,1,826m,557.674826Mi
2026-09-28T10:30:00+00:00,payments-service,1,496m,550.321466Mi
2026-09-28T10:30:00+00:00,products-service,2,764m,546.216777Mi
2026-09-28T10:35:00+00:00,orders-service,1,784m,553.282956Mi
2026-09-28T10:35:00+00:00,payments-service,1,471m,546.038816Mi
2026-09-28T10:35:00+00:00,products-service,2,764m,546.216777Mi
2026-09-28T10:40:00+00:00,orders-service,1,784m,553.282956Mi
2026-09-28T10:40:00+00:00,payments-service,1,471m,546.038816Mi
2026-09-28T10:40:00+00:00,products-service,2,745m,544.546794Mi
2026-09-28T10:45:00+00:00,orders-service,1,784m,553.282956Mi
2026-09-28T10:45:00+00:00,payments-service,1,471m,546.038816Mi
2026-09-28T10:45:00+00:00,products-service,2,745m,544.546794Mi
2026-09-28T10:50:00+00:00,orders-service,1,784m,553.282956Mi
2026-09-28T10:50:00+00:00,payments-service,1,471m,546.038816Mi
2026-09-28T10:50:00+00:00,products-service,2,745m,544.546794Mi
2026-09-28T10:55:00+00:00,orders-service,1,784m,553.282956Mi
2026-09-28T10:55:00+00:00,payments-service,1,471m,546.038816Mi
2026-09-28T10:55:00+00:00,products-service,2,726m,544.116325Mi
2026-09-28T11:00:00+00:00,orders-service,1,784m,553.282956Mi
2026-09-28T11:00:00+00:00,payments-service,1,471m,546.038816Mi
2026-09-28T11:00:00+00:00,products-service,2,726m,544.116325Mi
2026-09-28T11:05:00+00:00,orders-service,1,793m,554.686095Mi
2026-09-28T11:05:00+00:00,payments-service,1,473m,545.66422Mi
2026-09-28T11:05:00+00:00,products-service,2,726m,544.116325Mi
2026-09-28T11:10:00+00:00,orders-service,1,793m,554.686095Mi
2026-09-28T11:10:00+00:00,payments-service,1,473m,545.66422Mi
2026-09-28T11:10:00+00:00,products-service,2,726m,544.116325Mi
2026-09-28T11:15:00+00:00,orders-service,1,793m,554.686095Mi
2026-09-28T11:15:00+00:00,payments-service,1,473m,545.66422Mi
2026-09-28T11:15:00+00:00,products-service,2,711m,543.651974Mi
2026-09-28T11:20:00+00:00,orders-service,1,768m,553.685864Mi
2026-09-28T11:20:00+00:00,payments-service,1,475m,543.251052Mi
2026-09-28T11:20:00+00:00,products-service,2,711m,543.651974Mi
2026-09-28T11:25:00+00:00,orders-service,1,768m,553.685864Mi
2026-09-28T11:25:00+00:00,payments-service,1,475m,543.251052Mi
2026-09-28T11:25:00+00:00,products-service,2,711m,543.651974Mi
2026-09-28T11:30:00+00:00,orders-service,1,768m,553.685864Mi
2026-09-28T11:30:00+00:00,payments-service,1,475m,543.251052Mi
2026-09-28T11:30:00+00:00,products-service,2,689m,542.594103Mi
2026-09-28T11:35:00+00:00,orders-service,1,768m,553.685864Mi
2026-09-28T11:35:00+00:00,payments-service,1,475m,543.251052Mi
2026-09-28T11:35:00+00:00,products-service,2,689m,542.594103Mi
2026-09-28T11:40:00+00:00,orders-service,1,768m,553.685864Mi
2026-09-28T11:40:00+00:00,payments-service,1,475m,543.251052Mi
2026-09-28T11:40:00+00:00,products-service,2,689m,542.594103Mi
2026-09-28T11:45:00+00:00,orders-service,1,717m,553.215093Mi
2026-09-28T11:45:00+00:00,payments-service,1,456m,546.727447Mi
2026-09-28T11:45:00+00:00,products-service,2,664m,540.540547Mi
2026-09-28T11:50:00+00:00,orders-service,1,717m,553.215093Mi
2026-09-28T11:50:00+00:00,payments-service,1,456m,546.727447Mi
2026-09-28T11:50:00+00:00,products-service,2,664m,540.540547Mi
2026-09-28T11:55:00+00:00,orders-service,1,717m,553.215093Mi
2026-09-28T11:55:00+00:00,payments-service,1,456m,546.727447Mi
2026-09-28T11:55:00+00:00,products-service,2,664m,540.540547Mi
2026-09-28T12:00:00+00:00,orders-service,1,717m,553.215093Mi
2026-09-28T12:00:00+00:00,payments-service,1,456m,546.727447Mi
2026-09-28T12:00:00+00:00,products-service,2,657m,538.897603Mi
2026-09-28T12:05:00+00:00,orders-service,1,717m,553.215093Mi
2026-09-28T12:05:00+00:00,payments-service,1,456m,546.727447Mi
2026-09-28T12:05:00+00:00,products-service,2,657m,538.897603Mi
2026-09-28T12:10:00+00:00,orders-service,1,717m,553.215093Mi
2026-09-28T12:10:00+00:00,payments-service,1,456m,546.727447Mi
2026-09-28T12:10:00+00:00,products-service,2,657m,538.897603Mi
2026-09-28T12:15:00+00:00,orders-service,1,717m,553.215093Mi
2026-09-28T12:15:00+00:00,payments-service,1,456m,546.727447Mi
2026-09-28T12:15:00+00:00,products-service,2,657m,538.897603Mi
2026-09-28T12:20:00+00:00,orders-service,1,717m,553.215093Mi
2026-09-28T12:20:00+00:00,payments-service,1,457m,544.436633Mi
2026-09-28T12:20:00+00:00,products-service,2,657m,538.897603Mi
2026-09-28T12:25:00+00:00,orders-service,1,665m,544.765871Mi
2026-09-28T12:25:00+00:00,payments-service,1,457m,544.436633Mi
2026-09-28T12:25:00+00:00,products-service,2,605m,531.972066Mi
2026-09-28T12:30:00+00:00,orders-service,1,665m,544.765871Mi
2026-09-28T12:30:00+00:00,payments-service,1,457m,544.436633Mi
2026-09-28T12:30:00+00:00,products-service,2,605m,531.972066Mi
2026-09-28T12:35:00+00:00,orders-service,1,665m,544.765871Mi
2026-09-28T12:35:00+00:00,payments-service,1,449m,543.995942Mi
2026-09-28T12:35:00+00:00,products-service,2,605m,531.972066Mi
2026-09-28T12:40:00+00:00,orders-service,1,665m,544.765871Mi
2026-09-28T12:40:00+00:00,payments-service,1,449m,543.995942Mi
2026-09-28T12:40:00+00:00,products-service,2,605m,531.972066Mi
2026-09-28T12:45:00+00:00,orders-service,1,665m,544.765871Mi
2026-09-28T12:45:00+00:00,payments-service,1,449m,543.995942Mi
2026-09-28T12:45:00+00:00,products-service,2,605m,531.972066Mi
2026-09-28T12:50:00+00:00,orders-service,1,687m,547.979773Mi
2026-09-28T12:50:00+00:00,payments-service,1,449m,543.995942Mi
2026-09-28T12:50:00+00:00,products-service,2,627m,534.149764Mi
2026-09-28T12:55:00+00:00,orders-service,1,687m,547.979773Mi
2026-09-28T12:55:00+00:00,payments-service,1,449m,543.995942Mi
2026-09-28T12:55:00+00:00,products-service,2,627m,534.149764Mi
2026-09-28T13:00:00+00:00,orders-service,1,687m,547.979773Mi
2026-09-28T13:00:00+00:00,payments-service,1,446m,541.622803Mi
2026-09-28T13:00:00+00:00,products-service,2,627m,534.149764Mi
2026-09-28T13:05:00+00:00,orders-service,1,687m,547.979773Mi
2026-09-28T13:05:00+00:00,payments-service,1,446m,541.622803Mi
2026-09-28T13:05:00+00:00,products-service,2,627m,534.149764Mi
2026-09-28T13:10:00+00:00,orders-service,1,653m,547.106192Mi
2026-09-28T13:10:00+00:00,payments-service,1,446m,541.622803Mi
2026-09-28T13:10:00+00:00,products-service,2,589m,531.189837Mi
2026-09-28T13:15:00+00:00,orders-service,1,653m,547.106192Mi
2026-09-28T13:15:00+00:00,payments-service,1,446m,541.622803Mi
2026-09-28T13:15:00+00:00,products-service,2,589m,531.189837Mi
2026-09-28T13:20:00+00:00,orders-service,1,653m,547.106192Mi
2026-09-28T13:20:00+00:00,payments-service,1,446m,541.622803Mi
2026-09-28T13:20:00+00:00,products-service,2,589m,531.189837Mi
2026-09-28T13:25:00+00:00,orders-service,1,653m,547.106192Mi
2026-09-28T13:25:00+00:00,payments-service,1,442m,539.073938Mi
2026-09-28T13:25:00+00:00,products-service,2,589m,531.189837Mi
2026-09-28T13:30:00+00:00,orders-service,1,653m,547.106192Mi
2026-09-28T13:30:00+00:00,payments-service,1,442m,539.073938Mi
2026-09-28T13:30:00+00:00,products-service,2,589m,531.189837Mi
2026-09-28T13:35:00+00:00,orders-service,1,653m,547.106192Mi
2026-09-28T13:35:00+00:00,payments-service,1,442m,539.073938Mi
2026-09-28T13:35:00+00:00,products-service,2,589m,531.189837Mi
2026-09-28T13:40:00+00:00,orders-service,1,653m,547.106192Mi
2026-09-28T13:40:00+00:00,payments-service,1,442m,539.073938Mi
2026-09-28T13:40:00+00:00,products-service,2,589m,531.189837Mi
2026-09-28T13:45:00+00:00,orders-service,1,653m,547.106192Mi
2026-09-28T13:45:00+00:00,payments-service,1,431m,535.519773Mi
2026-09-28T13:45:00+00:00,products-service,2,564m,529.351887Mi
2026-09-28T13:50:00+00:00,orders-service,1,653m,547.106192Mi
2026-09-28T13:50:00+00:00,payments-service,1,431m,535.519773Mi
2026-09-28T13:50:00+00:00,products-service,2,564m,529.351887Mi
2026-09-28T13:55:00+00:00,orders-service,1,622m,538.548873Mi
2026-09-28T13:55:00+00:00,payments-service,1,431m,535.519773Mi
2026-09-28T13:55:00+00:00,products-service,2,564m,529.351887Mi
2026-09-28T14:00:00+00:00,orders-service,1,622m,538.548873Mi
2026-09-28T14:00:00+00:00,payments-service,1,431m,535.519773Mi
2026-09-28T14:00:00+00:00,products-service,2,564m,529.351887Mi
2026-09-28T14:05:00+00:00,orders-service,1,622m,538.548873Mi
2026-09-28T14:05:00+00:00,payments-service,1,431m,535.519773Mi
2026-09-28T14:05:00+00:00,products-service,2,564m,529.351887Mi
2026-09-28T14:10:00+00:00,orders-service,1,588m,541.431439Mi
2026-09-28T14:10:00+00:00,payments-service,1,431m,535.519773Mi
2026-09-28T14:10:00+00:00,products-service,2,564m,529.351887Mi
2026-09-28T14:15:00+00:00,orders-service,1,588m,541.431439Mi
2026-09-28T14:15:00+00:00,payments-service,1,427m,543.223827Mi
2026-09-28T14:15:00+00:00,products-service,2,554m,527.027717Mi
2026-09-28T14:20:00+00:00,orders-service,1,588m,541.431439Mi
2026-09-28T14:20:00+00:00,payments-service,1,427m,543.223827Mi
2026-09-28T14:20:00+00:00,products-service,2,554m,527.027717Mi
2026-09-28T14:25:00+00:00,orders-service,1,594m,543.130852Mi
2026-09-28T14:25:00+00:00,payments-service,1,427m,543.223827Mi
2026-09-28T14:25:00+00:00,products-service,2,554m,527.027717Mi
2026-09-28T14:30:00+00:00,orders-service,1,594m,543.130852Mi
2026-09-28T14:30:00+00:00,payments-service,1,427m,543.223827Mi
2026-09-28T14:30:00+00:00,products-service,2,554m,527.027717Mi
2026-09-28T14:35:00+00:00,orders-service,1,594m,543.130852Mi
2026-09-28T14:35:00+00:00,payments-service,1,427m,543.223827Mi
2026-09-28T14:35:00+00:00,products-service,2,522m,521.792142Mi
2026-09-28T14:40:00+00:00,orders-service,1,594m,543.130852Mi
2026-09-28T14:40:00+00:00,payments-service,1,427m,543.223827Mi
2026-09-28T14:40:00+00:00,products-service,2,522m,521.792142Mi
2026-09-28T14:45:00+00:00,orders-service,1,554m,537.811533Mi
2026-09-28T14:45:00+00:00,payments-service,1,420m,539.663554Mi
2026-09-28T14:45:00+00:00,products-service,2,522m,521.792142Mi
2026-09-28T14:50:00+00:00,orders-service,1,554m,537.811533Mi
2026-09-28T14:50:00+00:00,payments-service,1,420m,539.663554Mi
2026-09-28T14:50:00+00:00,products-service,2,502m,521.219665Mi
2026-09-28T14:55:00+00:00,orders-service,1,554m,537.811533Mi
2026-09-28T14:55:00+00:00,payments-service,1,420m,539.663554Mi
2026-09-28T14:55:00+00:00,products-service,2,502m,521.219665Mi
2026-09-28T15:00:00+00:00,orders-service,1,554m,537.811533Mi
2026-09-28T15:00:00+00:00,payments-service,1,420m,539.663554Mi
2026-09-28T15:00:00+00:00,products-service,2,502m,521.219665Mi
2026-09-28T15:05:00+00:00,orders-service,1,554m,537.811533Mi
2026-09-28T15:05:00+00:00,payments-service,1,420m,539.663554Mi
2026-09-28T15:05:00+00:00,products-service,2,502m,521.219665Mi
2026-09-28T15:10:00+00:00,orders-service,1,554m,537.811533Mi
2026-09-28T15:10:00+00:00,payments-service,1,414m,537.811747Mi
2026-09-28T15:10:00+00:00,products-service,2,502m,521.219665Mi
2026-09-28T15:15:00+00:00,orders-service,1,554m,537.811533Mi
2026-09-28T15:15:00+00:00,payments-service,1,414m,537.811747Mi
2026-09-28T15:15:00+00:00,products-service,2,500m,520.494201Mi
2026-09-28T15:20:00+00:00,orders-service,1,554m,537.811533Mi
2026-09-28T15:20:00+00:00,payments-service,1,414m,537.811747Mi
2026-09-28T15:20:00+00:00,products-service,2,500m,520.494201Mi
2026-09-28T15:25:00+00:00,orders-service,1,554m,537.811533Mi
2026-09-28T15:25:00+00:00,payments-service,1,414m,537.811747Mi
2026-09-28T15:25:00+00:00,products-service,2,500m,520.494201Mi
2026-09-28T15:30:00+00:00,orders-service,1,540m,540.299967Mi
2026-09-28T15:30:00+00:00,payments-service,1,411m,539.127152Mi
2026-09-28T15:30:00+00:00,products-service,2,487m,519.373267Mi
2026-09-28T15:35:00+00:00,orders-service,1,540m,540.299967Mi
2026-09-28T15:35:00+00:00,payments-service,1,411m,539.127152Mi
2026-09-28T15:35:00+00:00,products-service,2,487m,519.373267Mi
2026-09-28T15:40:00+00:00,orders-service,1,540m,540.299967Mi
2026-09-28T15:40:00+00:00,payments-service,1,411m,539.127152Mi
2026-09-28T15:40:00+00:00,products-service,2,487m,519.373267Mi
2026-09-28T15:45:00+00:00,orders-service,1,496m,536.192814Mi
2026-09-28T15:45:00+00:00,payments-service,1,411m,539.127152Mi
2026-09-28T15:45:00+00:00,products-service,2,465m,514.949307Mi
2026-09-28T15:50:00+00:00,orders-service,1,496m,536.192814Mi
2026-09-28T15:50:00+00:00,payments-service,1,409m,527.620831Mi
2026-09-28T15:50:00+00:00,products-service,2,465m,514.949307Mi
2026-09-28T15:55:00+00:00,orders-service,1,496m,536.192814Mi
2026-09-28T15:55:00+00:00,payments-service,1,409m,527.620831Mi
2026-09-28T15:55:00+00:00,products-service,2,465m,514.949307Mi
2026-09-28T16:00:00+00:00,orders-service,1,483m,538.137611Mi
2026-09-28T16:00:00+00:00,payments-service,1,409m,527.620831Mi
2026-09-28T16:00:00+00:00,products-service,2,465m,514.949307Mi
2026-09-28T16:05:00+00:00,orders-service,1,483m,538.137611Mi
2026-09-28T16:05:00+00:00,payments-service,1,409m,527.620831Mi
2026-09-28T16:05:00+00:00,products-service,2,457m,513.179723Mi
2026-09-28T16:10:00+00:00,orders-service,1,483m,538.137611Mi
2026-09-28T16:10:00+00:00,payments-service,1,409m,527.620831Mi
2026-09-28T16:10:00+00:00,products-service,2,457m,513.179723Mi
2026-09-28T16:15:00+00:00,orders-service,1,459m,536.127383Mi
2026-09-28T16:15:00+00:00,payments-service,1,406m,533.652336Mi
2026-09-28T16:15:00+00:00,products-service,2,457m,513.179723Mi
2026-09-28T16:20:00+00:00,orders-service,1,459m,536.127383Mi
2026-09-28T16:20:00+00:00,payments-service,1,406m,533.652336Mi
2026-09-28T16:20:00+00:00,products-service,2,457m,513.179723Mi
2026-09-28T16:25:00+00:00,orders-service,1,459m,536.127383Mi
2026-09-28T16:25:00+00:00,payments-service,1,406m,533.652336Mi
2026-09-28T16:25:00+00:00,products-service,2,445m,512.471889Mi
2026-09-28T16:30:00+00:00,orders-service,1,456m,535.85763Mi
2026-09-28T16:30:00+00:00,payments-service,1,406m,533.652336Mi
2026-09-28T16:30:00+00:00,products-service,2,445m,512.471889Mi
2026-09-28T16:35:00+00:00,orders-service,1,456m,535.85763Mi
2026-09-28T16:35:00+00:00,payments-service,1,406m,533.652336Mi
2026-09-28T16:35:00+00:00,products-service,2,445m,512.471889Mi
2026-09-28T16:40:00+00:00,orders-service,1,456m,535.85763Mi
2026-09-28T16:40:00+00:00,payments-service,1,402m,529.21141Mi
2026-09-28T16:40:00+00:00,products-service,2,445m,512.471889Mi
2026-09-28T16:45:00+00:00,orders-service,1,456m,535.85763Mi
2026-09-28T16:45:00+00:00,payments-service,1,402m,529.21141Mi
2026-09-28T16:45:00+00:00,products-service,2,445m,512.471889Mi
2026-09-28T16:50:00+00:00,orders-service,1,456m,535.85763Mi
2026-09-28T16:50:00+00:00,payments-service,1,402m,529.21141Mi
2026-09-28T16:50:00+00:00,products-service,2,434m,512.818639Mi
2026-09-28T16:55:00+00:00,orders-service,1,456m,535.85763Mi
2026-09-28T16:55:00+00:00,payments-service,1,401m,530.954913Mi
2026-09-28T16:55:00+00:00,products-service,2,434m,512.818639Mi
2026-09-28T17:00:00+00:00,orders-service,1,443m,538.140904Mi
2026-09-28T17:00:00+00:00,payments-service,1,401m,530.954913Mi
2026-09-28T17:00:00+00:00,products-service,2,434m,512.818639Mi
2026-09-28T17:05:00+00:00,orders-service,1,443m,538.140904Mi
2026-09-28T17:05:00+00:00,payments-service,1,401m,530.954913Mi
2026-09-28T17:05:00+00:00,products-service,2,434m,512.818639Mi
2026-09-28T17:10:00+00:00,orders-service,1,443m,538.140904Mi
2026-09-28T17:10:00+00:00,payments-service,1,401m,530.954913Mi
2026-09-28T17:10:00+00:00,products-service,2,423m,512.327456Mi
2026-09-28T17:15:00+00:00,orders-service,1,425m,535.050539Mi
2026-09-28T17:15:00+00:00,payments-service,1,401m,530.954913Mi
2026-09-28T17:15:00+00:00,products-service,2,423m,512.327456Mi
2026-09-28T17:20:00+00:00,orders-service,1,425m,535.050539Mi
2026-09-28T17:20:00+00:00,payments-service,1,400m,526.246199Mi
2026-09-28T17:20:00+00:00,products-service,2,423m,512.327456Mi
2026-09-28T17:25:00+00:00,orders-service,1,425m,535.050539Mi
2026-09-28T17:25:00+00:00,payments-service,1,400m,526.246199Mi
2026-09-28T17:25:00+00:00,products-service,2,423m,512.327456Mi
2026-09-28T17:30:00+00:00,orders-service,1,425m,535.050539Mi
2026-09-28T17:30:00+00:00,payments-service,1,400m,526.246199Mi
2026-09-28T17:30:00+00:00,products-service,2,423m,512.327456Mi
2026-09-28T17:35:00+00:00,orders-service,1,425m,535.050539Mi
2026-09-28T17:35:00+00:00,payments-service,1,400m,526.246199Mi
2026-09-28T17:35:00+00:00,products-service,2,409m,512.130982Mi
2026-09-28T17:40:00+00:00,orders-service,1,415m,537.433875Mi
2026-09-28T17:40:00+00:00,payments-service,1,400m,525.355401Mi
2026-09-28T17:40:00+00:00,products-service,2,409m,512.130982Mi
2026-09-28T17:45:00+00:00,orders-service,1,415m,537.433875Mi
2026-09-28T17:45:00+00:00,payments-service,1,400m,525.355401Mi
2026-09-28T17:45:00+00:00,products-service,2,409m,512.130982Mi
2026-09-28T17:50:00+00:00,orders-service,1,415m,537.433875Mi
2026-09-28T17:50:00+00:00,payments-service,1,400m,525.355401Mi
2026-09-28T17:50:00+00:00,products-service,2,409m,512.130982Mi
2026-09-28T17:55:00+00:00,orders-service,1,414m,538.548782Mi
2026-09-28T17:55:00+00:00,payments-service,1,400m,524.486167Mi
2026-09-28T17:55:00+00:00,products-service,2,409m,512.130982Mi
2026-09-28T18:00:00+00:00,orders-service,1,414m,538.548782Mi
2026-09-28T18:00:00+00:00,payments-service,1,400m,524.486167Mi
2026-09-28T18:00:00+00:00,products-service,2,404m,512.052393Mi
2026-09-28T18:05:00+00:00,orders-service,1,414m,538.548782Mi
2026-09-28T18:05:00+00:00,payments-service,1,400m,524.486167Mi
2026-09-28T18:05:00+00:00,products-service,2,404m,512.052393Mi
2026-09-28T18:10:00+00:00,orders-service,1,414m,538.548782Mi
2026-09-28T18:10:00+00:00,payments-service,1,400m,524.889132Mi
2026-09-28T18:10:00+00:00,products-service,2,404m,512.052393Mi
2026-09-28T18:15:00+00:00,orders-service,1,412m,538.894037Mi
2026-09-28T18:15:00+00:00,payments-service,1,400m,524.889132Mi
2026-09-28T18:15:00+00:00,products-service,2,404m,512.052393Mi
2026-09-28T18:20:00+00:00,orders-service,1,412m,538.894037Mi
2026-09-28T18:20:00+00:00,payments-service,1,400m,524.889132Mi
2026-09-28T18:20:00+00:00,products-service,2,404m,512.052393Mi
2026-09-28T18:25:00+00:00,orders-service,1,412m,538.894037Mi
2026-09-28T18:25:00+00:00,payments-service,1,400m,524.889132Mi
2026-09-28T18:25:00+00:00,products-service,2,404m,512.052393Mi
2026-09-28T18:30:00+00:00,orders-service,1,412m,538.894037Mi
2026-09-28T18:30:00+00:00,payments-service,1,400m,524.889132Mi
2026-09-28T18:30:00+00:00,products-service,2,402m,512.020957Mi
2026-09-28T18:35:00+00:00,orders-service,1,412m,538.894037Mi
2026-09-28T18:35:00+00:00,payments-service,1,400m,524.889132Mi
2026-09-28T18:35:00+00:00,products-service,2,402m,512.020957Mi
2026-09-28T18:40:00+00:00,orders-service,1,405m,538.677134Mi
2026-09-28T18:40:00+00:00,payments-service,1,400m,524.889132Mi
2026-09-28T18:40:00+00:00,products-service,2,402m,512.020957Mi
2026-09-28T18:45:00+00:00,orders-service,1,405m,538.677134Mi
2026-09-28T18:45:00+00:00,payments-service,1,400m,526.137489Mi
2026-09-28T18:45:00+00:00,products-service,2,401m,512.008383Mi
2026-09-28T18:50:00+00:00,orders-service,1,405m,538.677134Mi
2026-09-28T18:50:00+00:00,payments-service,1,400m,526.137489Mi
2026-09-28T18:50:00+00:00,products-service,2,401m,512.008383Mi
2026-09-28T18:55:00+00:00,orders-service,1,405m,538.677134Mi
2026-09-28T18:55:00+00:00,payments-service,1,400m,526.137489Mi
2026-09-28T18:55:00+00:00,products-service,2,401m,512.008383Mi
2026-09-28T19:00:00+00:00,orders-service,1,405m,538.677134Mi
2026-09-28T19:00:00+00:00,payments-service,1,400m,526.534109Mi
2026-09-28T19:00:00+00:00,products-service,2,400m,512.003353Mi
2026-09-28T19:05:00+00:00,orders-service,1,405m,538.677134Mi
2026-09-28T19:05:00+00:00,payments-service,1,400m,526.534109Mi
2026-09-28T19:05:00+00:00,products-service,2,400m,512.003353Mi
2026-09-28T19:10:00+00:00,orders-service,1,405m,538.677134Mi
2026-09-28T19:10:00+00:00,payments-service,1,400m,526.534109Mi
2026-09-28T19:10:00+00:00,products-service,2,400m,512.003353Mi
2026-09-28T19:15:00+00:00,orders-service,1,402m,540.765519Mi
2026-09-28T19:15:00+00:00,payments-service,1,400m,529.442782Mi
2026-09-28T19:15:00+00:00,products-service,2,400m,512.003353Mi
2026-09-28T19:20:00+00:00,orders-service,1,402m,540.765519Mi
2026-09-28T19:20:00+00:00,payments-service,1,400m,529.442782Mi
2026-09-28T19:20:00+00:00,products-service,2,400m,512.003353Mi
2026-09-28T19:25:00+00:00,orders-service,1,402m,540.765519Mi
2026-09-28T19:25:00+00:00,payments-service,1,400m,529.442782Mi
2026-09-28T19:25:00+00:00,products-service,2,400m,512.003353Mi
2026-09-28T19:30:00+00:00,orders-service,1,402m,540.765519Mi
2026-09-28T19:30:00+00:00,payments-service,1,400m,526.071608Mi
2026-09-28T19:30:00+00:00,products-service,2,400m,512.001341Mi
2026-09-28T19:35:00+00:00,orders-service,1,402m,540.765519Mi
2026-09-28T19:35:00+00:00,payments-service,1,400m,526.071608Mi
2026-09-28T19:35:00+00:00,products-service,2,400m,512.001341Mi
2026-09-28T19:40:00+00:00,orders-service,1,402m,540.765519Mi
2026-09-28T19:40:00+00:00,payments-service,1,400m,526.071608Mi
2026-09-28T19:40:00+00:00,products-service,2,400m,512.001341Mi
2026-09-28T19:45:00+00:00,orders-service,1,402m,540.765519Mi
2026-09-28T19:45:00+00:00,payments-service,1,400m,524.331805Mi
2026-09-28T19:45:00+00:00,products-service,2,400m,512.000536Mi
2026-09-28T19:50:00+00:00,orders-service,1,402m,540.765519Mi
2026-09-28T19:50:00+00:00,payments-service,1,400m,524.331805Mi
2026-09-28T19:50:00+00:00,products-service,2,400m,512.000536Mi
2026-09-28T19:55:00+00:00,orders-service,1,402m,540.765519Mi
2026-09-28T19:55:00+00:00,payments-service,1,400m,524.331805Mi
2026-09-28T19:55:00+00:00,products-service,2,400m,512.000536Mi
2026-09-28T20:00:00+00:00,orders-service,1,402m,540.765519Mi
2026-09-28T20:00:00+00:00,payments-service,1,400m,516.932722Mi
2026-09-28T20:00:00+00:00,products-service,2,400m,512.000214Mi
2026-09-28T20:05:00+00:00,orders-service,1,402m,540.765519Mi
2026-09-28T20:05:00+00:00,payments-service,1,400m,516.932722Mi
2026-09-28T20:05:00+00:00,products-service,2,400m,512.000214Mi
2026-09-28T20:10:00+00:00,orders-service,1,402m,540.765519Mi
2026-09-28T20:10:00+00:00,payments-service,1,400m,516.932722Mi
2026-09-28T20:10:00+00:00,products-service,2,400m,512.000214Mi
2026-09-28T20:15:00+00:00,orders-service,1,401m,539.867304Mi
2026-09-28T20:15:00+00:00,payments-service,1,400m,521.166827Mi
2026-09-28T20:15:00+00:00,products-service,2,400m,512.000214Mi
2026-09-28T20:20:00+00:00,orders-service,1,401m,539.867304Mi
2026-09-28T20:20:00+00:00,payments-service,1,400m,521.166827Mi
2026-09-28T20:20:00+00:00,products-service,2,400m,512.000214Mi
2026-09-28T20:25:00+00:00,orders-service,1,401m,539.867304Mi
2026-09-28T20:25:00+00:00,payments-service,1,400m,521.166827Mi
2026-09-28T20:25:00+00:00,products-service,2,400m,512.000086Mi
2026-09-28T20:30:00+00:00,orders-service,1,401m,539.867304Mi
2026-09-28T20:30:00+00:00,payments-service,1,400m,526.323139Mi
2026-09-28T20:30:00+00:00,products-service,2,400m,512.000086Mi
2026-09-28T20:35:00+00:00,orders-service,1,400m,540.211692Mi
2026-09-28T20:35:00+00:00,payments-service,1,400m,526.323139Mi
2026-09-28T20:35:00+00:00,products-service,2,400m,512.000086Mi
2026-09-28T20:40:00+00:00,orders-service,1,400m,540.211692Mi
2026-09-28T20:40:00+00:00,payments-service,1,400m,526.323139Mi
2026-09-28T20:40:00+00:00,products-service,2,400m,512.000034Mi
2026-09-28T20:45:00+00:00,orders-service,1,400m,540.211692Mi
2026-09-28T20:45:00+00:00,payments-service,1,400m,526.323139Mi
2026-09-28T20:45:00+00:00,products-service,2,400m,512.000034Mi
2026-09-28T20:50:00+00:00,orders-service,1,405m,538.837838Mi
2026-09-28T20:50:00+00:00,payments-service,1,400m,527.064045Mi
2026-09-28T20:50:00+00:00,products-service,2,400m,512.000034Mi
2026-09-28T20:55:00+00:00,orders-service,1,405m,538.837838Mi
2026-09-28T20:55:00+00:00,payments-service,1,400m,527.064045Mi
2026-09-28T20:55:00+00:00,products-service,2,400m,512.000014Mi
2026-09-28T21:00:00+00:00,orders-service,1,405m,538.837838Mi
2026-09-28T21:00:00+00:00,payments-service,1,400m,527.064045Mi
2026-09-28T21:00:00+00:00,products-service,2,400m,512.000014Mi
2026-09-28T21:05:00+00:00,orders-service,1,402m,540.087601Mi
2026-09-28T21:05:00+00:00,payments-service,1,400m,527.064045Mi
2026-09-28T21:05:00+00:00,products-service,2,400m,512.000014Mi
2026-09-28T21:10:00+00:00,orders-service,1,402m,540.087601Mi
2026-09-28T21:10:00+00:00,payments-service,1,400m,526.998372Mi
2026-09-28T21:10:00+00:00,products-service,2,400m,512.000006Mi
2026-09-28T21:15:00+00:00,orders-service,1,402m,540.087601Mi
2026-09-28T21:15:00+00:00,payments-service,1,400m,526.998372Mi
2026-09-28T21:15:00+00:00,products-service,2,400m,512.000006Mi
2026-09-28T21:20:00+00:00,orders-service,1,402m,540.087601Mi
2026-09-28T21:20:00+00:00,payments-service,1,400m,526.998372Mi
2026-09-28T21:20:00+00:00,products-service,2,400m,512.000006Mi
2026-09-28T21:25:00+00:00,orders-service,1,410m,538.65047Mi
2026-09-28T21:25:00+00:00,payments-service,1,400m,526.998372Mi
2026-09-28T21:25:00+00:00,products-service,2,400m,512.000006Mi
2026-09-28T21:30:00+00:00,orders-service,1,410m,538.65047Mi
2026-09-28T21:30:00+00:00,payments-service,1,400m,526.998372Mi
2026-09-28T21:30:00+00:00,products-service,2,401m,512.000002Mi
2026-09-28T21:35:00+00:00,orders-service,1,410m,538.65047Mi
2026-09-28T21:35:00+00:00,payments-service,1,400m,530.449093Mi
2026-09-28T21:35:00+00:00,products-service,2,401m,512.000002Mi
2026-09-28T21:40:00+00:00,orders-service,1,410m,538.65047Mi
2026-09-28T21:40:00+00:00,payments-service,1,400m,530.449093Mi
2026-09-28T21:40:00+00:00,products-service,2,401m,512.000002Mi
2026-09-28T21:45:00+00:00,orders-service,1,410m,538.65047Mi
2026-09-28T21:45:00+00:00,payments-service,1,400m,530.449093Mi
2026-09-28T21:45:00+00:00,products-service,2,401m,512.000002Mi
2026-09-28T21:50:00+00:00,orders-service,1,410m,538.65047Mi
2026-09-28T21:50:00+00:00,payments-service,1,400m,532.478966Mi
2026-09-28T21:50:00+00:00,products-service,2,401m,512.000002Mi
2026-09-28T21:55:00+00:00,orders-service,1,410m,538.65047Mi
2026-09-28T21:55:00+00:00,payments-service,1,400m,532.478966Mi
2026-09-28T21:55:00+00:00,products-service,2,401m,512.000002Mi
2026-09-28T22:00:00+00:00,orders-service,1,414m,540.285334Mi
2026-09-28T22:00:00+00:00,payments-service,1,400m,532.478966Mi
2026-09-28T22:00:00+00:00,products-service,2,401m,512.000002Mi
2026-09-28T22:05:00+00:00,orders-service,1,414m,540.285334Mi
2026-09-28T22:05:00+00:00,payments-service,1,400m,526.56058Mi
2026-09-28T22:05:00+00:00,products-service,2,401m,512.000002Mi
2026-09-28T22:10:00+00:00,orders-service,1,414m,540.285334Mi
2026-09-28T22:10:00+00:00,payments-service,1,400m,526.56058Mi
2026-09-28T22:10:00+00:00,products-service,2,404m,512.18827Mi
2026-09-28T22:15:00+00:00,orders-service,1,414m,540.285334Mi
2026-09-28T22:15:00+00:00,payments-service,1,400m,526.56058Mi
2026-09-28T22:15:00+00:00,products-service,2,404m,512.18827Mi
2026-09-28T22:20:00+00:00,orders-service,1,428m,539.054429Mi
2026-09-28T22:20:00+00:00,payments-service,1,400m,527.01056Mi
2026-09-28T22:20:00+00:00,products-service,2,404m,512.18827Mi
2026-09-28T22:25:00+00:00,orders-service,1,428m,539.054429Mi
2026-09-28T22:25:00+00:00,payments-service,1,400m,527.01056Mi
2026-09-28T22:25:00+00:00,products-service,2,426m,512.792862Mi
2026-09-28T22:30:00+00:00,orders-service,1,428m,539.054429Mi
2026-09-28T22:30:00+00:00,payments-service,1,400m,527.01056Mi
2026-09-28T22:30:00+00:00,products-service,2,426m,512.792862Mi
2026-09-28T22:35:00+00:00,orders-service,1,428m,539.054429Mi
2026-09-28T22:35:00+00:00,payments-service,1,400m,527.01056Mi
2026-09-28T22:35:00+00:00,products-service,2,426m,512.792862Mi
2026-09-28T22:40:00+00:00,orders-service,1,428m,539.054429Mi
2026-09-28T22:40:00+00:00,payments-service,1,400m,527.01056Mi
2026-09-28T22:40:00+00:00,products-service,2,426m,512.792862Mi
2026-09-28T22:45:00+00:00,orders-service,1,428m,539.054429Mi
2026-09-28T22:45:00+00:00,payments-service,1,400m,524.503846Mi
2026-09-28T22:45:00+00:00,products-service,2,433m,520.700189Mi
2026-09-28T22:50:00+00:00,orders-service,1,428m,539.054429Mi
2026-09-28T22:50:00+00:00,payments-service,1,400m,524.503846Mi
2026-09-28T22:50:00+00:00,products-service,2,433m,520.700189Mi
2026-09-28T22:55:00+00:00,orders-service,1,428m,539.054429Mi
2026-09-28T22:55:00+00:00,payments-service,1,400m,524.503846Mi
2026-09-28T22:55:00+00:00,products-service,2,433m,520.700189Mi
2026-09-28T23:00:00+00:00,orders-service,1,428m,539.054429Mi
2026-09-28T23:00:00+00:00,payments-service,1,400m,524.503846Mi
2026-09-28T23:00:00+00:00,products-service,2,433m,520.700189Mi
2026-09-28T23:05:00+00:00,orders-service,1,428m,539.054429Mi
2026-09-28T23:05:00+00:00,payments-service,1,400m,524.503846Mi
2026-09-28T23:05:00+00:00,products-service,2,430m,523.009922Mi
2026-09-28T23:10:00+00:00,orders-service,1,445m,539.029938Mi
2026-09-28T23:10:00+00:00,payments-service,1,400m,524.503846Mi
2026-09-28T23:10:00+00:00,products-service,2,430m,523.009922Mi
2026-09-28T23:15:00+00:00,orders-service,1,445m,539.029938Mi
2026-09-28T23:15:00+00:00,payments-service,1,400m,524.503846Mi
2026-09-28T23:15:00+00:00,products-service,2,430m,523.009922Mi
2026-09-28T23:20:00+00:00,orders-service,1,445m,539.029938Mi
2026-09-28T23:20:00+00:00,payments-service,1,400m,524.503846Mi
2026-09-28T23:20:00+00:00,products-service,2,446m,529.075197Mi
2026-09-28T23:25:00+00:00,orders-service,1,445m,539.029938Mi
2026-09-28T23:25:00+00:00,payments-service,1,400m,524.503846Mi
2026-09-28T23:25:00+00:00,products-service,2,446m,529.075197Mi
2026-09-28T23:30:00+00:00,orders-service,1,437m,538.033387Mi
2026-09-28T23:30:00+00:00,payments-service,1,400m,528.491516Mi
2026-09-28T23:30:00+00:00,products-service,2,446m,529.075197Mi
2026-09-28T23:35:00+00:00,orders-service,1,437m,538.033387Mi
2026-09-28T23:35:00+00:00,payments-service,1,400m,528.491516Mi
2026-09-28T23:35:00+00:00,products-service,2,446m,529.075197Mi
2026-09-28T23:40:00+00:00,orders-service,1,437m,538.033387Mi
2026-09-28T23:40:00+00:00,payments-service,1,400m,528.491516Mi
2026-09-28T23:40:00+00:00,products-service,2,446m,529.075197Mi
2026-09-28T23:45:00+00:00,orders-service,1,448m,533.156995Mi
2026-09-28T23:45:00+00:00,payments-service,1,400m,528.491516Mi
2026-09-28T23:45:00+00:00,products-service,2,446m,529.075197Mi
2026-09-28T23:50:00+00:00,orders-service,1,448m,533.156995Mi
2026-09-28T23:50:00+00:00,payments-service,1,400m,528.491516Mi
2026-09-28T23:50:00+00:00,products-service,2,446m,529.075197Mi
2026-09-28T23:55:00+00:00,orders-service,1,448m,533.156995Mi
2026-09-28T23:55:00+00:00,payments-service,1,400m,528.491516Mi
2026-09-28T23:55:00+00:00,products-service,2,446m,529.075197Mi
2026-09-29T00:00:00+00:00,orders-service,1,488m,532.122149Mi
2026-09-29T00:00:00+00:00,payments-service,1,404m,538.8198Mi
2026-09-29T00:00:00+00:00,products-service,2,471m,533.414356Mi
2026-09-29T00:05:00+00:00,orders-service,1,488m,532.122149Mi
2026-09-29T00:05:00+00:00,payments-service,1,404m,538.8198Mi
2026-09-29T00:05:00+00:00,products-service,2,471m,533.414356Mi
2026-09-29T00:10:00+00:00,orders-service,1,488m,532.122149Mi
2026-09-29T00:10:00+00:00,payments-service,1,404m,538.8198Mi
2026-09-29T00:10:00+00:00,products-service,2,471m,533.414356Mi
2026-09-29T00:15:00+00:00,orders-service,1,488m,532.122149Mi
2026-09-29T00:15:00+00:00,payments-service,1,404m,538.8198Mi
2026-09-29T00:15:00+00:00,products-service,2,475m,531.448286Mi
2026-09-29T00:20:00+00:00,orders-service,1,488m,532.122149Mi
2026-09-29T00:20:00+00:00,payments-service,1,404m,538.8198Mi
2026-09-29T00:20:00+00:00,products-service,2,475m,531.448286Mi
2026-09-29T00:25:00+00:00,orders-service,1,525m,543.350275Mi
2026-09-29T00:25:00+00:00,payments-service,1,404m,538.8198Mi
2026-09-29T00:25:00+00:00,products-service,2,475m,531.448286Mi
2026-09-29T00:30:00+00:00,orders-service,1,525m,543.350275Mi
2026-09-29T00:30:00+00:00,payments-service,1,404m,538.8198Mi
2026-09-29T00:30:00+00:00,products-service,2,480m,524.90429Mi
2026-09-29T00:35:00+00:00,orders-service,1,525m,543.350275Mi
2026-09-29T00:35:00+00:00,payments-service,1,406m,541.549551Mi
2026-09-29T00:35:00+00:00,products-service,2,480m,524.90429Mi
2026-09-29T00:40:00+00:00,orders-service,1,514m,538.723789Mi
2026-09-29T00:40:00+00:00,payments-service,1,406m,541.549551Mi
2026-09-29T00:40:00+00:00,products-service,2,480m,524.90429Mi
2026-09-29T00:45:00+00:00,orders-service,1,514m,538.723789Mi
2026-09-29T00:45:00+00:00,payments-service,1,406m,541.549551Mi
2026-09-29T00:45:00+00:00,products-service,2,480m,524.90429Mi
2026-09-29T00:50:00+00:00,orders-service,1,514m,538.723789Mi
2026-09-29T00:50:00+00:00,payments-service,1,406m,541.549551Mi
2026-09-29T00:50:00+00:00,products-service,2,480m,524.90429Mi
2026-09-29T00:55:00+00:00,orders-service,1,543m,542.446632Mi
2026-09-29T00:55:00+00:00,payments-service,1,406m,541.549551Mi
2026-09-29T00:55:00+00:00,products-service,2,514m,528.510447Mi
2026-09-29T01:00:00+00:00,orders-service,1,543m,542.446632Mi
2026-09-29T01:00:00+00:00,payments-service,1,406m,539.967269Mi
2026-09-29T01:00:00+00:00,products-service,2,514m,528.510447Mi
2026-09-29T01:05:00+00:00,orders-service,1,543m,542.446632Mi
2026-09-29T01:05:00+00:00,payments-service,1,406m,539.967269Mi
2026-09-29T01:05:00+00:00,products-service,2,514m,528.510447Mi
2026-09-29T01:10:00+00:00,orders-service,1,562m,544.804019Mi
2026-09-29T01:10:00+00:00,payments-service,1,406m,539.967269Mi
2026-09-29T01:10:00+00:00,products-service,2,514m,528.510447Mi
2026-09-29T01:15:00+00:00,orders-service,1,562m,544.804019Mi
2026-09-29T01:15:00+00:00,payments-service,1,406m,539.967269Mi
2026-09-29T01:15:00+00:00,products-service,2,514m,528.510447Mi
2026-09-29T01:20:00+00:00,orders-service,1,562m,544.804019Mi
2026-09-29T01:20:00+00:00,payments-service,1,406m,539.967269Mi
2026-09-29T01:20:00+00:00,products-service,2,514m,528.510447Mi
2026-09-29T01:25:00+00:00,orders-service,1,562m,544.804019Mi
2026-09-29T01:25:00+00:00,payments-service,1,410m,541.810089Mi
2026-09-29T01:25:00+00:00,products-service,2,514m,528.510447Mi
2026-09-29T01:30:00+00:00,orders-service,1,562m,544.804019Mi
2026-09-29T01:30:00+00:00,payments-service,1,410m,541.810089Mi
2026-09-29T01:30:00+00:00,products-service,2,514m,528.510447Mi
2026-09-29T01:35:00+00:00,orders-service,1,562m,544.804019Mi
2026-09-29T01:35:00+00:00,payments-service,1,410m,541.810089Mi
2026-09-29T01:35:00+00:00,products-service,2,514m,528.510447Mi
2026-09-29T01:40:00+00:00,orders-service,1,612m,550.430775Mi
2026-09-29T01:40:00+00:00,payments-service,1,410m,541.810089Mi
2026-09-29T01:40:00+00:00,products-service,2,514m,528.510447Mi
2026-09-29T01:45:00+00:00,orders-service,1,612m,550.430775Mi
2026-09-29T01:45:00+00:00,payments-service,1,410m,541.810089Mi
2026-09-29T01:45:00+00:00,products-service,2,514m,528.510447Mi
2026-09-29T01:50:00+00:00,orders-service,1,612m,550.430775Mi
2026-09-29T01:50:00+00:00,payments-service,1,410m,541.810089Mi
2026-09-29T01:50:00+00:00,products-service,2,525m,525.585331Mi
2026-09-29T01:55:00+00:00,orders-service,1,612m,550.430775Mi
2026-09-29T01:55:00+00:00,payments-service,1,410m,541.810089Mi
2026-09-29T01:55:00+00:00,products-service,2,525m,525.585331Mi
2026-09-29T02:00:00+00:00,orders-service,1,612m,550.430775Mi
2026-09-29T02:00:00+00:00,payments-service,1,418m,539.931665Mi
2026-09-29T02:00:00+00:00,products-service,2,525m,525.585331Mi
2026-09-29T02:05:00+00:00,orders-service,1,612m,550.430775Mi
2026-09-29T02:05:00+00:00,payments-service,1,418m,539.931665Mi
2026-09-29T02:05:00+00:00,products-service,2,525m,525.585331Mi
2026-09-29T02:10:00+00:00,orders-service,1,612m,550.430775Mi
2026-09-29T02:10:00+00:00,payments-service,1,418m,539.931665Mi
2026-09-29T02:10:00+00:00,products-service,2,561m,534.588624Mi
2026-09-29T02:15:00+00:00,orders-service,1,644m,549.758345Mi
2026-09-29T02:15:00+00:00,payments-service,1,418m,539.931665Mi
2026-09-29T02:15:00+00:00,products-service,2,561m,534.588624Mi
2026-09-29T02:20:00+00:00,orders-service,1,644m,549.758345Mi
2026-09-29T02:20:00+00:00,payments-service,1,418m,539.931665Mi
2026-09-29T02:20:00+00:00,products-service,2,561m,534.588624Mi
2026-09-29T02:25:00+00:00,orders-service,1,644m,549.758345Mi
2026-09-29T02:25:00+00:00,payments-service,1,426m,544.420627Mi
2026-09-29T02:25:00+00:00,products-service,2,561m,534.588624Mi
2026-09-29T02:30:00+00:00,orders-service,1,676m,551.854986Mi
2026-09-29T02:30:00+00:00,payments-service,1,426m,544.420627Mi
2026-09-29T02:30:00+00:00,products-service,2,595m,546.109253Mi
2026-09-29T02:35:00+00:00,orders-service,1,676m,551.854986Mi
2026-09-29T02:35:00+00:00,payments-service,1,426m,544.420627Mi
2026-09-29T02:35:00+00:00,products-service,2,595m,546.109253Mi
2026-09-29T02:40:00+00:00,orders-service,1,676m,551.854986Mi
2026-09-29T02:40:00+00:00,payments-service,1,426m,544.420627Mi
2026-09-29T02:40:00+00:00,products-service,2,595m,546.109253Mi
2026-09-29T02:45:00+00:00,orders-service,1,676m,551.854986Mi
2026-09-29T02:45:00+00:00,payments-service,1,426m,544.420627Mi
2026-09-29T02:45:00+00:00,products-service,2,595m,546.109253Mi
2026-09-29T02:50:00+00:00,orders-service,1,676m,551.854986Mi
2026-09-29T02:50:00+00:00,payments-service,1,426m,544.420627Mi
2026-09-29T02:50:00+00:00,products-service,2,596m,552.711084Mi
2026-09-29T02:55:00+00:00,orders-service,1,676m,551.854986Mi
2026-09-29T02:55:00+00:00,payments-service,1,426m,544.420627Mi
2026-09-29T02:55:00+00:00,products-service,2,596m,552.711084Mi
2026-09-29T03:00:00+00:00,orders-service,1,676m,551.854986Mi
2026-09-29T03:00:00+00:00,payments-service,1,426m,544.420627Mi
2026-09-29T03:00:00+00:00,products-service,2,596m,552.711084Mi
2026-09-29T03:05:00+00:00,orders-service,1,676m,551.854986Mi
2026-09-29T03:05:00+00:00,payments-service,1,426m,544.420627Mi
2026-09-29T03:05:00+00:00,products-service,2,596m,552.711084Mi
2026-09-29T03:10:00+00:00,orders-service,1,676m,551.854986Mi
2026-09-29T03:10:00+00:00,payments-service,1,426m,544.420627Mi
2026-09-29T03:10:00+00:00,products-service,2,596m,552.711084Mi
2026-09-29T03:15:00+00:00,orders-service,1,676m,551.854986Mi
2026-09-29T03:15:00+00:00,payments-service,1,426m,544.420627Mi
2026-09-29T03:15:00+00:00,products-service,2,596m,552.711084Mi
2026-09-29T03:20:00+00:00,orders-service,1,714m,556.47206Mi
2026-09-29T03:20:00+00:00,payments-service,1,426m,544.420627Mi
2026-09-29T03:20:00+00:00,products-service,2,596m,552.711084Mi
2026-09-29T03:25:00+00:00,orders-service,1,714m,556.47206Mi
2026-09-29T03:25:00+00:00,payments-service,1,430m,542.91786Mi
2026-09-29T03:25:00+00:00,products-service,2,619m,557.178733Mi
2026-09-29T03:30:00+00:00,orders-service,1,714m,556.47206Mi
2026-09-29T03:30:00+00:00,payments-service,1,430m,542.91786Mi
2026-09-29T03:30:00+00:00,products-service,2,619m,557.178733Mi
2026-09-29T03:35:00+00:00,orders-service,1,714m,556.47206Mi
2026-09-29T03:35:00+00:00,payments-service,1,430m,542.91786Mi
2026-09-29T03:35:00+00:00,products-service,2,619m,557.178733Mi
2026-09-29T03:40:00+00:00,orders-service,1,714m,556.47206Mi
2026-09-29T03:40:00+00:00,payments-service,1,437m,544.719097Mi
2026-09-29T03:40:00+00:00,products-service,2,619m,557.178733Mi
2026-09-29T03:45:00+00:00,orders-service,1,688m,553.183624Mi
2026-09-29T03:45:00+00:00,payments-service,1,437m,544.719097Mi
2026-09-29T03:45:00+00:00,products-service,2,640m,563.471725Mi
2026-09-29T03:50:00+00:00,orders-service,1,688m,553.183624Mi
2026-09-29T03:50:00+00:00,payments-service,1,437m,544.719097Mi
2026-09-29T03:50:00+00:00,products-service,2,640m,563.471725Mi
2026-09-29T03:55:00+00:00,orders-service,1,688m,553.183624Mi
2026-09-29T03:55:00+00:00,payments-service,1,445m,547.406364Mi
2026-09-29T03:55:00+00:00,products-service,2,640m,563.471725Mi
2026-09-29T04:00:00+00:00,orders-service,1,730m,552.4781Mi
2026-09-29T04:00:00+00:00,payments-service,1,445m,547.406364Mi
2026-09-29T04:00:00+00:00,products-service,2,692m,561.648224Mi
2026-09-29T04:05:00+00:00,orders-service,1,730m,552.4781Mi
2026-09-29T04:05:00+00:00,payments-service,1,445m,547.406364Mi
2026-09-29T04:05:00+00:00,products-service,2,692m,561.648224Mi
2026-09-29T04:10:00+00:00,orders-service,1,730m,552.4781Mi
2026-09-29T04:10:00+00:00,payments-service,1,464m,549.187143Mi
2026-09-29T04:10:00+00:00,products-service,2,692m,561.648224Mi
2026-09-29T04:15:00+00:00,orders-service,1,730m,552.4781Mi
2026-09-29T04:15:00+00:00,payments-service,1,464m,549.187143Mi
2026-09-29T04:15:00+00:00,products-service,2,693m,563.130042Mi
2026-09-29T04:20:00+00:00,orders-service,1,730m,552.4781Mi
2026-09-29T04:20:00+00:00,payments-service,1,464m,549.187143Mi
2026-09-29T04:20:00+00:00,products-service,2,693m,563.130042Mi
2026-09-29T04:25:00+00:00,orders-service,1,758m,554.009074Mi
2026-09-29T04:25:00+00:00,payments-service,1,474m,547.074467Mi
2026-09-29T04:25:00+00:00,products-service,2,693m,563.130042Mi
2026-09-29T04:30:00+00:00,orders-service,1,758m,554.009074Mi
2026-09-29T04:30:00+00:00,payments-service,1,474m,547.074467Mi
2026-09-29T04:30:00+00:00,products-service,2,693m,563.130042Mi
2026-09-29T04:35:00+00:00,orders-service,1,758m,554.009074Mi
2026-09-29T04:35:00+00:00,payments-service,1,474m,547.074467Mi
2026-09-29T04:35:00+00:00,products-service,2,693m,563.130042Mi
2026-09-29T04:40:00+00:00,orders-service,1,758m,554.009074Mi
2026-09-29T04:40:00+00:00,payments-service,1,480m,544.234499Mi
2026-09-29T04:40:00+00:00,products-service,2,693m,563.130042Mi
2026-09-29T04:45:00+00:00,orders-service,1,758m,554.009074Mi
2026-09-29T04:45:00+00:00,payments-service,1,480m,544.234499Mi
2026-09-29T04:45:00+00:00,products-service,2,693m,563.130042Mi
2026-09-29T04:50:00+00:00,orders-service,1,758m,554.009074Mi
2026-09-29T04:50:00+00:00,payments-service,1,480m,544.234499Mi
2026-09-29T04:50:00+00:00,products-service,2,693m,563.130042Mi
2026-09-29T04:55:00+00:00,orders-service,1,758m,554.009074Mi
2026-09-29T04:55:00+00:00,payments-service,1,505m,538.344288Mi
2026-09-29T04:55:00+00:00,products-service,2,715m,565.95552Mi
2026-09-29T05:00:00+00:00,orders-service,1,758m,554.009074Mi
2026-09-29T05:00:00+00:00,payments-service,1,505m,538.344288Mi
2026-09-29T05:00:00+00:00,products-service,2,715m,565.95552Mi
2026-09-29T05:05:00+00:00,orders-service,1,758m,554.009074Mi
2026-09-29T05:05:00+00:00,payments-service,1,505m,538.344288Mi
2026-09-29T05:05:00+00:00,products-service,2,715m,565.95552Mi
2026-09-29T05:10:00+00:00,orders-service,1,758m,554.009074Mi
2026-09-29T05:10:00+00:00,payments-service,1,505m,538.344288Mi
2026-09-29T05:10:00+00:00,products-service,2,746m,562.295746Mi
2026-09-29T05:15:00+00:00,orders-service,1,755m,551.689616Mi
2026-09-29T05:15:00+00:00,payments-service,1,490m,540.271223Mi
2026-09-29T05:15:00+00:00,products-service,2,746m,562.295746Mi
2026-09-29T05:20:00+00:00,orders-service,1,755m,551.689616Mi
2026-09-29T05:20:00+00:00,payments-service,1,490m,540.271223Mi
2026-09-29T05:20:00+00:00,products-service,2,746m,562.295746Mi
2026-09-29T05:25:00+00:00,orders-service,1,755m,551.689616Mi
2026-09-29T05:25:00+00:00,payments-service,1,490m,540.271223Mi
2026-09-29T05:25:00+00:00,products-service,2,746m,562.295746Mi
2026-09-29T05:30:00+00:00,orders-service,1,778m,552.082975Mi
2026-09-29T05:30:00+00:00,payments-service,1,492m,542.227642Mi
2026-09-29T05:30:00+00:00,products-service,2,753m,563.695313Mi
2026-09-29T05:35:00+00:00,orders-service,1,778m,552.082975Mi
2026-09-29T05:35:00+00:00,payments-service,1,492m,542.227642Mi
2026-09-29T05:35:00+00:00,products-service,2,753m,563.695313Mi
2026-09-29T05:40:00+00:00,orders-service,1,778m,552.082975Mi
2026-09-29T05:40:00+00:00,payments-service,1,492m,542.227642Mi
2026-09-29T05:40:00+00:00,products-service,2,753m,563.695313Mi
2026-09-29T05:45:00+00:00,orders-service,1,796m,553.192467Mi
2026-09-29T05:45:00+00:00,payments-service,1,492m,542.227642Mi
2026-09-29T05:45:00+00:00,products-service,2,753m,563.695313Mi
2026-09-29T05:50:00+00:00,orders-service,1,796m,553.192467Mi
2026-09-29T05:50:00+00:00,payments-service,1,506m,545.47144Mi
2026-09-29T05:50:00+00:00,products-service,2,753m,563.695313Mi
2026-09-29T05:55:00+00:00,orders-service,1,796m,553.192467Mi
2026-09-29T05:55:00+00:00,payments-service,1,506m,545.47144Mi
2026-09-29T05:55:00+00:00,products-service,2,770m,567.924133Mi
2026-09-29T06:00:00+00:00,orders-service,1,791m,554.848202Mi
2026-09-29T06:00:00+00:00,payments-service,1,506m,545.47144Mi
2026-09-29T06:00:00+00:00,products-service,2,770m,567.924133Mi
2026-09-29T06:05:00+00:00,orders-service,1,791m,554.848202Mi
2026-09-29T06:05:00+00:00,payments-service,1,506m,545.47144Mi
2026-09-29T06:05:00+00:00,products-service,2,770m,567.924133Mi
2026-09-29T06:10:00+00:00,orders-service,1,791m,554.848202Mi
2026-09-29T06:10:00+00:00,payments-service,1,506m,545.47144Mi
2026-09-29T06:10:00+00:00,products-service,2,770m,567.924133Mi
2026-09-29T06:15:00+00:00,orders-service,1,791m,554.848202Mi
2026-09-29T06:15:00+00:00,payments-service,1,486m,546.235061Mi
2026-09-29T06:15:00+00:00,products-service,2,770m,567.924133Mi
2026-09-29T06:20:00+00:00,orders-service,1,805m,552.655516Mi
2026-09-29T06:20:00+00:00,payments-service,1,486m,546.235061Mi
2026-09-29T06:20:00+00:00,products-service,2,766m,559.904004Mi
2026-09-29T06:25:00+00:00,orders-service,1,805m,552.655516Mi
2026-09-29T06:25:00+00:00,payments-service,1,486m,546.235061Mi
2026-09-29T06:25:00+00:00,products-service,2,766m,559.904004Mi
2026-09-29T06:30:00+00:00,orders-service,1,805m,552.655516Mi
2026-09-29T06:30:00+00:00,payments-service,1,521m,548.183587Mi
2026-09-29T06:30:00+00:00,products-service,2,766m,559.904004Mi
2026-09-29T06:35:00+00:00,orders-service,1,805m,552.655516Mi
2026-09-29T06:35:00+00:00,payments-service,1,521m,548.183587Mi
2026-09-29T06:35:00+00:00,products-service,2,791m,554.326018Mi
2026-09-29T06:40:00+00:00,orders-service,1,805m,552.655516Mi
2026-09-29T06:40:00+00:00,payments-service,1,521m,548.183587Mi
2026-09-29T06:40:00+00:00,products-service,2,791m,554.326018Mi
2026-09-29T06:45:00+00:00,orders-service,1,805m,552.655516Mi
2026-09-29T06:45:00+00:00,payments-service,1,521m,548.183587Mi
2026-09-29T06:45:00+00:00,products-service,2,791m,554.326018Mi
2026-09-29T06:50:00+00:00,orders-service,1,805m,552.655516Mi
2026-09-29T06:50:00+00:00,payments-service,1,505m,550.421579Mi
2026-09-29T06:50:00+00:00,products-service,2,791m,554.326018Mi
2026-09-29T06:55:00+00:00,orders-service,1,797m,553.748034Mi
2026-09-29T06:55:00+00:00,payments-service,1,505m,550.421579Mi
2026-09-29T06:55:00+00:00,products-service,2,790m,548.035193Mi
2026-09-29T07:00:00+00:00,orders-service,1,797m,553.748034Mi
2026-09-29T07:00:00+00:00,payments-service,1,505m,550.421579Mi
2026-09-29T07:00:00+00:00,products-service,2,790m,548.035193Mi
2026-09-29T07:05:00+00:00,orders-service,1,797m,553.748034Mi
2026-09-29T07:05:00+00:00,payments-service,1,505m,550.421579Mi
2026-09-29T07:05:00+00:00,products-service,2,790m,548.035193Mi
2026-09-29T07:10:00+00:00,orders-service,1,797m,553.748034Mi
2026-09-29T07:10:00+00:00,payments-service,1,505m,550.421579Mi
2026-09-29T07:10:00+00:00,products-service,2,790m,548.035193Mi
2026-09-29T07:15:00+00:00,orders-service,1,797m,553.748034Mi
2026-09-29T07:15:00+00:00,payments-service,1,505m,550.421579Mi
2026-09-29T07:15:00+00:00,products-service,2,790m,548.035193Mi
2026-09-29T07:20:00+00:00,orders-service,1,864m,559.113398Mi
2026-09-29T07:20:00+00:00,payments-service,1,505m,550.421579Mi
2026-09-29T07:20:00+00:00,products-service,2,816m,550.438101Mi
2026-09-29T07:25:00+00:00,orders-service,1,864m,559.113398Mi
2026-09-29T07:25:00+00:00,payments-service,1,505m,550.421579Mi
2026-09-29T07:25:00+00:00,products-service,2,816m,550.438101Mi
2026-09-29T07:30:00+00:00,orders-service,1,864m,559.113398Mi
2026-09-29T07:30:00+00:00,payments-service,1,505m,550.421579Mi
2026-09-29T07:30:00+00:00,products-service,2,816m,550.438101Mi
2026-09-29T07:35:00+00:00,orders-service,1,878m,564.431334Mi
2026-09-29T07:35:00+00:00,payments-service,1,504m,552.442618Mi
2026-09-29T07:35:00+00:00,products-service,2,794m,550.110202Mi
2026-09-29T07:40:00+00:00,orders-service,1,878m,564.431334Mi
2026-09-29T07:40:00+00:00,payments-service,1,504m,552.442618Mi
2026-09-29T07:40:00+00:00,products-service,2,794m,550.110202Mi
2026-09-29T07:45:00+00:00,orders-service,1,878m,564.431334Mi
2026-09-29T07:45:00+00:00,payments-service,1,504m,552.442618Mi
2026-09-29T07:45:00+00:00,products-service,2,794m,550.110202Mi
2026-09-29T07:50:00+00:00,orders-service,1,878m,564.431334Mi
2026-09-29T07:50:00+00:00,payments-service,1,517m,553.828548Mi
2026-09-29T07:50:00+00:00,products-service,2,794m,550.110202Mi
2026-09-29T07:55:00+00:00,orders-service,1,878m,564.431334Mi
2026-09-29T07:55:00+00:00,payments-service,1,517m,553.828548Mi
2026-09-29T07:55:00+00:00,products-service,2,794m,550.110202Mi
2026-09-29T08:00:00+00:00,orders-service,1,878m,564.431334Mi
2026-09-29T08:00:00+00:00,payments-service,1,517m,553.828548Mi
2026-09-29T08:00:00+00:00,products-service,2,794m,550.110202Mi
2026-09-29T08:05:00+00:00,orders-service,1,868m,562.735888Mi
2026-09-29T08:05:00+00:00,payments-service,1,516m,554.155321Mi
2026-09-29T08:05:00+00:00,products-service,2,784m,546.565919Mi
2026-09-29T08:10:00+00:00,orders-service,1,868m,562.735888Mi
2026-09-29T08:10:00+00:00,payments-service,1,516m,554.155321Mi
2026-09-29T08:10:00+00:00,products-service,2,784m,546.565919Mi
2026-09-29T08:15:00+00:00,orders-service,1,868m,562.735888Mi
2026-09-29T08:15:00+00:00,payments-service,1,516m,554.155321Mi
2026-09-29T08:15:00+00:00,products-service,2,784m,546.565919Mi
2026-09-29T08:20:00+00:00,orders-service,1,868m,562.735888Mi
2026-09-29T08:20:00+00:00,payments-service,1,481m,551.601667Mi
2026-09-29T08:20:00+00:00,products-service,2,784m,546.565919Mi
2026-09-29T08:25:00+00:00,orders-service,1,868m,562.735888Mi
2026-09-29T08:25:00+00:00,payments-service,1,481m,551.601667Mi
2026-09-29T08:25:00+00:00,products-service,2,784m,546.565919Mi
2026-09-29T08:30:00+00:00,orders-service,1,868m,562.735888Mi
2026-09-29T08:30:00+00:00,payments-service,1,481m,551.601667Mi
2026-09-29T08:30:00+00:00,products-service,2,784m,546.565919Mi
2026-09-29T08:35:00+00:00,orders-service,1,864m,555.188911Mi
2026-09-29T08:35:00+00:00,payments-service,1,496m,547.430132Mi
2026-09-29T08:35:00+00:00,products-service,2,784m,546.565919Mi
2026-09-29T08:40:00+00:00,orders-service,1,864m,555.188911Mi
2026-09-29T08:40:00+00:00,payments-service,1,496m,547.430132Mi
2026-09-29T08:40:00+00:00,products-service,2,784m,546.565919Mi
2026-09-29T08:45:00+00:00,orders-service,1,864m,555.188911Mi
2026-09-29T08:45:00+00:00,payments-service,1,496m,547.430132Mi
2026-09-29T08:45:00+00:00,products-service,2,782m,549.193848Mi
2026-09-29T08:50:00+00:00,orders-service,1,862m,557.555728Mi
2026-09-29T08:50:00+00:00,payments-service,1,496m,547.430132Mi
2026-09-29T08:50:00+00:00,products-service,2,782m,549.193848Mi
2026-09-29T08:55:00+00:00,orders-service,1,862m,557.555728Mi
2026-09-29T08:55:00+00:00,payments-service,1,515m,547.171393Mi
2026-09-29T08:55:00+00:00,products-service,2,782m,549.193848Mi
2026-09-29T09:00:00+00:00,orders-service,1,862m,557.555728Mi
2026-09-29T09:00:00+00:00,payments-service,1,515m,547.171393Mi
2026-09-29T09:00:00+00:00,products-service,2,765m,546.584449Mi
2026-09-29T09:05:00+00:00,orders-service,1,840m,557.21039Mi
2026-09-29T09:05:00+00:00,payments-service,1,515m,547.171393Mi
2026-09-29T09:05:00+00:00,products-service,2,765m,546.584449Mi
2026-09-29T09:10:00+00:00,orders-service,1,840m,557.21039Mi
2026-09-29T09:10:00+00:00,payments-service,1,515m,547.171393Mi
2026-09-29T09:10:00+00:00,products-service,2,765m,546.584449Mi
2026-09-29T09:15:00+00:00,orders-service,1,840m,557.21039Mi
2026-09-29T09:15:00+00:00,payments-service,1,510m,546.670779Mi
2026-09-29T09:15:00+00:00,products-service,2,756m,543.00314Mi
2026-09-29T09:20:00+00:00,orders-service,1,813m,555.164002Mi
2026-09-29T09:20:00+00:00,payments-service,1,510m,546.670779Mi
2026-09-29T09:20:00+00:00,products-service,2,756m,543.00314Mi
2026-09-29T09:25:00+00:00,orders-service,1,813m,555.164002Mi
2026-09-29T09:25:00+00:00,payments-service,1,510m,546.670779Mi
2026-09-29T09:25:00+00:00,products-service,2,756m,543.00314Mi
2026-09-29T09:30:00+00:00,orders-service,1,813m,555.164002Mi
2026-09-29T09:30:00+00:00,payments-service,1,510m,546.670779Mi
2026-09-29T09:30:00+00:00,products-service,2,756m,543.00314Mi
2026-09-29T09:35:00+00:00,orders-service,1,813m,555.164002Mi
2026-09-29T09:35:00+00:00,payments-service,1,510m,546.670779Mi
2026-09-29T09:35:00+00:00,products-service,2,757m,546.493846Mi
2026-09-29T09:40:00+00:00,orders-service,1,850m,557.032886Mi
2026-09-29T09:40:00+00:00,payments-service,1,530m,548.633119Mi
2026-09-29T09:40:00+00:00,products-service,2,757m,546.493846Mi
2026-09-29T09:45:00+00:00,orders-service,1,850m,557.032886Mi
2026-09-29T09:45:00+00:00,payments-service,1,530m,548.633119Mi
2026-09-29T09:45:00+00:00,products-service,2,757m,546.493846Mi
2026-09-29T09:50:00+00:00,orders-service,1,850m,557.032886Mi
2026-09-29T09:50:00+00:00,payments-service,1,530m,548.633119Mi
2026-09-29T09:50:00+00:00,products-service,2,757m,546.493846Mi
2026-09-29T09:55:00+00:00,orders-service,1,850m,557.032886Mi
2026-09-29T09:55:00+00:00,payments-service,1,510m,547.293812Mi
2026-09-29T09:55:00+00:00,products-service,2,772m,543.96746Mi
2026-09-29T10:00:00+00:00,orders-service,1,850m,557.032886Mi
2026-09-29T10:00:00+00:00,payments-service,1,510m,547.293812Mi
2026-09-29T10:00:00+00:00,products-service,2,772m,543.96746Mi
2026-09-29T10:05:00+00:00,orders-service,1,864m,562.468123Mi
2026-09-29T10:05:00+00:00,payments-service,1,510m,547.293812Mi
2026-09-29T10:05:00+00:00,products-service,2,772m,543.96746Mi
2026-09-29T10:10:00+00:00,orders-service,1,864m,562.468123Mi
2026-09-29T10:10:00+00:00,payments-service,1,510m,547.293812Mi
2026-09-29T10:10:00+00:00,products-service,2,772m,543.96746Mi
2026-09-29T10:15:00+00:00,orders-service,1,864m,562.468123Mi
2026-09-29T10:15:00+00:00,payments-service,1,510m,547.293812Mi
2026-09-29T10:15:00+00:00,products-service,2,772m,543.96746Mi
2026-09-29T10:20:00+00:00,orders-service,1,800m,556.822186Mi
2026-09-29T10:20:00+00:00,payments-service,1,482m,546.115791Mi
2026-09-29T10:20:00+00:00,products-service,2,772m,543.96746Mi
2026-09-29T10:25:00+00:00,orders-service,1,800m,556.822186Mi
2026-09-29T10:25:00+00:00,payments-service,1,482m,546.115791Mi
2026-09-29T10:25:00+00:00,products-service,2,772m,543.96746Mi
2026-09-29T10:30:00+00:00,orders-service,1,800m,556.822186Mi
2026-09-29T10:30:00+00:00,payments-service,1,482m,546.115791Mi
2026-09-29T10:30:00+00:00,products-service,2,772m,543.96746Mi
2026-09-29T10:35:00+00:00,orders-service,1,800m,556.822186Mi
2026-09-29T10:35:00+00:00,payments-service,1,482m,546.115791Mi
2026-09-29T10:35:00+00:00,products-service,2,752m,548.222616Mi
2026-09-29T10:40:00+00:00,orders-service,1,801m,555.029558Mi
2026-09-29T10:40:00+00:00,payments-service,1,482m,546.115791Mi
2026-09-29T10:40:00+00:00,products-service,2,752m,548.222616Mi
2026-09-29T10:45:00+00:00,orders-service,1,801m,555.029558Mi
2026-09-29T10:45:00+00:00,payments-service,1,482m,546.115791Mi
2026-09-29T10:45:00+00:00,products-service,2,752m,548.222616Mi
2026-09-29T10:50:00+00:00,orders-service,1,801m,555.029558Mi
2026-09-29T10:50:00+00:00,payments-service,1,482m,546.115791Mi
2026-09-29T10:50:00+00:00,products-service,2,752m,548.222616Mi
2026-09-29T10:55:00+00:00,orders-service,1,812m,557.578449Mi
2026-09-29T10:55:00+00:00,payments-service,1,492m,541.802518Mi
2026-09-29T10:55:00+00:00,products-service,2,766m,556.657027Mi
2026-09-29T11:00:00+00:00,orders-service,1,812m,557.578449Mi
2026-09-29T11:00:00+00:00,payments-service,1,492m,541.802518Mi
2026-09-29T11:00:00+00:00,products-service,2,766m,556.657027Mi
2026-09-29T11:05:00+00:00,orders-service,1,812m,557.578449Mi
2026-09-29T11:05:00+00:00,payments-service,1,492m,541.802518Mi
2026-09-29T11:05:00+00:00,products-service,2,766m,556.657027Mi
2026-09-29T11:10:00+00:00,orders-service,1,766m,551.979658Mi
2026-09-29T11:10:00+00:00,payments-service,1,492m,541.802518Mi
2026-09-29T11:10:00+00:00,products-service,2,707m,557.598382Mi
2026-09-29T11:15:00+00:00,orders-service,1,766m,551.979658Mi
2026-09-29T11:15:00+00:00,payments-service,1,492m,541.802518Mi
2026-09-29T11:15:00+00:00,products-service,2,707m,557.598382Mi
2026-09-29T11:20:00+00:00,orders-service,1,766m,551.979658Mi
2026-09-29T11:20:00+00:00,payments-service,1,481m,540.084825Mi
2026-09-29T11:20:00+00:00,products-service,2,707m,557.598382Mi
2026-09-29T11:25:00+00:00,orders-service,1,766m,551.979658Mi
2026-09-29T11:25:00+00:00,payments-service,1,481m,540.084825Mi
2026-09-29T11:25:00+00:00,products-service,2,707m,557.598382Mi
2026-09-29T11:30:00+00:00,orders-service,1,766m,551.979658Mi
2026-09-29T11:30:00+00:00,payments-service,1,481m,540.084825Mi
2026-09-29T11:30:00+00:00,products-service,2,702m,558.742832Mi
2026-09-29T11:35:00+00:00,orders-service,1,758m,556.446306Mi
2026-09-29T11:35:00+00:00,payments-service,1,477m,544.377118Mi
2026-09-29T11:35:00+00:00,products-service,2,702m,558.742832Mi
2026-09-29T11:40:00+00:00,orders-service,1,758m,556.446306Mi
2026-09-29T11:40:00+00:00,payments-service,1,477m,544.377118Mi
2026-09-29T11:40:00+00:00,products-service,2,702m,558.742832Mi
2026-09-29T11:45:00+00:00,orders-service,1,758m,556.446306Mi
2026-09-29T11:45:00+00:00,payments-service,1,477m,544.377118Mi
2026-09-29T11:45:00+00:00,products-service,2,702m,558.742832Mi
2026-09-29T11:50:00+00:00,orders-service,1,734m,551.713496Mi
2026-09-29T11:50:00+00:00,payments-service,1,496m,539.767925Mi
2026-09-29T11:50:00+00:00,products-service,2,702m,558.742832Mi
2026-09-29T11:55:00+00:00,orders-service,1,734m,551.713496Mi
2026-09-29T11:55:00+00:00,payments-service,1,496m,539.767925Mi
2026-09-29T11:55:00+00:00,products-service,2,702m,558.742832Mi
2026-09-29T12:00:00+00:00,orders-service,1,734m,551.713496Mi
2026-09-29T12:00:00+00:00,payments-service,1,496m,539.767925Mi
2026-09-29T12:00:00+00:00,products-service,2,702m,558.742832Mi
2026-09-29T12:05:00+00:00,orders-service,1,699m,553.322703Mi
2026-09-29T12:05:00+00:00,payments-service,1,496m,539.767925Mi
2026-09-29T12:05:00+00:00,products-service,2,702m,558.742832Mi
2026-09-29T12:10:00+00:00,orders-service,1,699m,553.322703Mi
2026-09-29T12:10:00+00:00,payments-service,1,461m,543.797466Mi
2026-09-29T12:10:00+00:00,products-service,2,702m,558.742832Mi
2026-09-29T12:15:00+00:00,orders-service,1,699m,553.322703Mi
2026-09-29T12:15:00+00:00,payments-service,1,461m,543.797466Mi
2026-09-29T12:15:00+00:00,products-service,2,694m,558.983595Mi
2026-09-29T12:20:00+00:00,orders-service,1,699m,553.322703Mi
2026-09-29T12:20:00+00:00,payments-service,1,461m,543.797466Mi
2026-09-29T12:20:00+00:00,products-service,2,694m,558.983595Mi
2026-09-29T12:25:00+00:00,orders-service,1,678m,551.175749Mi
2026-09-29T12:25:00+00:00,payments-service,1,459m,539.183769Mi
2026-09-29T12:25:00+00:00,products-service,2,694m,558.983595Mi
2026-09-29T12:30:00+00:00,orders-service,1,678m,551.175749Mi
2026-09-29T12:30:00+00:00,payments-service,1,459m,539.183769Mi
2026-09-29T12:30:00+00:00,products-service,2,641m,564.513665Mi
2026-09-29T12:35:00+00:00,orders-service,1,678m,551.175749Mi
2026-09-29T12:35:00+00:00,payments-service,1,459m,539.183769Mi
2026-09-29T12:35:00+00:00,products-service,2,641m,564.513665Mi
2026-09-29T12:40:00+00:00,orders-service,1,682m,551.273107Mi
2026-09-29T12:40:00+00:00,payments-service,1,459m,539.183769Mi
2026-09-29T12:40:00+00:00,products-service,2,641m,564.513665Mi
2026-09-29T12:45:00+00:00,orders-service,1,682m,551.273107Mi
2026-09-29T12:45:00+00:00,payments-service,1,454m,542.482309Mi
2026-09-29T12:45:00+00:00,products-service,2,641m,564.513665Mi
2026-09-29T12:50:00+00:00,orders-service,1,682m,551.273107Mi
2026-09-29T12:50:00+00:00,payments-service,1,454m,542.482309Mi
2026-09-29T12:50:00+00:00,products-service,2,613m,562.845395Mi
2026-09-29T12:55:00+00:00,orders-service,1,665m,552.02748Mi
2026-09-29T12:55:00+00:00,payments-service,1,454m,542.482309Mi
2026-09-29T12:55:00+00:00,products-service,2,613m,562.845395Mi
2026-09-29T13:00:00+00:00,orders-service,1,665m,552.02748Mi
2026-09-29T13:00:00+00:00,payments-service,1,454m,542.482309Mi
2026-09-29T13:00:00+00:00,products-service,2,613m,562.845395Mi
2026-09-29T13:05:00+00:00,orders-service,1,665m,552.02748Mi
2026-09-29T13:05:00+00:00,payments-service,1,454m,542.482309Mi
2026-09-29T13:05:00+00:00,products-service,2,613m,562.845395Mi
2026-09-29T13:10:00+00:00,orders-service,1,665m,552.02748Mi
2026-09-29T13:10:00+00:00,payments-service,1,454m,542.482309Mi
2026-09-29T13:10:00+00:00,products-service,2,613m,562.845395Mi
2026-09-29T13:15:00+00:00,orders-service,1,665m,552.02748Mi
2026-09-29T13:15:00+00:00,payments-service,1,454m,542.482309Mi
2026-09-29T13:15:00+00:00,products-service,2,579m,555.864794Mi
2026-09-29T13:20:00+00:00,orders-service,1,665m,552.02748Mi
2026-09-29T13:20:00+00:00,payments-service,1,454m,542.482309Mi
2026-09-29T13:20:00+00:00,products-service,2,579m,555.864794Mi
2026-09-29T13:25:00+00:00,orders-service,1,665m,552.02748Mi
2026-09-29T13:25:00+00:00,payments-service,1,438m,546.348246Mi
2026-09-29T13:25:00+00:00,products-service,2,579m,555.864794Mi
2026-09-29T13:30:00+00:00,orders-service,1,660m,550.352276Mi
2026-09-29T13:30:00+00:00,payments-service,1,438m,546.348246Mi
2026-09-29T13:30:00+00:00,products-service,2,579m,555.864794Mi
2026-09-29T13:35:00+00:00,orders-service,1,660m,550.352276Mi
2026-09-29T13:35:00+00:00,payments-service,1,438m,546.348246Mi
2026-09-29T13:35:00+00:00,products-service,2,579m,555.864794Mi
2026-09-29T13:40:00+00:00,orders-service,1,660m,550.352276Mi
2026-09-29T13:40:00+00:00,payments-service,1,438m,546.348246Mi
2026-09-29T13:40:00+00:00,products-service,2,566m,546.409016Mi
2026-09-29T13:45:00+00:00,orders-service,1,660m,550.352276Mi
2026-09-29T13:45:00+00:00,payments-service,1,438m,546.348246Mi
2026-09-29T13:45:00+00:00,products-service,2,566m,546.409016Mi
2026-09-29T13:50:00+00:00,orders-service,1,660m,550.352276Mi
2026-09-29T13:50:00+00:00,payments-service,1,438m,546.348246Mi
2026-09-29T13:50:00+00:00,products-service,2,566m,546.409016Mi
2026-09-29T13:55:00+00:00,orders-service,1,655m,549.089189Mi
2026-09-29T13:55:00+00:00,payments-service,1,438m,546.348246Mi
2026-09-29T13:55:00+00:00,products-service,2,566m,546.409016Mi
2026-09-29T14:00:00+00:00,orders-service,1,655m,549.089189Mi
2026-09-29T14:00:00+00:00,payments-service,1,430m,542.445329Mi
2026-09-29T14:00:00+00:00,products-service,2,566m,546.409016Mi
2026-09-29T14:05:00+00:00,orders-service,1,655m,549.089189Mi
2026-09-29T14:05:00+00:00,payments-service,1,430m,542.445329Mi
2026-09-29T14:05:00+00:00,products-service,2,550m,543.297163Mi
2026-09-29T14:10:00+00:00,orders-service,1,655m,549.089189Mi
2026-09-29T14:10:00+00:00,payments-service,1,430m,542.445329Mi
2026-09-29T14:10:00+00:00,products-service,2,550m,543.297163Mi
2026-09-29T14:15:00+00:00,orders-service,1,611m,547.407282Mi
2026-09-29T14:15:00+00:00,payments-service,1,430m,542.445329Mi
2026-09-29T14:15:00+00:00,products-service,2,550m,543.297163Mi
2026-09-29T14:20:00+00:00,orders-service,1,611m,547.407282Mi
2026-09-29T14:20:00+00:00,payments-service,1,430m,542.445329Mi
2026-09-29T14:20:00+00:00,products-service,2,513m,532.108843Mi
2026-09-29T14:25:00+00:00,orders-service,1,611m,547.407282Mi
2026-09-29T14:25:00+00:00,payments-service,1,426m,540.191657Mi
2026-09-29T14:25:00+00:00,products-service,2,513m,532.108843Mi
2026-09-29T14:30:00+00:00,orders-service,1,588m,546.908506Mi
2026-09-29T14:30:00+00:00,payments-service,1,426m,540.191657Mi
2026-09-29T14:30:00+00:00,products-service,2,513m,532.108843Mi
2026-09-29T14:35:00+00:00,orders-service,1,588m,546.908506Mi
2026-09-29T14:35:00+00:00,payments-service,1,426m,540.191657Mi
2026-09-29T14:35:00+00:00,products-service,2,510m,527.857893Mi
2026-09-29T14:40:00+00:00,orders-service,1,588m,546.908506Mi
2026-09-29T14:40:00+00:00,payments-service,1,426m,540.191657Mi
2026-09-29T14:40:00+00:00,products-service,2,510m,527.857893Mi
2026-09-29T14:45:00+00:00,orders-service,1,563m,542.344494Mi
2026-09-29T14:45:00+00:00,payments-service,1,426m,540.191657Mi
2026-09-29T14:45:00+00:00,products-service,2,510m,527.857893Mi
2026-09-29T14:50:00+00:00,orders-service,1,563m,542.344494Mi
2026-09-29T14:50:00+00:00,payments-service,1,420m,542.711404Mi
2026-09-29T14:50:00+00:00,products-service,2,499m,519.806683Mi
2026-09-29T14:55:00+00:00,orders-service,1,563m,542.344494Mi
2026-09-29T14:55:00+00:00,payments-service,1,420m,542.711404Mi
2026-09-29T14:55:00+00:00,products-service,2,499m,519.806683Mi
2026-09-29T15:00:00+00:00,orders-service,1,563m,542.344494Mi
2026-09-29T15:00:00+00:00,payments-service,1,420m,542.711404Mi
2026-09-29T15:00:00+00:00,products-service,2,499m,519.806683Mi
2026-09-29T15:05:00+00:00,orders-service,1,563m,542.344494Mi
2026-09-29T15:05:00+00:00,payments-service,1,418m,540.807194Mi
2026-09-29T15:05:00+00:00,products-service,2,499m,519.806683Mi
2026-09-29T15:10:00+00:00,orders-service,1,511m,536.724504Mi
2026-09-29T15:10:00+00:00,payments-service,1,418m,540.807194Mi
2026-09-29T15:10:00+00:00,products-service,2,499m,519.806683Mi
2026-09-29T15:15:00+00:00,orders-service,1,511m,536.724504Mi
2026-09-29T15:15:00+00:00,payments-service,1,418m,540.807194Mi
2026-09-29T15:15:00+00:00,products-service,2,482m,515.122673Mi
2026-09-29T15:20:00+00:00,orders-service,1,511m,536.724504Mi
2026-09-29T15:20:00+00:00,payments-service,1,418m,540.807194Mi
2026-09-29T15:20:00+00:00,products-service,2,482m,515.122673Mi
2026-09-29T15:25:00+00:00,orders-service,1,511m,536.724504Mi
2026-09-29T15:25:00+00:00,payments-service,1,418m,540.807194Mi
2026-09-29T15:25:00+00:00,products-service,2,482m,515.122673Mi
2026-09-29T15:30:00+00:00,orders-service,1,511m,536.724504Mi
2026-09-29T15:30:00+00:00,payments-service,1,407m,537.000759Mi
2026-09-29T15:30:00+00:00,products-service,2,482m,515.122673Mi
2026-09-29T15:35:00+00:00,orders-service,1,511m,536.724504Mi
2026-09-29T15:35:00+00:00,payments-service,1,407m,537.000759Mi
2026-09-29T15:35:00+00:00,products-service,2,482m,515.122673Mi
2026-09-29T15:40:00+00:00,orders-service,1,511m,536.724504Mi
2026-09-29T15:40:00+00:00,payments-service,1,407m,537.000759Mi
2026-09-29T15:40:00+00:00,products-service,2,482m,515.122673Mi
2026-09-29T15:45:00+00:00,orders-service,1,511m,536.724504Mi
2026-09-29T15:45:00+00:00,payments-service,1,407m,537.000759Mi
2026-09-29T15:45:00+00:00,products-service,2,482m,515.122673Mi
2026-09-29T15:50:00+00:00,orders-service,1,511m,536.724504Mi
2026-09-29T15:50:00+00:00,payments-service,1,407m,537.000759Mi
2026-09-29T15:50:00+00:00,products-service,2,482m,515.122673Mi
2026-09-29T15:55:00+00:00,orders-service,1,511m,536.724504Mi
2026-09-29T15:55:00+00:00,payments-service,1,407m,537.000759Mi
2026-09-29T15:55:00+00:00,products-service,2,482m,515.122673Mi
2026-09-29T16:00:00+00:00,orders-service,1,511m,536.724504Mi
2026-09-29T16:00:00+00:00,payments-service,1,405m,535.847288Mi
2026-09-29T16:00:00+00:00,products-service,2,482m,515.122673Mi
2026-09-29T16:05:00+00:00,orders-service,1,511m,536.724504Mi
2026-09-29T16:05:00+00:00,payments-service,1,405m,535.847288Mi
2026-09-29T16:05:00+00:00,products-service,2,482m,515.122673Mi
2026-09-29T16:10:00+00:00,orders-service,1,464m,537.905561Mi
2026-09-29T16:10:00+00:00,payments-service,1,405m,535.847288Mi
2026-09-29T16:10:00+00:00,products-service,2,482m,515.122673Mi
2026-09-29T16:15:00+00:00,orders-service,1,464m,537.905561Mi
2026-09-29T16:15:00+00:00,payments-service,1,402m,535.78192Mi
2026-09-29T16:15:00+00:00,products-service,2,474m,513.249069Mi
2026-09-29T16:20:00+00:00,orders-service,1,464m,537.905561Mi
2026-09-29T16:20:00+00:00,payments-service,1,402m,535.78192Mi
2026-09-29T16:20:00+00:00,products-service,2,474m,513.249069Mi
2026-09-29T16:25:00+00:00,orders-service,1,464m,537.905561Mi
2026-09-29T16:25:00+00:00,payments-service,1,402m,535.78192Mi
2026-09-29T16:25:00+00:00,products-service,2,474m,513.249069Mi
2026-09-29T16:30:00+00:00,orders-service,1,442m,538.379338Mi
2026-09-29T16:30:00+00:00,payments-service,1,401m,531.946044Mi
2026-09-29T16:30:00+00:00,products-service,2,440m,512.53515Mi
2026-09-29T16:35:00+00:00,orders-service,1,442m,538.379338Mi
2026-09-29T16:35:00+00:00,payments-service,1,401m,531.946044Mi
2026-09-29T16:35:00+00:00,products-service,2,440m,512.53515Mi
2026-09-29T16:40:00+00:00,orders-service,1,442m,538.379338Mi
2026-09-29T16:40:00+00:00,payments-service,1,401m,531.946044Mi
2026-09-29T16:40:00+00:00,products-service,2,440m,512.53515Mi
2026-09-29T16:45:00+00:00,orders-service,1,442m,538.379338Mi
2026-09-29T16:45:00+00:00,payments-service,1,400m,528.781872Mi
2026-09-29T16:45:00+00:00,products-service,2,440m,512.53515Mi
2026-09-29T16:50:00+00:00,orders-service,1,441m,535.683363Mi
2026-09-29T16:50:00+00:00,payments-service,1,400m,528.781872Mi
2026-09-29T16:50:00+00:00,products-service,2,440m,512.53515Mi
2026-09-29T16:55:00+00:00,orders-service,1,441m,535.683363Mi
2026-09-29T16:55:00+00:00,payments-service,1,400m,528.781872Mi
2026-09-29T16:55:00+00:00,products-service,2,440m,512.53515Mi
2026-09-29T17:00:00+00:00,orders-service,1,441m,535.683363Mi
2026-09-29T17:00:00+00:00,payments-service,1,400m,521.91292Mi
2026-09-29T17:00:00+00:00,products-service,2,440m,512.53515Mi
2026-09-29T17:05:00+00:00,orders-service,1,441m,535.683363Mi
2026-09-29T17:05:00+00:00,payments-service,1,400m,521.91292Mi
2026-09-29T17:05:00+00:00,products-service,2,432m,512.21406Mi
2026-09-29T17:10:00+00:00,orders-service,1,441m,535.683363Mi
2026-09-29T17:10:00+00:00,payments-service,1,400m,521.91292Mi
2026-09-29T17:10:00+00:00,products-service,2,432m,512.21406Mi
2026-09-29T17:15:00+00:00,orders-service,1,441m,535.683363Mi
2026-09-29T17:15:00+00:00,payments-service,1,400m,526.002827Mi
2026-09-29T17:15:00+00:00,products-service,2,432m,512.21406Mi
2026-09-29T17:20:00+00:00,orders-service,1,441m,535.683363Mi
2026-09-29T17:20:00+00:00,payments-service,1,400m,526.002827Mi
2026-09-29T17:20:00+00:00,products-service,2,432m,512.21406Mi
2026-09-29T17:25:00+00:00,orders-service,1,434m,538.037029Mi
2026-09-29T17:25:00+00:00,payments-service,1,400m,526.002827Mi
2026-09-29T17:25:00+00:00,products-service,2,432m,512.21406Mi
2026-09-29T17:30:00+00:00,orders-service,1,434m,538.037029Mi
2026-09-29T17:30:00+00:00,payments-service,1,400m,526.002827Mi
2026-09-29T17:30:00+00:00,products-service,2,422m,512.085624Mi
2026-09-29T17:35:00+00:00,orders-service,1,434m,538.037029Mi
2026-09-29T17:35:00+00:00,payments-service,1,400m,525.353596Mi
2026-09-29T17:35:00+00:00,products-service,2,422m,512.085624Mi
2026-09-29T17:40:00+00:00,orders-service,1,433m,544.092851Mi
2026-09-29T17:40:00+00:00,payments-service,1,400m,525.353596Mi
2026-09-29T17:40:00+00:00,products-service,2,422m,512.085624Mi
2026-09-29T17:45:00+00:00,orders-service,1,433m,544.092851Mi
2026-09-29T17:45:00+00:00,payments-service,1,400m,525.353596Mi
2026-09-29T17:45:00+00:00,products-service,2,422m,512.085624Mi
2026-09-29T17:50:00+00:00,orders-service,1,433m,544.092851Mi
2026-09-29T17:50:00+00:00,payments-service,1,400m,523.566768Mi
2026-09-29T17:50:00+00:00,products-service,2,422m,512.085624Mi
2026-09-29T17:55:00+00:00,orders-service,1,433m,544.092851Mi
2026-09-29T17:55:00+00:00,payments-service,1,400m,523.566768Mi
2026-09-29T17:55:00+00:00,products-service,2,422m,512.085624Mi
2026-09-29T18:00:00+00:00,orders-service,1,423m,540.230488Mi
2026-09-29T18:00:00+00:00,payments-service,1,400m,523.566768Mi
2026-09-29T18:00:00+00:00,products-service,2,422m,512.085624Mi
2026-09-29T18:05:00+00:00,orders-service,1,423m,540.230488Mi
2026-09-29T18:05:00+00:00,payments-service,1,400m,523.566768Mi
2026-09-29T18:05:00+00:00,products-service,2,422m,512.085624Mi
2026-09-29T18:10:00+00:00,orders-service,1,423m,540.230488Mi
2026-09-29T18:10:00+00:00,payments-service,1,400m,528.242515Mi
2026-09-29T18:10:00+00:00,products-service,2,411m,512.03425Mi
2026-09-29T18:15:00+00:00,orders-service,1,423m,540.230488Mi
2026-09-29T18:15:00+00:00,payments-service,1,400m,528.242515Mi
2026-09-29T18:15:00+00:00,products-service,2,411m,512.03425Mi
2026-09-29T18:20:00+00:00,orders-service,1,423m,540.230488Mi
2026-09-29T18:20:00+00:00,payments-service,1,400m,528.242515Mi
2026-09-29T18:20:00+00:00,products-service,2,411m,512.03425Mi
2026-09-29T18:25:00+00:00,orders-service,1,413m,539.214681Mi
2026-09-29T18:25:00+00:00,payments-service,1,400m,528.242515Mi
2026-09-29T18:25:00+00:00,products-service,2,407m,512.0137Mi
2026-09-29T18:30:00+00:00,orders-service,1,413m,539.214681Mi
2026-09-29T18:30:00+00:00,payments-service,1,400m,525.159518Mi
2026-09-29T18:30:00+00:00,products-service,2,407m,512.0137Mi
2026-09-29T18:35:00+00:00,orders-service,1,413m,539.214681Mi
2026-09-29T18:35:00+00:00,payments-service,1,400m,525.159518Mi
2026-09-29T18:35:00+00:00,products-service,2,407m,512.0137Mi
2026-09-29T18:40:00+00:00,orders-service,1,409m,539.689132Mi
2026-09-29T18:40:00+00:00,payments-service,1,400m,525.159518Mi
2026-09-29T18:40:00+00:00,products-service,2,407m,512.0137Mi
2026-09-29T18:45:00+00:00,orders-service,1,409m,539.689132Mi
2026-09-29T18:45:00+00:00,payments-service,1,400m,525.159518Mi
2026-09-29T18:45:00+00:00,products-service,2,407m,512.0137Mi
2026-09-29T18:50:00+00:00,orders-service,1,409m,539.689132Mi
2026-09-29T18:50:00+00:00,payments-service,1,400m,525.159518Mi
2026-09-29T18:50:00+00:00,products-service,2,407m,512.0137Mi
2026-09-29T18:55:00+00:00,orders-service,1,409m,539.689132Mi
2026-09-29T18:55:00+00:00,payments-service,1,400m,529.85923Mi
2026-09-29T18:55:00+00:00,products-service,2,403m,512.00548Mi
2026-09-29T19:00:00+00:00,orders-service,1,409m,539.689132Mi
2026-09-29T19:00:00+00:00,payments-service,1,400m,529.85923Mi
2026-09-29T19:00:00+00:00,products-service,2,403m,512.00548Mi
2026-09-29T19:05:00+00:00,orders-service,1,404m,541.146478Mi
2026-09-29T19:05:00+00:00,payments-service,1,400m,529.85923Mi
2026-09-29T19:05:00+00:00,products-service,2,403m,512.00548Mi
2026-09-29T19:10:00+00:00,orders-service,1,404m,541.146478Mi
2026-09-29T19:10:00+00:00,payments-service,1,400m,529.85923Mi
2026-09-29T19:10:00+00:00,products-service,2,403m,512.00548Mi
2026-09-29T19:15:00+00:00,orders-service,1,404m,541.146478Mi
2026-09-29T19:15:00+00:00,payments-service,1,400m,526.367496Mi
2026-09-29T19:15:00+00:00,products-service,2,403m,512.00548Mi
2026-09-29T19:20:00+00:00,orders-service,1,404m,541.146478Mi
2026-09-29T19:20:00+00:00,payments-service,1,400m,526.367496Mi
2026-09-29T19:20:00+00:00,products-service,2,401m,512.002192Mi
2026-09-29T19:25:00+00:00,orders-service,1,404m,541.146478Mi
2026-09-29T19:25:00+00:00,payments-service,1,400m,526.367496Mi
2026-09-29T19:25:00+00:00,products-service,2,401m,512.002192Mi
2026-09-29T19:30:00+00:00,orders-service,1,404m,541.146478Mi
2026-09-29T19:30:00+00:00,payments-service,1,400m,529.524269Mi
2026-09-29T19:30:00+00:00,products-service,2,401m,512.002192Mi
2026-09-29T19:35:00+00:00,orders-service,1,404m,541.146478Mi
2026-09-29T19:35:00+00:00,payments-service,1,400m,529.524269Mi
2026-09-29T19:35:00+00:00,products-service,2,400m,512.000877Mi
2026-09-29T19:40:00+00:00,orders-service,1,404m,541.146478Mi
2026-09-29T19:40:00+00:00,payments-service,1,400m,529.524269Mi
2026-09-29T19:40:00+00:00,products-service,2,400m,512.000877Mi
2026-09-29T19:45:00+00:00,orders-service,1,404m,541.146478Mi
2026-09-29T19:45:00+00:00,payments-service,1,400m,523.51542Mi
2026-09-29T19:45:00+00:00,products-service,2,400m,512.000877Mi
2026-09-29T19:50:00+00:00,orders-service,1,404m,541.608384Mi
2026-09-29T19:50:00+00:00,payments-service,1,400m,523.51542Mi
2026-09-29T19:50:00+00:00,products-service,2,400m,512.000351Mi
2026-09-29T19:55:00+00:00,orders-service,1,404m,541.608384Mi
2026-09-29T19:55:00+00:00,payments-service,1,400m,523.51542Mi
2026-09-29T19:55:00+00:00,products-service,2,400m,512.000351Mi
2026-09-29T20:00:00+00:00,orders-service,1,404m,541.608384Mi
2026-09-29T20:00:00+00:00,payments-service,1,400m,517.152628Mi
2026-09-29T20:00:00+00:00,products-service,2,400m,512.000351Mi
2026-09-29T20:05:00+00:00,orders-service,1,404m,541.608384Mi
2026-09-29T20:05:00+00:00,payments-service,1,400m,517.152628Mi
2026-09-29T20:05:00+00:00,products-service,2,400m,512.00014Mi
2026-09-29T20:10:00+00:00,orders-service,1,404m,541.608384Mi
2026-09-29T20:10:00+00:00,payments-service,1,400m,517.152628Mi
2026-09-29T20:10:00+00:00,products-service,2,400m,512.00014Mi
2026-09-29T20:15:00+00:00,orders-service,1,404m,541.608384Mi
2026-09-29T20:15:00+00:00,payments-service,1,400m,523.374015Mi
2026-09-29T20:15:00+00:00,products-service,2,400m,512.00014Mi
2026-09-29T20:20:00+00:00,orders-service,1,404m,541.608384Mi
2026-09-29T20:20:00+00:00,payments-service,1,400m,523.374015Mi
2026-09-29T20:20:00+00:00,products-service,2,400m,512.000056Mi
2026-09-29T20:25:00+00:00,orders-service,1,407m,542.436505Mi
2026-09-29T20:25:00+00:00,payments-service,1,400m,523.374015Mi
2026-09-29T20:25:00+00:00,products-service,2,400m,512.000056Mi
2026-09-29T20:30:00+00:00,orders-service,1,407m,542.436505Mi
2026-09-29T20:30:00+00:00,payments-service,1,400m,526.408847Mi
2026-09-29T20:30:00+00:00,products-service,2,400m,512.000056Mi
2026-09-29T20:35:00+00:00,orders-service,1,407m,542.436505Mi
2026-09-29T20:35:00+00:00,payments-service,1,400m,526.408847Mi
2026-09-29T20:35:00+00:00,products-service,2,400m,512.000022Mi
2026-09-29T20:40:00+00:00,orders-service,1,406m,542.065874Mi
2026-09-29T20:40:00+00:00,payments-service,1,400m,526.408847Mi
2026-09-29T20:40:00+00:00,products-service,2,400m,512.000022Mi
2026-09-29T20:45:00+00:00,orders-service,1,406m,542.065874Mi
2026-09-29T20:45:00+00:00,payments-service,1,400m,526.408847Mi
2026-09-29T20:45:00+00:00,products-service,2,400m,512.000022Mi
2026-09-29T20:50:00+00:00,orders-service,1,406m,542.065874Mi
2026-09-29T20:50:00+00:00,payments-service,1,400m,526.408847Mi
2026-09-29T20:50:00+00:00,products-service,2,400m,512.000022Mi
2026-09-29T20:55:00+00:00,orders-service,1,407m,542.581599Mi
2026-09-29T20:55:00+00:00,payments-service,1,400m,526.408847Mi
2026-09-29T20:55:00+00:00,products-service,2,400m,512.000009Mi
2026-09-29T21:00:00+00:00,orders-service,1,407m,542.581599Mi
2026-09-29T21:00:00+00:00,payments-service,1,400m,521.298646Mi
2026-09-29T21:00:00+00:00,products-service,2,400m,512.000009Mi
2026-09-29T21:05:00+00:00,orders-service,1,407m,542.581599Mi
2026-09-29T21:05:00+00:00,payments-service,1,400m,521.298646Mi
2026-09-29T21:05:00+00:00,products-service,2,400m,512.000009Mi
2026-09-29T21:10:00+00:00,orders-service,1,407m,542.581599Mi
2026-09-29T21:10:00+00:00,payments-service,1,400m,521.298646Mi
2026-09-29T21:10:00+00:00,products-service,2,400m,512.000004Mi
2026-09-29T21:15:00+00:00,orders-service,1,407m,542.581599Mi
2026-09-29T21:15:00+00:00,payments-service,1,400m,521.298646Mi
2026-09-29T21:15:00+00:00,products-service,2,400m,512.000004Mi
2026-09-29T21:20:00+00:00,orders-service,1,407m,542.581599Mi
2026-09-29T21:20:00+00:00,payments-service,1,400m,522.062195Mi
2026-09-29T21:20:00+00:00,products-service,2,400m,512.000004Mi
2026-09-29T21:25:00+00:00,orders-service,1,406m,541.913963Mi
2026-09-29T21:25:00+00:00,payments-service,1,400m,522.062195Mi
2026-09-29T21:25:00+00:00,products-service,2,400m,512.000004Mi
2026-09-29T21:30:00+00:00,orders-service,1,406m,541.913963Mi
2026-09-29T21:30:00+00:00,payments-service,1,400m,522.062195Mi
2026-09-29T21:30:00+00:00,products-service,2,400m,512.000002Mi
2026-09-29T21:35:00+00:00,orders-service,1,406m,541.913963Mi
2026-09-29T21:35:00+00:00,payments-service,1,400m,523.326575Mi
2026-09-29T21:35:00+00:00,products-service,2,400m,512.000002Mi
2026-09-29T21:40:00+00:00,orders-service,1,406m,541.913963Mi
2026-09-29T21:40:00+00:00,payments-service,1,400m,523.326575Mi
2026-09-29T21:40:00+00:00,products-service,2,400m,512.000002Mi
2026-09-29T21:45:00+00:00,orders-service,1,406m,541.913963Mi
2026-09-29T21:45:00+00:00,payments-service,1,400m,523.326575Mi
2026-09-29T21:45:00+00:00,products-service,2,400m,512.000002Mi
2026-09-29T21:50:00+00:00,orders-service,1,406m,541.913963Mi
2026-09-29T21:50:00+00:00,payments-service,1,400m,523.326575Mi
2026-09-29T21:50:00+00:00,products-service,2,400m,512.000002Mi
2026-09-29T21:55:00+00:00,orders-service,1,403m,539.87507Mi
2026-09-29T21:55:00+00:00,payments-service,1,400m,517.155679Mi
2026-09-29T21:55:00+00:00,products-service,2,400m,512.000002Mi
2026-09-29T22:00:00+00:00,orders-service,1,403m,539.87507Mi
2026-09-29T22:00:00+00:00,payments-service,1,400m,517.155679Mi
2026-09-29T22:00:00+00:00,products-service,2,400m,512.000002Mi
2026-09-29T22:05:00+00:00,orders-service,1,403m,539.87507Mi
2026-09-29T22:05:00+00:00,payments-service,1,400m,517.155679Mi
2026-09-29T22:05:00+00:00,products-service,2,400m,512.000002Mi
2026-09-29T22:10:00+00:00,orders-service,1,412m,539.986356Mi
2026-09-29T22:10:00+00:00,payments-service,1,400m,521.455448Mi
2026-09-29T22:10:00+00:00,products-service,2,411m,514.991834Mi
2026-09-29T22:15:00+00:00,orders-service,1,412m,539.986356Mi
2026-09-29T22:15:00+00:00,payments-service,1,400m,521.455448Mi
2026-09-29T22:15:00+00:00,products-service,2,411m,514.991834Mi
2026-09-29T22:20:00+00:00,orders-service,1,412m,539.986356Mi
2026-09-29T22:20:00+00:00,payments-service,1,400m,521.455448Mi
2026-09-29T22:20:00+00:00,products-service,2,411m,514.991834Mi
2026-09-29T22:25:00+00:00,orders-service,1,412m,539.986356Mi
2026-09-29T22:25:00+00:00,payments-service,1,400m,518.436073Mi
2026-09-29T22:25:00+00:00,products-service,2,411m,514.991834Mi
2026-09-29T22:30:00+00:00,orders-service,1,412m,539.986356Mi
2026-09-29T22:30:00+00:00,payments-service,1,400m,518.436073Mi
2026-09-29T22:30:00+00:00,products-service,2,411m,514.991834Mi
2026-09-29T22:35:00+00:00,orders-service,1,426m,536.921337Mi
2026-09-29T22:35:00+00:00,payments-service,1,400m,518.436073Mi
2026-09-29T22:35:00+00:00,products-service,2,411m,514.991834Mi
2026-09-29T22:40:00+00:00,orders-service,1,426m,536.921337Mi
2026-09-29T22:40:00+00:00,payments-service,1,400m,526.572671Mi
2026-09-29T22:40:00+00:00,products-service,2,420m,515.070232Mi
2026-09-29T22:45:00+00:00,orders-service,1,426m,536.921337Mi
2026-09-29T22:45:00+00:00,payments-service,1,400m,526.572671Mi
2026-09-29T22:45:00+00:00,products-service,2,420m,515.070232Mi
2026-09-29T22:50:00+00:00,orders-service,1,426m,536.921337Mi
2026-09-29T22:50:00+00:00,payments-service,1,400m,526.572671Mi
2026-09-29T22:50:00+00:00,products-service,2,420m,515.070232Mi
2026-09-29T22:55:00+00:00,orders-service,1,426m,536.921337Mi
2026-09-29T22:55:00+00:00,payments-service,1,400m,526.572671Mi
2026-09-29T22:55:00+00:00,products-service,2,420m,515.070232Mi
2026-09-29T23:00:00+00:00,orders-service,1,426m,536.921337Mi
2026-09-29T23:00:00+00:00,payments-service,1,400m,527.683146Mi
2026-09-29T23:00:00+00:00,products-service,2,420m,515.070232Mi
2026-09-29T23:05:00+00:00,orders-service,1,441m,535.773955Mi
2026-09-29T23:05:00+00:00,payments-service,1,400m,527.683146Mi
2026-09-29T23:05:00+00:00,products-service,2,434m,524.257085Mi
2026-09-29T23:10:00+00:00,orders-service,1,441m,535.773955Mi
2026-09-29T23:10:00+00:00,payments-service,1,400m,527.683146Mi
2026-09-29T23:10:00+00:00,products-service,2,434m,524.257085Mi
2026-09-29T23:15:00+00:00,orders-service,1,441m,535.773955Mi
2026-09-29T23:15:00+00:00,payments-service,1,400m,527.683146Mi
2026-09-29T23:15:00+00:00,products-service,2,434m,524.257085Mi
2026-09-29T23:20:00+00:00,orders-service,1,441m,535.773955Mi
2026-09-29T23:20:00+00:00,payments-service,1,400m,527.683146Mi
2026-09-29T23:20:00+00:00,products-service,2,445m,530.574477Mi
2026-09-29T23:25:00+00:00,orders-service,1,441m,535.773955Mi
2026-09-29T23:25:00+00:00,payments-service,1,400m,527.683146Mi
2026-09-29T23:25:00+00:00,products-service,2,445m,530.574477Mi
2026-09-29T23:30:00+00:00,orders-service,1,441m,535.773955Mi
2026-09-29T23:30:00+00:00,payments-service,1,405m,533.808659Mi
2026-09-29T23:30:00+00:00,products-service,2,445m,530.574477Mi
2026-09-29T23:35:00+00:00,orders-service,1,460m,536.038964Mi
2026-09-29T23:35:00+00:00,payments-service,1,405m,533.808659Mi
2026-09-29T23:35:00+00:00,products-service,2,450m,532.593755Mi
2026-09-29T23:40:00+00:00,orders-service,1,460m,536.038964Mi
2026-09-29T23:40:00+00:00,payments-service,1,405m,533.808659Mi
2026-09-29T23:40:00+00:00,products-service,2,450m,532.593755Mi
2026-09-29T23:45:00+00:00,orders-service,1,460m,536.038964Mi
2026-09-29T23:45:00+00:00,payments-service,1,405m,533.808659Mi
2026-09-29T23:45:00+00:00,products-service,2,450m,532.593755Mi
2026-09-29T23:50:00+00:00,orders-service,1,460m,536.038964Mi
2026-09-29T23:50:00+00:00,payments-service,1,405m,533.808659Mi
2026-09-29T23:50:00+00:00,products-service,2,450m,532.593755Mi
2026-09-29T23:55:00+00:00,orders-service,1,460m,536.038964Mi
2026-09-29T23:55:00+00:00,payments-service,1,405m,533.808659Mi
2026-09-29T23:55:00+00:00,products-service,2,448m,530.166396Mi
2026-09-30T00:00:00+00:00,orders-service,1,552m,547.25383Mi
2026-09-30T00:00:00+00:00,payments-service,1,405m,533.808659Mi
2026-09-30T00:00:00+00:00,products-service,2,448m,530.166396Mi
2026-09-30T00:05:00+00:00,orders-service,1,552m,547.25383Mi
2026-09-30T00:05:00+00:00,payments-service,1,431m,536.456764Mi
2026-09-30T00:05:00+00:00,products-service,2,448m,530.166396Mi
2026-09-30T00:10:00+00:00,orders-service,1,552m,547.25383Mi
2026-09-30T00:10:00+00:00,payments-service,1,431m,536.456764Mi
2026-09-30T00:10:00+00:00,products-service,2,498m,533.709332Mi
2026-09-30T00:15:00+00:00,orders-service,1,584m,546.991119Mi
2026-09-30T00:15:00+00:00,payments-service,1,431m,536.456764Mi
2026-09-30T00:15:00+00:00,products-service,2,498m,533.709332Mi
2026-09-30T00:20:00+00:00,orders-service,1,584m,546.991119Mi
2026-09-30T00:20:00+00:00,payments-service,1,431m,536.456764Mi
2026-09-30T00:20:00+00:00,products-service,2,498m,533.709332Mi
2026-09-30T00:25:00+00:00,orders-service,1,584m,546.991119Mi
2026-09-30T00:25:00+00:00,payments-service,1,431m,536.456764Mi
2026-09-30T00:25:00+00:00,products-service,2,535m,535.697246Mi
2026-09-30T00:30:00+00:00,orders-service,1,584m,546.991119Mi
2026-09-30T00:30:00+00:00,payments-service,1,431m,536.456764Mi
2026-09-30T00:30:00+00:00,products-service,2,535m,535.697246Mi
2026-09-30T00:35:00+00:00,orders-service,1,584m,546.991119Mi
2026-09-30T00:35:00+00:00,payments-service,1,426m,540.664322Mi
2026-09-30T00:35:00+00:00,products-service,2,535m,535.697246Mi
2026-09-30T00:40:00+00:00,orders-service,1,584m,546.991119Mi
2026-09-30T00:40:00+00:00,payments-service,1,426m,540.664322Mi
2026-09-30T00:40:00+00:00,products-service,2,535m,535.697246Mi
2026-09-30T00:45:00+00:00,orders-service,1,603m,547.929736Mi
2026-09-30T00:45:00+00:00,payments-service,1,426m,540.664322Mi
2026-09-30T00:45:00+00:00,products-service,2,535m,535.697246Mi
2026-09-30T00:50:00+00:00,orders-service,1,603m,547.929736Mi
2026-09-30T00:50:00+00:00,payments-service,1,429m,542.004571Mi
2026-09-30T00:50:00+00:00,products-service,2,535m,535.697246Mi
2026-09-30T00:55:00+00:00,orders-service,1,603m,547.929736Mi
2026-09-30T00:55:00+00:00,payments-service,1,429m,542.004571Mi
2026-09-30T00:55:00+00:00,products-service,2,538m,531.759795Mi
2026-09-30T01:00:00+00:00,orders-service,1,603m,547.929736Mi
2026-09-30T01:00:00+00:00,payments-service,1,429m,542.004571Mi
2026-09-30T01:00:00+00:00,products-service,2,538m,531.759795Mi
2026-09-30T01:05:00+00:00,orders-service,1,603m,547.929736Mi
2026-09-30T01:05:00+00:00,payments-service,1,429m,542.004571Mi
2026-09-30T01:05:00+00:00,products-service,2,538m,531.759795Mi
2026-09-30T01:10:00+00:00,orders-service,1,603m,547.929736Mi
2026-09-30T01:10:00+00:00,payments-service,1,424m,542.506211Mi
2026-09-30T01:10:00+00:00,products-service,2,538m,531.759795Mi
2026-09-30T01:15:00+00:00,orders-service,1,595m,547.605317Mi
2026-09-30T01:15:00+00:00,payments-service,1,424m,542.506211Mi
2026-09-30T01:15:00+00:00,products-service,2,538m,531.759795Mi
2026-09-30T01:20:00+00:00,orders-service,1,595m,547.605317Mi
2026-09-30T01:20:00+00:00,payments-service,1,424m,542.506211Mi
2026-09-30T01:20:00+00:00,products-service,2,538m,531.759795Mi
2026-09-30T01:25:00+00:00,orders-service,1,595m,547.605317Mi
2026-09-30T01:25:00+00:00,payments-service,1,425m,543.051654Mi
2026-09-30T01:25:00+00:00,products-service,2,552m,526.918359Mi
2026-09-30T01:30:00+00:00,orders-service,1,595m,547.605317Mi
2026-09-30T01:30:00+00:00,payments-service,1,425m,543.051654Mi
2026-09-30T01:30:00+00:00,products-service,2,552m,526.918359Mi
2026-09-30T01:35:00+00:00,orders-service,1,620m,549.810327Mi
2026-09-30T01:35:00+00:00,payments-service,1,425m,543.051654Mi
2026-09-30T01:35:00+00:00,products-service,2,552m,526.918359Mi
2026-09-30T01:40:00+00:00,orders-service,1,620m,549.810327Mi
2026-09-30T01:40:00+00:00,payments-service,1,425m,543.051654Mi
2026-09-30T01:40:00+00:00,products-service,2,552m,526.918359Mi
2026-09-30T01:45:00+00:00,orders-service,1,620m,549.810327Mi
2026-09-30T01:45:00+00:00,payments-service,1,425m,543.051654Mi
2026-09-30T01:45:00+00:00,products-service,2,552m,526.918359Mi
2026-09-30T01:50:00+00:00,orders-service,1,622m,550.397165Mi
2026-09-30T01:50:00+00:00,payments-service,1,425m,543.051654Mi
2026-09-30T01:50:00+00:00,products-service,2,569m,528.493271Mi
2026-09-30T01:55:00+00:00,orders-service,1,622m,550.397165Mi
2026-09-30T01:55:00+00:00,payments-service,1,425m,543.051654Mi
2026-09-30T01:55:00+00:00,products-service,2,569m,528.493271Mi
2026-09-30T02:00:00+00:00,orders-service,1,622m,550.397165Mi
2026-09-30T02:00:00+00:00,payments-service,1,430m,544.556917Mi
2026-09-30T02:00:00+00:00,products-service,2,569m,528.493271Mi
2026-09-30T02:05:00+00:00,orders-service,1,622m,550.397165Mi
2026-09-30T02:05:00+00:00,payments-service,1,430m,544.556917Mi
2026-09-30T02:05:00+00:00,products-service,2,569m,528.493271Mi
2026-09-30T02:10:00+00:00,orders-service,1,603m,543.511552Mi
2026-09-30T02:10:00+00:00,payments-service,1,430m,544.556917Mi
2026-09-30T02:10:00+00:00,products-service,2,569m,528.493271Mi
2026-09-30T02:15:00+00:00,orders-service,1,603m,543.511552Mi
2026-09-30T02:15:00+00:00,payments-service,1,430m,544.556917Mi
2026-09-30T02:15:00+00:00,products-service,2,567m,527.621478Mi
2026-09-30T02:20:00+00:00,orders-service,1,603m,543.511552Mi
2026-09-30T02:20:00+00:00,payments-service,1,430m,544.556917Mi
2026-09-30T02:20:00+00:00,products-service,2,567m,527.621478Mi
2026-09-30T02:25:00+00:00,orders-service,1,603m,543.511552Mi
2026-09-30T02:25:00+00:00,payments-service,1,425m,545.590565Mi
2026-09-30T02:25:00+00:00,products-service,2,567m,527.621478Mi
2026-09-30T02:30:00+00:00,orders-service,1,603m,543.511552Mi
2026-09-30T02:30:00+00:00,payments-service,1,425m,545.590565Mi
2026-09-30T02:30:00+00:00,products-service,2,556m,531.782503Mi
2026-09-30T02:35:00+00:00,orders-service,1,603m,543.511552Mi
2026-09-30T02:35:00+00:00,payments-service,1,425m,545.590565Mi
2026-09-30T02:35:00+00:00,products-service,2,556m,531.782503Mi
2026-09-30T02:40:00+00:00,orders-service,1,580m,542.114081Mi
2026-09-30T02:40:00+00:00,payments-service,1,425m,545.590565Mi
2026-09-30T02:40:00+00:00,products-service,2,556m,531.782503Mi
2026-09-30T02:45:00+00:00,orders-service,1,580m,542.114081Mi
2026-09-30T02:45:00+00:00,payments-service,1,425m,545.590565Mi
2026-09-30T02:45:00+00:00,products-service,2,546m,528.725172Mi
2026-09-30T02:50:00+00:00,orders-service,1,580m,542.114081Mi
2026-09-30T02:50:00+00:00,payments-service,1,428m,544.108369Mi
2026-09-30T02:50:00+00:00,products-service,2,546m,528.725172Mi
2026-09-30T02:55:00+00:00,orders-service,1,617m,549.197769Mi
2026-09-30T02:55:00+00:00,payments-service,1,428m,544.108369Mi
2026-09-30T02:55:00+00:00,products-service,2,546m,528.725172Mi
2026-09-30T03:00:00+00:00,orders-service,1,617m,549.197769Mi
2026-09-30T03:00:00+00:00,payments-service,1,428m,544.108369Mi
2026-09-30T03:00:00+00:00,products-service,2,556m,532.868145Mi
2026-09-30T03:05:00+00:00,orders-service,1,617m,549.197769Mi
2026-09-30T03:05:00+00:00,payments-service,1,428m,544.108369Mi
2026-09-30T03:05:00+00:00,products-service,2,556m,532.868145Mi
2026-09-30T03:10:00+00:00,orders-service,1,617m,549.197769Mi
2026-09-30T03:10:00+00:00,payments-service,1,428m,544.108369Mi
2026-09-30T03:10:00+00:00,products-service,2,556m,532.868145Mi
2026-09-30T03:15:00+00:00,orders-service,1,617m,549.197769Mi
2026-09-30T03:15:00+00:00,payments-service,1,428m,544.108369Mi
2026-09-30T03:15:00+00:00,products-service,2,556m,532.868145Mi
2026-09-30T03:20:00+00:00,orders-service,1,617m,549.197769Mi
2026-09-30T03:20:00+00:00,payments-service,1,428m,544.108369Mi
2026-09-30T03:20:00+00:00,products-service,2,556m,532.868145Mi
2026-09-30T03:25:00+00:00,orders-service,1,625m,544.400177Mi
2026-09-30T03:25:00+00:00,payments-service,1,435m,542.603589Mi
2026-09-30T03:25:00+00:00,products-service,2,556m,532.868145Mi
2026-09-30T03:30:00+00:00,orders-service,1,625m,544.400177Mi
2026-09-30T03:30:00+00:00,payments-service,1,435m,542.603589Mi
2026-09-30T03:30:00+00:00,products-service,2,556m,532.868145Mi
2026-09-30T03:35:00+00:00,orders-service,1,625m,544.400177Mi
2026-09-30T03:35:00+00:00,payments-service,1,435m,542.603589Mi
2026-09-30T03:35:00+00:00,products-service,2,556m,532.868145Mi
2026-09-30T03:40:00+00:00,orders-service,1,625m,544.400177Mi
2026-09-30T03:40:00+00:00,payments-service,1,435m,542.603589Mi
2026-09-30T03:40:00+00:00,products-service,2,543m,528.083757Mi
2026-09-30T03:45:00+00:00,orders-service,1,625m,544.400177Mi
2026-09-30T03:45:00+00:00,payments-service,1,435m,542.603589Mi
2026-09-30T03:45:00+00:00,products-service,2,543m,528.083757Mi
2026-09-30T03:50:00+00:00,orders-service,1,625m,544.400177Mi
2026-09-30T03:50:00+00:00,payments-service,1,446m,536.547588Mi
2026-09-30T03:50:00+00:00,products-service,2,543m,528.083757Mi
2026-09-30T03:55:00+00:00,orders-service,1,619m,542.759424Mi
2026-09-30T03:55:00+00:00,payments-service,1,446m,536.547588Mi
2026-09-30T03:55:00+00:00,products-service,2,543m,528.083757Mi
2026-09-30T04:00:00+00:00,orders-service,1,619m,542.759424Mi
2026-09-30T04:00:00+00:00,payments-service,1,446m,536.547588Mi
2026-09-30T04:00:00+00:00,products-service,2,547m,529.805231Mi
2026-09-30T04:05:00+00:00,orders-service,1,619m,542.759424Mi
2026-09-30T04:05:00+00:00,payments-service,1,440m,542.455534Mi
2026-09-30T04:05:00+00:00,products-service,2,547m,529.805231Mi
2026-09-30T04:10:00+00:00,orders-service,1,636m,545.862754Mi
2026-09-30T04:10:00+00:00,payments-service,1,440m,542.455534Mi
2026-09-30T04:10:00+00:00,products-service,2,547m,529.805231Mi
2026-09-30T04:15:00+00:00,orders-service,1,636m,545.862754Mi
2026-09-30T04:15:00+00:00,payments-service,1,440m,542.455534Mi
2026-09-30T04:15:00+00:00,products-service,2,549m,529.843284Mi
2026-09-30T04:20:00+00:00,orders-service,1,636m,545.862754Mi
2026-09-30T04:20:00+00:00,payments-service,1,440m,542.455534Mi
2026-09-30T04:20:00+00:00,products-service,2,549m,529.843284Mi
2026-09-30T04:25:00+00:00,orders-service,1,636m,545.862754Mi
2026-09-30T04:25:00+00:00,payments-service,1,430m,538.932421Mi
2026-09-30T04:25:00+00:00,products-service,2,549m,529.843284Mi
2026-09-30T04:30:00+00:00,orders-service,1,636m,545.862754Mi
2026-09-30T04:30:00+00:00,payments-service,1,430m,538.932421Mi
2026-09-30T04:30:00+00:00,products-service,2,556m,528.558017Mi
2026-09-30T04:35:00+00:00,orders-service,1,634m,548.047299Mi
2026-09-30T04:35:00+00:00,payments-service,1,430m,538.932421Mi
2026-09-30T04:35:00+00:00,products-service,2,556m,528.558017Mi
2026-09-30T04:40:00+00:00,orders-service,1,634m,548.047299Mi
2026-09-30T04:40:00+00:00,payments-service,1,430m,538.932421Mi
2026-09-30T04:40:00+00:00,products-service,2,556m,528.558017Mi
2026-09-30T04:45:00+00:00,orders-service,1,634m,548.047299Mi
2026-09-30T04:45:00+00:00,payments-service,1,430m,538.932421Mi
2026-09-30T04:45:00+00:00,products-service,2,556m,528.558017Mi
2026-09-30T04:50:00+00:00,orders-service,1,634m,548.047299Mi
2026-09-30T04:50:00+00:00,payments-service,1,429m,545.802216Mi
2026-09-30T04:50:00+00:00,products-service,2,556m,528.558017Mi
2026-09-30T04:55:00+00:00,orders-service,1,634m,548.047299Mi
2026-09-30T04:55:00+00:00,payments-service,1,429m,545.802216Mi
2026-09-30T04:55:00+00:00,products-service,2,556m,528.558017Mi
2026-09-30T05:00:00+00:00,orders-service,1,634m,548.047299Mi
2026-09-30T05:00:00+00:00,payments-service,1,429m,545.802216Mi
2026-09-30T05:00:00+00:00,products-service,2,556m,528.558017Mi
2026-09-30T05:05:00+00:00,orders-service,1,645m,552.03098Mi
2026-09-30T05:05:00+00:00,payments-service,1,429m,545.802216Mi
2026-09-30T05:05:00+00:00,products-service,2,572m,532.692225Mi
2026-09-30T05:10:00+00:00,orders-service,1,645m,552.03098Mi
2026-09-30T05:10:00+00:00,payments-service,1,429m,545.802216Mi
2026-09-30T05:10:00+00:00,products-service,2,572m,532.692225Mi
2026-09-30T05:15:00+00:00,orders-service,1,645m,552.03098Mi
2026-09-30T05:15:00+00:00,payments-service,1,429m,545.802216Mi
2026-09-30T05:15:00+00:00,products-service,2,572m,532.692225Mi
2026-09-30T05:20:00+00:00,orders-service,1,645m,552.03098Mi
2026-09-30T05:20:00+00:00,payments-service,1,429m,545.802216Mi
2026-09-30T05:20:00+00:00,products-service,2,572m,532.692225Mi
2026-09-30T05:25:00+00:00,orders-service,1,645m,552.03098Mi
2026-09-30T05:25:00+00:00,payments-service,1,429m,545.802216Mi
2026-09-30T05:25:00+00:00,products-service,2,572m,532.692225Mi
2026-09-30T05:30:00+00:00,orders-service,1,626m,549.953591Mi
2026-09-30T05:30:00+00:00,payments-service,1,427m,541.597474Mi
2026-09-30T05:30:00+00:00,products-service,2,557m,529.959141Mi
2026-09-30T05:35:00+00:00,orders-service,1,626m,549.953591Mi
2026-09-30T05:35:00+00:00,payments-service,1,427m,541.597474Mi
2026-09-30T05:35:00+00:00,products-service,2,557m,529.959141Mi
2026-09-30T05:40:00+00:00,orders-service,1,626m,549.953591Mi
2026-09-30T05:40:00+00:00,payments-service,1,427m,541.597474Mi
2026-09-30T05:40:00+00:00,products-service,2,557m,529.959141Mi
2026-09-30T05:45:00+00:00,orders-service,1,604m,544.758756Mi
2026-09-30T05:45:00+00:00,payments-service,1,427m,541.597474Mi
2026-09-30T05:45:00+00:00,products-service,2,557m,529.959141Mi
2026-09-30T05:50:00+00:00,orders-service,1,604m,544.758756Mi
2026-09-30T05:50:00+00:00,payments-service,1,427m,541.597474Mi
2026-09-30T05:50:00+00:00,products-service,2,557m,529.959141Mi
2026-09-30T05:55:00+00:00,orders-service,1,604m,544.758756Mi
2026-09-30T05:55:00+00:00,payments-service,1,427m,541.597474Mi
2026-09-30T05:55:00+00:00,products-service,2,557m,529.959141Mi
2026-09-30T06:00:00+00:00,orders-service,1,604m,544.758756Mi
2026-09-30T06:00:00+00:00,payments-service,1,427m,541.597474Mi
2026-09-30T06:00:00+00:00,products-service,2,557m,529.959141Mi
2026-09-30T06:05:00+00:00,orders-service,1,604m,544.758756Mi
2026-09-30T06:05:00+00:00,payments-service,1,424m,543.878272Mi
2026-09-30T06:05:00+00:00,products-service,2,556m,527.901747Mi
2026-09-30T06:10:00+00:00,orders-service,1,604m,544.758756Mi
2026-09-30T06:10:00+00:00,payments-service,1,424m,543.878272Mi
2026-09-30T06:10:00+00:00,products-service,2,556m,527.901747Mi
2026-09-30T06:15:00+00:00,orders-service,1,604m,544.758756Mi
2026-09-30T06:15:00+00:00,payments-service,1,424m,543.878272Mi
2026-09-30T06:15:00+00:00,products-service,2,556m,527.901747Mi
2026-09-30T06:20:00+00:00,orders-service,1,626m,546.852221Mi
2026-09-30T06:20:00+00:00,payments-service,1,424m,543.878272Mi
2026-09-30T06:20:00+00:00,products-service,2,566m,531.126886Mi
2026-09-30T06:25:00+00:00,orders-service,1,626m,546.852221Mi
2026-09-30T06:25:00+00:00,payments-service,1,426m,546.715286Mi
2026-09-30T06:25:00+00:00,products-service,2,566m,531.126886Mi
2026-09-30T06:30:00+00:00,orders-service,1,626m,546.852221Mi
2026-09-30T06:30:00+00:00,payments-service,1,426m,546.715286Mi
2026-09-30T06:30:00+00:00,products-service,2,566m,531.126886Mi
2026-09-30T06:35:00+00:00,orders-service,1,615m,550.190351Mi
2026-09-30T06:35:00+00:00,payments-service,1,426m,546.715286Mi
2026-09-30T06:35:00+00:00,products-service,2,566m,531.126886Mi
2026-09-30T06:40:00+00:00,orders-service,1,615m,550.190351Mi
2026-09-30T06:40:00+00:00,payments-service,1,426m,546.715286Mi
2026-09-30T06:40:00+00:00,products-service,2,538m,525.246018Mi
2026-09-30T06:45:00+00:00,orders-service,1,615m,550.190351Mi
2026-09-30T06:45:00+00:00,payments-service,1,426m,546.715286Mi
2026-09-30T06:45:00+00:00,products-service,2,538m,525.246018Mi
2026-09-30T06:50:00+00:00,orders-service,1,592m,547.494866Mi
2026-09-30T06:50:00+00:00,payments-service,1,426m,546.715286Mi
2026-09-30T06:50:00+00:00,products-service,2,538m,525.246018Mi
2026-09-30T06:55:00+00:00,orders-service,1,592m,547.494866Mi
2026-09-30T06:55:00+00:00,payments-service,1,426m,546.715286Mi
2026-09-30T06:55:00+00:00,products-service,2,585m,532.945538Mi
2026-09-30T07:00:00+00:00,orders-service,1,592m,547.494866Mi
2026-09-30T07:00:00+00:00,payments-service,1,429m,543.485333Mi
2026-09-30T07:00:00+00:00,products-service,2,585m,532.945538Mi
2026-09-30T07:05:00+00:00,orders-service,1,592m,547.494866Mi
2026-09-30T07:05:00+00:00,payments-service,1,429m,543.485333Mi
2026-09-30T07:05:00+00:00,products-service,2,585m,532.945538Mi
2026-09-30T07:10:00+00:00,orders-service,1,592m,547.494866Mi
2026-09-30T07:10:00+00:00,payments-service,1,429m,543.485333Mi
2026-09-30T07:10:00+00:00,products-service,2,568m,532.48665Mi
2026-09-30T07:15:00+00:00,orders-service,1,592m,547.494866Mi
2026-09-30T07:15:00+00:00,payments-service,1,429m,543.485333Mi
2026-09-30T07:15:00+00:00,products-service,2,568m,532.48665Mi
2026-09-30T07:20:00+00:00,orders-service,1,592m,547.494866Mi
2026-09-30T07:20:00+00:00,payments-service,1,429m,543.485333Mi
2026-09-30T07:20:00+00:00,products-service,2,568m,532.48665Mi
2026-09-30T07:25:00+00:00,orders-service,1,621m,546.711069Mi
2026-09-30T07:25:00+00:00,payments-service,1,429m,543.485333Mi
2026-09-30T07:25:00+00:00,products-service,2,568m,532.48665Mi
2026-09-30T07:30:00+00:00,orders-service,1,621m,546.711069Mi
2026-09-30T07:30:00+00:00,payments-service,1,429m,543.485333Mi
2026-09-30T07:30:00+00:00,products-service,2,568m,532.48665Mi
2026-09-30T07:35:00+00:00,orders-service,1,621m,546.711069Mi
2026-09-30T07:35:00+00:00,payments-service,1,428m,537.230718Mi
2026-09-30T07:35:00+00:00,products-service,2,545m,527.713154Mi
2026-09-30T07:40:00+00:00,orders-service,1,607m,544.052885Mi
2026-09-30T07:40:00+00:00,payments-service,1,428m,537.230718Mi
2026-09-30T07:40:00+00:00,products-service,2,545m,527.713154Mi
2026-09-30T07:45:00+00:00,orders-service,1,607m,544.052885Mi
2026-09-30T07:45:00+00:00,payments-service,1,428m,537.230718Mi
2026-09-30T07:45:00+00:00,products-service,2,545m,527.713154Mi
2026-09-30T07:50:00+00:00,orders-service,1,607m,544.052885Mi
2026-09-30T07:50:00+00:00,payments-service,1,427m,542.207668Mi
2026-09-30T07:50:00+00:00,products-service,2,545m,527.713154Mi
2026-09-30T07:55:00+00:00,orders-service,1,599m,543.185534Mi
2026-09-30T07:55:00+00:00,payments-service,1,427m,542.207668Mi
2026-09-30T07:55:00+00:00,products-service,2,545m,527.713154Mi
2026-09-30T08:00:00+00:00,orders-service,1,599m,543.185534Mi
2026-09-30T08:00:00+00:00,payments-service,1,427m,542.207668Mi
2026-09-30T08:00:00+00:00,products-service,2,545m,527.713154Mi
2026-09-30T08:05:00+00:00,orders-service,1,599m,543.185534Mi
2026-09-30T08:05:00+00:00,payments-service,1,422m,539.475902Mi
2026-09-30T08:05:00+00:00,products-service,2,535m,526.803768Mi
2026-09-30T08:10:00+00:00,orders-service,1,599m,543.185534Mi
2026-09-30T08:10:00+00:00,payments-service,1,422m,539.475902Mi
2026-09-30T08:10:00+00:00,products-service,2,535m,526.803768Mi
2026-09-30T08:15:00+00:00,orders-service,1,598m,548.220027Mi
2026-09-30T08:15:00+00:00,payments-service,1,422m,539.475902Mi
2026-09-30T08:15:00+00:00,products-service,2,535m,526.803768Mi
2026-09-30T08:20:00+00:00,orders-service,1,598m,548.220027Mi
2026-09-30T08:20:00+00:00,payments-service,1,422m,539.475902Mi
2026-09-30T08:20:00+00:00,products-service,2,535m,526.803768Mi
2026-09-30T08:25:00+00:00,orders-service,1,598m,548.220027Mi
2026-09-30T08:25:00+00:00,payments-service,1,422m,539.475902Mi
2026-09-30T08:25:00+00:00,products-service,2,535m,526.803768Mi
2026-09-30T08:30:00+00:00,orders-service,1,598m,548.220027Mi
2026-09-30T08:30:00+00:00,payments-service,1,422m,539.475902Mi
2026-09-30T08:30:00+00:00,products-service,2,535m,526.803768Mi
2026-09-30T08:35:00+00:00,orders-service,1,598m,548.220027Mi
2026-09-30T08:35:00+00:00,payments-service,1,425m,544.203862Mi
2026-09-30T08:35:00+00:00,products-service,2,554m,529.524388Mi
2026-09-30T08:40:00+00:00,orders-service,1,598m,548.220027Mi
2026-09-30T08:40:00+00:00,payments-service,1,425m,544.203862Mi
2026-09-30T08:40:00+00:00,products-service,2,554m,529.524388Mi
2026-09-30T08:45:00+00:00,orders-service,1,598m,548.220027Mi
2026-09-30T08:45:00+00:00,payments-service,1,425m,544.203862Mi
2026-09-30T08:45:00+00:00,products-service,2,554m,529.524388Mi
2026-09-30T08:50:00+00:00,orders-service,1,598m,548.220027Mi
2026-09-30T08:50:00+00:00,payments-service,1,425m,544.203862Mi
2026-09-30T08:50:00+00:00,products-service,2,554m,529.524388Mi
2026-09-30T08:55:00+00:00,orders-service,1,598m,548.220027Mi
2026-09-30T08:55:00+00:00,payments-service,1,423m,543.348903Mi
2026-09-30T08:55:00+00:00,products-service,2,554m,529.524388Mi
2026-09-30T09:00:00+00:00,orders-service,1,598m,548.220027Mi
2026-09-30T09:00:00+00:00,payments-service,1,423m,543.348903Mi
2026-09-30T09:00:00+00:00,products-service,2,554m,529.524388Mi
2026-09-30T09:05:00+00:00,orders-service,1,598m,548.220027Mi
2026-09-30T09:05:00+00:00,payments-service,1,423m,543.348903Mi
2026-09-30T09:05:00+00:00,products-service,2,546m,528.080946Mi
2026-09-30T09:10:00+00:00,orders-service,1,598m,548.220027Mi
2026-09-30T09:10:00+00:00,payments-service,1,423m,543.348903Mi
2026-09-30T09:10:00+00:00,products-service,2,546m,528.080946Mi
2026-09-30T09:15:00+00:00,orders-service,1,598m,548.220027Mi
2026-09-30T09:15:00+00:00,payments-service,1,423m,543.348903Mi
2026-09-30T09:15:00+00:00,products-service,2,546m,528.080946Mi
2026-09-30T09:20:00+00:00,orders-service,1,598m,548.220027Mi
2026-09-30T09:20:00+00:00,payments-service,1,422m,539.930894Mi
2026-09-30T09:20:00+00:00,products-service,2,546m,528.080946Mi
2026-09-30T09:25:00+00:00,orders-service,1,598m,548.220027Mi
2026-09-30T09:25:00+00:00,payments-service,1,422m,539.930894Mi
2026-09-30T09:25:00+00:00,products-service,2,571m,530.288604Mi
2026-09-30T09:30:00+00:00,orders-service,1,598m,548.220027Mi
2026-09-30T09:30:00+00:00,payments-service,1,422m,539.930894Mi
2026-09-30T09:30:00+00:00,products-service,2,571m,530.288604Mi
2026-09-30T09:35:00+00:00,orders-service,1,612m,551.151622Mi
2026-09-30T09:35:00+00:00,payments-service,1,424m,544.310236Mi
2026-09-30T09:35:00+00:00,products-service,2,571m,530.288604Mi
2026-09-30T09:40:00+00:00,orders-service,1,612m,551.151622Mi
2026-09-30T09:40:00+00:00,payments-service,1,424m,544.310236Mi
2026-09-30T09:40:00+00:00,products-service,2,567m,532.122204Mi
2026-09-30T09:45:00+00:00,orders-service,1,612m,551.151622Mi
2026-09-30T09:45:00+00:00,payments-service,1,424m,544.310236Mi
2026-09-30T09:45:00+00:00,products-service,2,567m,532.122204Mi
2026-09-30T09:50:00+00:00,orders-service,1,605m,546.524797Mi
2026-09-30T09:50:00+00:00,payments-service,1,424m,544.310236Mi
2026-09-30T09:50:00+00:00,products-service,2,567m,532.122204Mi
2026-09-30T09:55:00+00:00,orders-service,1,605m,546.524797Mi
2026-09-30T09:55:00+00:00,payments-service,1,424m,544.310236Mi
2026-09-30T09:55:00+00:00,products-service,2,550m,528.386552Mi
2026-09-30T10:00:00+00:00,orders-service,1,605m,546.524797Mi
2026-09-30T10:00:00+00:00,payments-service,1,422m,541.901523Mi
2026-09-30T10:00:00+00:00,products-service,2,550m,528.386552Mi
2026-09-30T10:05:00+00:00,orders-service,1,605m,546.524797Mi
2026-09-30T10:05:00+00:00,payments-service,1,422m,541.901523Mi
2026-09-30T10:05:00+00:00,products-service,2,550m,528.386552Mi
2026-09-30T10:10:00+00:00,orders-service,1,618m,549.651679Mi
2026-09-30T10:10:00+00:00,payments-service,1,422m,541.901523Mi
2026-09-30T10:10:00+00:00,products-service,2,550m,528.386552Mi
2026-09-30T10:15:00+00:00,orders-service,1,618m,549.651679Mi
2026-09-30T10:15:00+00:00,payments-service,1,422m,541.901523Mi
2026-09-30T10:15:00+00:00,products-service,2,550m,528.386552Mi
2026-09-30T10:20:00+00:00,orders-service,1,618m,549.651679Mi
2026-09-30T10:20:00+00:00,payments-service,1,421m,542.609718Mi
2026-09-30T10:20:00+00:00,products-service,2,539m,524.326618Mi
2026-09-30T10:25:00+00:00,orders-service,1,613m,547.831131Mi
2026-09-30T10:25:00+00:00,payments-service,1,421m,542.609718Mi
2026-09-30T10:25:00+00:00,products-service,2,539m,524.326618Mi
2026-09-30T10:30:00+00:00,orders-service,1,613m,547.831131Mi
2026-09-30T10:30:00+00:00,payments-service,1,421m,542.609718Mi
2026-09-30T10:30:00+00:00,products-service,2,539m,524.326618Mi
2026-09-30T10:35:00+00:00,orders-service,1,613m,547.831131Mi
2026-09-30T10:35:00+00:00,payments-service,1,421m,542.609718Mi
2026-09-30T10:35:00+00:00,products-service,2,539m,524.326618Mi
2026-09-30T10:40:00+00:00,orders-service,1,613m,547.831131Mi
2026-09-30T10:40:00+00:00,payments-service,1,421m,542.609718Mi
2026-09-30T10:40:00+00:00,products-service,2,539m,524.326618Mi
2026-09-30T10:45:00+00:00,orders-service,1,613m,547.831131Mi
2026-09-30T10:45:00+00:00,payments-service,1,423m,542.087918Mi
2026-09-30T10:45:00+00:00,products-service,2,539m,524.326618Mi
2026-09-30T10:50:00+00:00,orders-service,1,613m,547.831131Mi
2026-09-30T10:50:00+00:00,payments-service,1,423m,542.087918Mi
2026-09-30T10:50:00+00:00,products-service,2,539m,524.326618Mi
2026-09-30T10:55:00+00:00,orders-service,1,613m,547.831131Mi
2026-09-30T10:55:00+00:00,payments-service,1,423m,542.087918Mi
2026-09-30T10:55:00+00:00,products-service,2,539m,524.326618Mi
2026-09-30T11:00:00+00:00,orders-service,1,613m,547.831131Mi
2026-09-30T11:00:00+00:00,payments-service,1,423m,542.087918Mi
2026-09-30T11:00:00+00:00,products-service,2,534m,526.189046Mi
2026-09-30T11:05:00+00:00,orders-service,1,613m,547.831131Mi
2026-09-30T11:05:00+00:00,payments-service,1,423m,542.087918Mi
2026-09-30T11:05:00+00:00,products-service,2,534m,526.189046Mi
2026-09-30T11:10:00+00:00,orders-service,1,613m,547.831131Mi
2026-09-30T11:10:00+00:00,payments-service,1,423m,542.087918Mi
2026-09-30T11:10:00+00:00,products-service,2,534m,526.189046Mi
2026-09-30T11:15:00+00:00,orders-service,1,613m,547.831131Mi
2026-09-30T11:15:00+00:00,payments-service,1,423m,542.087918Mi
2026-09-30T11:15:00+00:00,products-service,2,534m,526.189046Mi
2026-09-30T11:20:00+00:00,orders-service,1,613m,547.831131Mi
2026-09-30T11:20:00+00:00,payments-service,1,423m,542.087918Mi
2026-09-30T11:20:00+00:00,products-service,2,534m,526.189046Mi
2026-09-30T11:25:00+00:00,orders-service,1,606m,545.470856Mi
2026-09-30T11:25:00+00:00,payments-service,1,427m,539.155431Mi
2026-09-30T11:25:00+00:00,products-service,2,540m,523.851583Mi
2026-09-30T11:30:00+00:00,orders-service,1,606m,545.470856Mi
2026-09-30T11:30:00+00:00,payments-service,1,427m,539.155431Mi
2026-09-30T11:30:00+00:00,products-service,2,540m,523.851583Mi
2026-09-30T11:35:00+00:00,orders-service,1,606m,545.470856Mi
2026-09-30T11:35:00+00:00,payments-service,1,427m,539.155431Mi
2026-09-30T11:35:00+00:00,products-service,2,540m,523.851583Mi
2026-09-30T11:40:00+00:00,orders-service,1,606m,545.470856Mi
2026-09-30T11:40:00+00:00,payments-service,1,423m,538.90624Mi
2026-09-30T11:40:00+00:00,products-service,2,513m,520.021627Mi
2026-09-30T11:45:00+00:00,orders-service,1,584m,539.784131Mi
2026-09-30T11:45:00+00:00,payments-service,1,423m,538.90624Mi
2026-09-30T11:45:00+00:00,products-service,2,513m,520.021627Mi
2026-09-30T11:50:00+00:00,orders-service,1,584m,539.784131Mi
2026-09-30T11:50:00+00:00,payments-service,1,423m,538.90624Mi
2026-09-30T11:50:00+00:00,products-service,2,513m,520.021627Mi
2026-09-30T11:55:00+00:00,orders-service,1,584m,539.784131Mi
2026-09-30T11:55:00+00:00,payments-service,1,423m,538.90624Mi
2026-09-30T11:55:00+00:00,products-service,2,513m,520.021627Mi
2026-09-30T12:00:00+00:00,orders-service,1,584m,539.784131Mi
2026-09-30T12:00:00+00:00,payments-service,1,423m,538.90624Mi
2026-09-30T12:00:00+00:00,products-service,2,513m,520.021627Mi
2026-09-30T12:05:00+00:00,orders-service,1,584m,539.784131Mi
2026-09-30T12:05:00+00:00,payments-service,1,423m,538.90624Mi
2026-09-30T12:05:00+00:00,products-service,2,513m,520.021627Mi
2026-09-30T12:10:00+00:00,orders-service,1,582m,542.113372Mi
2026-09-30T12:10:00+00:00,payments-service,1,423m,538.90624Mi
2026-09-30T12:10:00+00:00,products-service,2,513m,520.021627Mi
2026-09-30T12:15:00+00:00,orders-service,1,582m,542.113372Mi
2026-09-30T12:15:00+00:00,payments-service,1,423m,538.90624Mi
2026-09-30T12:15:00+00:00,products-service,2,513m,520.021627Mi
2026-09-30T12:20:00+00:00,orders-service,1,582m,542.113372Mi
2026-09-30T12:20:00+00:00,payments-service,1,423m,538.90624Mi
2026-09-30T12:20:00+00:00,products-service,2,513m,520.021627Mi
2026-09-30T12:25:00+00:00,orders-service,1,582m,542.113372Mi
2026-09-30T12:25:00+00:00,payments-service,1,423m,538.90624Mi
2026-09-30T12:25:00+00:00,products-service,2,524m,527.590059Mi
2026-09-30T12:30:00+00:00,orders-service,1,582m,542.113372Mi
2026-09-30T12:30:00+00:00,payments-service,1,437m,533.190572Mi
2026-09-30T12:30:00+00:00,products-service,2,524m,527.590059Mi
2026-09-30T12:35:00+00:00,orders-service,1,582m,542.113372Mi
2026-09-30T12:35:00+00:00,payments-service,1,437m,533.190572Mi
2026-09-30T12:35:00+00:00,products-service,2,524m,527.590059Mi
2026-09-30T12:40:00+00:00,orders-service,1,582m,542.113372Mi
2026-09-30T12:40:00+00:00,payments-service,1,437m,533.190572Mi
2026-09-30T12:40:00+00:00,products-service,2,524m,527.590059Mi
2026-09-30T12:45:00+00:00,orders-service,1,582m,542.113372Mi
2026-09-30T12:45:00+00:00,payments-service,1,427m,537.216976Mi
2026-09-30T12:45:00+00:00,products-service,2,524m,527.590059Mi
2026-09-30T12:50:00+00:00,orders-service,1,582m,542.113372Mi
2026-09-30T12:50:00+00:00,payments-service,1,427m,537.216976Mi
2026-09-30T12:50:00+00:00,products-service,2,522m,524.786951Mi
2026-09-30T12:55:00+00:00,orders-service,1,582m,542.113372Mi
2026-09-30T12:55:00+00:00,payments-service,1,427m,537.216976Mi
2026-09-30T12:55:00+00:00,products-service,2,522m,524.786951Mi
2026-09-30T13:00:00+00:00,orders-service,1,582m,542.113372Mi
2026-09-30T13:00:00+00:00,payments-service,1,425m,538.156639Mi
2026-09-30T13:00:00+00:00,products-service,2,522m,524.786951Mi
2026-09-30T13:05:00+00:00,orders-service,1,582m,542.113372Mi
2026-09-30T13:05:00+00:00,payments-service,1,425m,538.156639Mi
2026-09-30T13:05:00+00:00,products-service,2,522m,524.786951Mi
2026-09-30T13:10:00+00:00,orders-service,1,587m,546.779614Mi
2026-09-30T13:10:00+00:00,payments-service,1,425m,538.156639Mi
2026-09-30T13:10:00+00:00,products-service,2,522m,524.786951Mi
2026-09-30T13:15:00+00:00,orders-service,1,587m,546.779614Mi
2026-09-30T13:15:00+00:00,payments-service,1,421m,544.156625Mi
2026-09-30T13:15:00+00:00,products-service,2,522m,524.786951Mi
2026-09-30T13:20:00+00:00,orders-service,1,587m,546.779614Mi
2026-09-30T13:20:00+00:00,payments-service,1,421m,544.156625Mi
2026-09-30T13:20:00+00:00,products-service,2,534m,526.45272Mi
2026-09-30T13:25:00+00:00,orders-service,1,587m,546.779614Mi
2026-09-30T13:25:00+00:00,payments-service,1,421m,544.156625Mi
2026-09-30T13:25:00+00:00,products-service,2,534m,526.45272Mi
2026-09-30T13:30:00+00:00,orders-service,1,587m,546.779614Mi
2026-09-30T13:30:00+00:00,payments-service,1,421m,544.156625Mi
2026-09-30T13:30:00+00:00,products-service,2,534m,526.45272Mi
2026-09-30T13:35:00+00:00,orders-service,1,587m,546.779614Mi
2026-09-30T13:35:00+00:00,payments-service,1,421m,544.156625Mi
2026-09-30T13:35:00+00:00,products-service,2,543m,528.140792Mi
2026-09-30T13:40:00+00:00,orders-service,1,587m,546.779614Mi
2026-09-30T13:40:00+00:00,payments-service,1,417m,541.148746Mi
2026-09-30T13:40:00+00:00,products-service,2,543m,528.140792Mi
2026-09-30T13:45:00+00:00,orders-service,1,587m,546.779614Mi
2026-09-30T13:45:00+00:00,payments-service,1,417m,541.148746Mi
2026-09-30T13:45:00+00:00,products-service,2,543m,528.140792Mi
2026-09-30T13:50:00+00:00,orders-service,1,587m,546.779614Mi
2026-09-30T13:50:00+00:00,payments-service,1,417m,541.148746Mi
2026-09-30T13:50:00+00:00,products-service,2,543m,528.140792Mi
2026-09-30T13:55:00+00:00,orders-service,1,587m,546.779614Mi
2026-09-30T13:55:00+00:00,payments-service,1,417m,541.148746Mi
2026-09-30T13:55:00+00:00,products-service,2,543m,528.140792Mi
2026-09-30T14:00:00+00:00,orders-service,1,582m,547.00739Mi
2026-09-30T14:00:00+00:00,payments-service,1,417m,541.148746Mi
2026-09-30T14:00:00+00:00,products-service,2,543m,528.140792Mi
2026-09-30T14:05:00+00:00,orders-service,1,582m,547.00739Mi
2026-09-30T14:05:00+00:00,payments-service,1,417m,541.148746Mi
2026-09-30T14:05:00+00:00,products-service,2,543m,528.140792Mi
2026-09-30T14:10:00+00:00,orders-service,1,582m,547.00739Mi
2026-09-30T14:10:00+00:00,payments-service,1,417m,541.148746Mi
2026-09-30T14:10:00+00:00,products-service,2,543m,528.140792Mi
2026-09-30T14:15:00+00:00,orders-service,1,582m,547.00739Mi
2026-09-30T14:15:00+00:00,payments-service,1,417m,541.148746Mi
2026-09-30T14:15:00+00:00,products-service,2,543m,528.140792Mi
2026-09-30T14:20:00+00:00,orders-service,1,582m,547.00739Mi
2026-09-30T14:20:00+00:00,payments-service,1,417m,541.148746Mi
2026-09-30T14:20:00+00:00,products-service,2,541m,526.430743Mi
2026-09-30T14:25:00+00:00,orders-service,1,582m,547.00739Mi
2026-09-30T14:25:00+00:00,payments-service,1,424m,544.017531Mi
2026-09-30T14:25:00+00:00,products-service,2,541m,526.430743Mi
2026-09-30T14:30:00+00:00,orders-service,1,584m,544.770644Mi
2026-09-30T14:30:00+00:00,payments-service,1,424m,544.017531Mi
2026-09-30T14:30:00+00:00,products-service,2,541m,526.430743Mi
2026-09-30T14:35:00+00:00,orders-service,1,584m,544.770644Mi
2026-09-30T14:35:00+00:00,payments-service,1,424m,544.017531Mi
2026-09-30T14:35:00+00:00,products-service,2,537m,523.615596Mi
2026-09-30T14:40:00+00:00,orders-service,1,584m,544.770644Mi
2026-09-30T14:40:00+00:00,payments-service,1,424m,544.017531Mi
2026-09-30T14:40:00+00:00,products-service,2,537m,523.615596Mi
2026-09-30T14:45:00+00:00,orders-service,1,584m,544.770644Mi
2026-09-30T14:45:00+00:00,payments-service,1,424m,544.017531Mi
2026-09-30T14:45:00+00:00,products-service,2,537m,523.615596Mi
2026-09-30T14:50:00+00:00,orders-service,1,584m,544.770644Mi
2026-09-30T14:50:00+00:00,payments-service,1,419m,543.421734Mi
2026-09-30T14:50:00+00:00,products-service,2,534m,523.778782Mi
2026-09-30T14:55:00+00:00,orders-service,1,572m,543.970904Mi
2026-09-30T14:55:00+00:00,payments-service,1,419m,543.421734Mi
2026-09-30T14:55:00+00:00,products-service,2,534m,523.778782Mi
2026-09-30T15:00:00+00:00,orders-service,1,572m,543.970904Mi
2026-09-30T15:00:00+00:00,payments-service,1,419m,543.421734Mi
2026-09-30T15:00:00+00:00,products-service,2,534m,523.778782Mi
2026-09-30T15:05:00+00:00,orders-service,1,572m,543.970904Mi
2026-09-30T15:05:00+00:00,payments-service,1,419m,543.421734Mi
2026-09-30T15:05:00+00:00,products-service,2,534m,523.778782Mi
2026-09-30T15:10:00+00:00,orders-service,1,562m,546.595966Mi
2026-09-30T15:10:00+00:00,payments-service,1,419m,543.421734Mi
2026-09-30T15:10:00+00:00,products-service,2,534m,523.778782Mi
2026-09-30T15:15:00+00:00,orders-service,1,562m,546.595966Mi
2026-09-30T15:15:00+00:00,payments-service,1,419m,543.421734Mi
2026-09-30T15:15:00+00:00,products-service,2,534m,523.778782Mi
2026-09-30T15:20:00+00:00,orders-service,1,562m,546.595966Mi
2026-09-30T15:20:00+00:00,payments-service,1,426m,541.392094Mi
2026-09-30T15:20:00+00:00,products-service,2,534m,523.778782Mi
2026-09-30T15:25:00+00:00,orders-service,1,575m,541.289412Mi
2026-09-30T15:25:00+00:00,payments-service,1,426m,541.392094Mi
2026-09-30T15:25:00+00:00,products-service,2,534m,523.778782Mi
2026-09-30T15:30:00+00:00,orders-service,1,575m,541.289412Mi
2026-09-30T15:30:00+00:00,payments-service,1,426m,541.392094Mi
2026-09-30T15:30:00+00:00,products-service,2,534m,523.778782Mi
2026-09-30T15:35:00+00:00,orders-service,1,575m,541.289412Mi
2026-09-30T15:35:00+00:00,payments-service,1,426m,541.392094Mi
2026-09-30T15:35:00+00:00,products-service,2,538m,524.514918Mi
2026-09-30T15:40:00+00:00,orders-service,1,575m,541.289412Mi
2026-09-30T15:40:00+00:00,payments-service,1,426m,541.392094Mi
2026-09-30T15:40:00+00:00,products-service,2,538m,524.514918Mi
2026-09-30T15:45:00+00:00,orders-service,1,575m,541.289412Mi
2026-09-30T15:45:00+00:00,payments-service,1,439m,535.368434Mi
2026-09-30T15:45:00+00:00,products-service,2,538m,524.514918Mi
2026-09-30T15:50:00+00:00,orders-service,1,606m,549.062981Mi
2026-09-30T15:50:00+00:00,payments-service,1,439m,535.368434Mi
2026-09-30T15:50:00+00:00,products-service,2,538m,524.514918Mi
2026-09-30T15:55:00+00:00,orders-service,1,606m,549.062981Mi
2026-09-30T15:55:00+00:00,payments-service,1,439m,535.368434Mi
2026-09-30T15:55:00+00:00,products-service,2,538m,524.514918Mi
2026-09-30T16:00:00+00:00,orders-service,1,606m,549.062981Mi
2026-09-30T16:00:00+00:00,payments-service,1,429m,531.776182Mi
2026-09-30T16:00:00+00:00,products-service,2,538m,524.514918Mi
2026-09-30T16:05:00+00:00,orders-service,1,602m,543.062509Mi
2026-09-30T16:05:00+00:00,payments-service,1,429m,531.776182Mi
2026-09-30T16:05:00+00:00,products-service,2,538m,524.514918Mi
2026-09-30T16:10:00+00:00,orders-service,1,602m,543.062509Mi
2026-09-30T16:10:00+00:00,payments-service,1,429m,531.776182Mi
2026-09-30T16:10:00+00:00,products-service,2,554m,527.426536Mi
2026-09-30T16:15:00+00:00,orders-service,1,602m,543.062509Mi
2026-09-30T16:15:00+00:00,payments-service,1,429m,531.776182Mi
2026-09-30T16:15:00+00:00,products-service,2,554m,527.426536Mi
2026-09-30T16:20:00+00:00,orders-service,1,576m,545.351798Mi
2026-09-30T16:20:00+00:00,payments-service,1,423m,537.491124Mi
2026-09-30T16:20:00+00:00,products-service,2,554m,527.426536Mi
2026-09-30T16:25:00+00:00,orders-service,1,576m,545.351798Mi
2026-09-30T16:25:00+00:00,payments-service,1,423m,537.491124Mi
2026-09-30T16:25:00+00:00,products-service,2,527m,525.193332Mi
2026-09-30T16:30:00+00:00,orders-service,1,576m,545.351798Mi
2026-09-30T16:30:00+00:00,payments-service,1,423m,537.491124Mi
2026-09-30T16:30:00+00:00,products-service,2,527m,525.193332Mi
2026-09-30T16:35:00+00:00,orders-service,1,576m,545.351798Mi
2026-09-30T16:35:00+00:00,payments-service,1,420m,541.177126Mi
2026-09-30T16:35:00+00:00,products-service,2,527m,525.193332Mi
2026-09-30T16:40:00+00:00,orders-service,1,576m,545.351798Mi
2026-09-30T16:40:00+00:00,payments-service,1,420m,541.177126Mi
2026-09-30T16:40:00+00:00,products-service,2,527m,525.193332Mi
2026-09-30T16:45:00+00:00,orders-service,1,571m,546.487789Mi
2026-09-30T16:45:00+00:00,payments-service,1,420m,541.177126Mi
2026-09-30T16:45:00+00:00,products-service,2,527m,525.193332Mi
2026-09-30T16:50:00+00:00,orders-service,1,571m,546.487789Mi
2026-09-30T16:50:00+00:00,payments-service,1,420m,541.177126Mi
2026-09-30T16:50:00+00:00,products-service,2,527m,525.193332Mi
2026-09-30T16:55:00+00:00,orders-service,1,571m,546.487789Mi
2026-09-30T16:55:00+00:00,payments-service,1,420m,541.177126Mi
2026-09-30T16:55:00+00:00,products-service,2,527m,525.193332Mi
2026-09-30T17:00:00+00:00,orders-service,1,558m,541.221531Mi
2026-09-30T17:00:00+00:00,payments-service,1,420m,541.177126Mi
2026-09-30T17:00:00+00:00,products-service,2,507m,524.614295Mi
2026-09-30T17:05:00+00:00,orders-service,1,558m,541.221531Mi
2026-09-30T17:05:00+00:00,payments-service,1,420m,541.177126Mi
2026-09-30T17:05:00+00:00,products-service,2,507m,524.614295Mi
2026-09-30T17:10:00+00:00,orders-service,1,558m,541.221531Mi
2026-09-30T17:10:00+00:00,payments-service,1,422m,540.994862Mi
2026-09-30T17:10:00+00:00,products-service,2,507m,524.614295Mi
2026-09-30T17:15:00+00:00,orders-service,1,574m,541.476173Mi
2026-09-30T17:15:00+00:00,payments-service,1,422m,540.994862Mi
2026-09-30T17:15:00+00:00,products-service,2,517m,526.429397Mi
2026-09-30T17:20:00+00:00,orders-service,1,574m,541.476173Mi
2026-09-30T17:20:00+00:00,payments-service,1,422m,540.994862Mi
2026-09-30T17:20:00+00:00,products-service,2,517m,526.429397Mi
2026-09-30T17:25:00+00:00,orders-service,1,574m,541.476173Mi
2026-09-30T17:25:00+00:00,payments-service,1,422m,540.994862Mi
2026-09-30T17:25:00+00:00,products-service,2,517m,526.429397Mi
2026-09-30T17:30:00+00:00,orders-service,1,593m,546.4694Mi
2026-09-30T17:30:00+00:00,payments-service,1,422m,540.994862Mi
2026-09-30T17:30:00+00:00,products-service,2,533m,527.180121Mi
2026-09-30T17:35:00+00:00,orders-service,1,593m,546.4694Mi
2026-09-30T17:35:00+00:00,payments-service,1,422m,540.994862Mi
2026-09-30T17:35:00+00:00,products-service,2,533m,527.180121Mi
2026-09-30T17:40:00+00:00,orders-service,1,593m,546.4694Mi
2026-09-30T17:40:00+00:00,payments-service,1,424m,540.154268Mi
2026-09-30T17:40:00+00:00,products-service,2,533m,527.180121Mi
2026-09-30T17:45:00+00:00,orders-service,1,593m,546.4694Mi
2026-09-30T17:45:00+00:00,payments-service,1,424m,540.154268Mi
2026-09-30T17:45:00+00:00,products-service,2,544m,528.926504Mi
2026-09-30T17:50:00+00:00,orders-service,1,593m,546.4694Mi
2026-09-30T17:50:00+00:00,payments-service,1,424m,540.154268Mi
2026-09-30T17:50:00+00:00,products-service,2,544m,528.926504Mi
2026-09-30T17:55:00+00:00,orders-service,1,593m,546.4694Mi
2026-09-30T17:55:00+00:00,payments-service,1,424m,540.154268Mi
2026-09-30T17:55:00+00:00,products-service,2,544m,528.926504Mi
2026-09-30T18:00:00+00:00,orders-service,1,593m,546.4694Mi
2026-09-30T18:00:00+00:00,payments-service,1,424m,540.154268Mi
2026-09-30T18:00:00+00:00,products-service,2,544m,528.926504Mi
2026-09-30T18:05:00+00:00,orders-service,1,593m,546.4694Mi
2026-09-30T18:05:00+00:00,payments-service,1,424m,540.154268Mi
2026-09-30T18:05:00+00:00,products-service,2,544m,528.926504Mi
2026-09-30T18:10:00+00:00,orders-service,1,593m,546.4694Mi
2026-09-30T18:10:00+00:00,payments-service,1,424m,540.154268Mi
2026-09-30T18:10:00+00:00,products-service,2,544m,528.926504Mi
2026-09-30T18:15:00+00:00,orders-service,1,593m,546.4694Mi
2026-09-30T18:15:00+00:00,payments-service,1,438m,535.577088Mi
2026-09-30T18:15:00+00:00,products-service,2,544m,528.926504Mi
2026-09-30T18:20:00+00:00,orders-service,1,603m,544.124125Mi
2026-09-30T18:20:00+00:00,payments-service,1,438m,535.577088Mi
2026-09-30T18:20:00+00:00,products-service,2,544m,528.926504Mi
2026-09-30T18:25:00+00:00,orders-service,1,603m,544.124125Mi
2026-09-30T18:25:00+00:00,payments-service,1,438m,535.577088Mi
2026-09-30T18:25:00+00:00,products-service,2,544m,528.926504Mi
2026-09-30T18:30:00+00:00,orders-service,1,603m,544.124125Mi
2026-09-30T18:30:00+00:00,payments-service,1,431m,539.206238Mi
2026-09-30T18:30:00+00:00,products-service,2,544m,528.926504Mi
2026-09-30T18:35:00+00:00,orders-service,1,603m,544.124125Mi
2026-09-30T18:35:00+00:00,payments-service,1,431m,539.206238Mi
2026-09-30T18:35:00+00:00,products-service,2,544m,528.926504Mi
2026-09-30T18:40:00+00:00,orders-service,1,603m,544.124125Mi
2026-09-30T18:40:00+00:00,payments-service,1,431m,539.206238Mi
2026-09-30T18:40:00+00:00,products-service,2,544m,528.926504Mi
2026-09-30T18:45:00+00:00,orders-service,1,603m,544.124125Mi
2026-09-30T18:45:00+00:00,payments-service,1,431m,539.206238Mi
2026-09-30T18:45:00+00:00,products-service,2,549m,528.91545Mi
2026-09-30T18:50:00+00:00,orders-service,1,585m,544.064591Mi
2026-09-30T18:50:00+00:00,payments-service,1,431m,539.206238Mi
2026-09-30T18:50:00+00:00,products-service,2,549m,528.91545Mi
2026-09-30T18:55:00+00:00,orders-service,1,585m,544.064591Mi
2026-09-30T18:55:00+00:00,payments-service,1,431m,539.206238Mi
2026-09-30T18:55:00+00:00,products-service,2,549m,528.91545Mi
2026-09-30T19:00:00+00:00,orders-service,1,585m,544.064591Mi
2026-09-30T19:00:00+00:00,payments-service,1,424m,543.026001Mi
2026-09-30T19:00:00+00:00,products-service,2,549m,528.91545Mi
2026-09-30T19:05:00+00:00,orders-service,1,585m,544.064591Mi
2026-09-30T19:05:00+00:00,payments-service,1,424m,543.026001Mi
2026-09-30T19:05:00+00:00,products-service,2,547m,527.591131Mi
2026-09-30T19:10:00+00:00,orders-service,1,585m,544.064591Mi
2026-09-30T19:10:00+00:00,payments-service,1,424m,543.026001Mi
2026-09-30T19:10:00+00:00,products-service,2,547m,527.591131Mi
2026-09-30T19:15:00+00:00,orders-service,1,583m,547.642975Mi
2026-09-30T19:15:00+00:00,payments-service,1,419m,542.224622Mi
2026-09-30T19:15:00+00:00,products-service,2,547m,527.591131Mi
2026-09-30T19:20:00+00:00,orders-service,1,583m,547.642975Mi
2026-09-30T19:20:00+00:00,payments-service,1,419m,542.224622Mi
2026-09-30T19:20:00+00:00,products-service,2,544m,534.861074Mi
2026-09-30T19:25:00+00:00,orders-service,1,583m,547.642975Mi
2026-09-30T19:25:00+00:00,payments-service,1,419m,542.224622Mi
2026-09-30T19:25:00+00:00,products-service,2,544m,534.861074Mi
2026-09-30T19:30:00+00:00,orders-service,1,598m,549.740906Mi
2026-09-30T19:30:00+00:00,payments-service,1,422m,544.763152Mi
2026-09-30T19:30:00+00:00,products-service,2,544m,534.861074Mi
2026-09-30T19:35:00+00:00,orders-service,1,598m,549.740906Mi
2026-09-30T19:35:00+00:00,payments-service,1,422m,544.763152Mi
2026-09-30T19:35:00+00:00,products-service,2,544m,534.861074Mi
2026-09-30T19:40:00+00:00,orders-service,1,598m,549.740906Mi
2026-09-30T19:40:00+00:00,payments-service,1,422m,544.763152Mi
2026-09-30T19:40:00+00:00,products-service,2,552m,525.44598Mi
2026-09-30T19:45:00+00:00,orders-service,1,567m,540.842639Mi
2026-09-30T19:45:00+00:00,payments-service,1,422m,544.763152Mi
2026-09-30T19:45:00+00:00,products-service,2,552m,525.44598Mi
2026-09-30T19:50:00+00:00,orders-service,1,567m,540.842639Mi
2026-09-30T19:50:00+00:00,payments-service,1,422m,544.763152Mi
2026-09-30T19:50:00+00:00,products-service,2,552m,525.44598Mi
2026-09-30T19:55:00+00:00,orders-service,1,567m,540.842639Mi
2026-09-30T19:55:00+00:00,payments-service,1,425m,545.808264Mi
2026-09-30T19:55:00+00:00,products-service,2,552m,525.44598Mi
2026-09-30T20:00:00+00:00,orders-service,1,567m,540.842639Mi
2026-09-30T20:00:00+00:00,payments-service,1,425m,545.808264Mi
2026-09-30T20:00:00+00:00,products-service,2,552m,525.44598Mi
2026-09-30T20:05:00+00:00,orders-service,1,567m,540.842639Mi
2026-09-30T20:05:00+00:00,payments-service,1,425m,545.808264Mi
2026-09-30T20:05:00+00:00,products-service,2,552m,525.44598Mi
2026-09-30T20:10:00+00:00,orders-service,1,570m,542.069782Mi
2026-09-30T20:10:00+00:00,payments-service,1,425m,545.808264Mi
2026-09-30T20:10:00+00:00,products-service,2,528m,523.310753Mi
2026-09-30T20:15:00+00:00,orders-service,1,570m,542.069782Mi
2026-09-30T20:15:00+00:00,payments-service,1,423m,538.311575Mi
2026-09-30T20:15:00+00:00,products-service,2,528m,523.310753Mi
2026-09-30T20:20:00+00:00,orders-service,1,570m,542.069782Mi
2026-09-30T20:20:00+00:00,payments-service,1,423m,538.311575Mi
2026-09-30T20:20:00+00:00,products-service,2,528m,523.310753Mi
2026-09-30T20:25:00+00:00,orders-service,1,570m,542.069782Mi
2026-09-30T20:25:00+00:00,payments-service,1,423m,538.311575Mi
2026-09-30T20:25:00+00:00,products-service,2,528m,523.310753Mi
2026-09-30T20:30:00+00:00,orders-service,1,570m,542.069782Mi
2026-09-30T20:30:00+00:00,payments-service,1,423m,538.311575Mi
2026-09-30T20:30:00+00:00,products-service,2,528m,523.310753Mi
2026-09-30T20:35:00+00:00,orders-service,1,581m,544.163106Mi
2026-09-30T20:35:00+00:00,payments-service,1,423m,538.311575Mi
2026-09-30T20:35:00+00:00,products-service,2,535m,525.362692Mi
2026-09-30T20:40:00+00:00,orders-service,1,581m,544.163106Mi
2026-09-30T20:40:00+00:00,payments-service,1,423m,538.311575Mi
2026-09-30T20:40:00+00:00,products-service,2,535m,525.362692Mi
2026-09-30T20:45:00+00:00,orders-service,1,581m,544.163106Mi
2026-09-30T20:45:00+00:00,payments-service,1,429m,540.622665Mi
2026-09-30T20:45:00+00:00,products-service,2,535m,525.362692Mi
2026-09-30T20:50:00+00:00,orders-service,1,619m,548.385506Mi
2026-09-30T20:50:00+00:00,payments-service,1,429m,540.622665Mi
2026-09-30T20:50:00+00:00,products-service,2,554m,528.738998Mi
2026-09-30T20:55:00+00:00,orders-service,1,619m,548.385506Mi
2026-09-30T20:55:00+00:00,payments-service,1,429m,540.622665Mi
2026-09-30T20:55:00+00:00,products-service,2,554m,528.738998Mi
2026-09-30T21:00:00+00:00,orders-service,1,619m,548.385506Mi
2026-09-30T21:00:00+00:00,payments-service,1,429m,540.622665Mi
2026-09-30T21:00:00+00:00,products-service,2,554m,528.738998Mi
2026-09-30T21:05:00+00:00,orders-service,1,619m,548.385506Mi
2026-09-30T21:05:00+00:00,payments-service,1,429m,540.622665Mi
2026-09-30T21:05:00+00:00,products-service,2,554m,528.738998Mi
2026-09-30T21:10:00+00:00,orders-service,1,595m,549.605973Mi
2026-09-30T21:10:00+00:00,payments-service,1,429m,540.622665Mi
2026-09-30T21:10:00+00:00,products-service,2,550m,529.281622Mi
2026-09-30T21:15:00+00:00,orders-service,1,595m,549.605973Mi
2026-09-30T21:15:00+00:00,payments-service,1,429m,540.622665Mi
2026-09-30T21:15:00+00:00,products-service,2,550m,529.281622Mi
2026-09-30T21:20:00+00:00,orders-service,1,595m,549.605973Mi
2026-09-30T21:20:00+00:00,payments-service,1,429m,540.622665Mi
2026-09-30T21:20:00+00:00,products-service,2,550m,529.281622Mi
2026-09-30T21:25:00+00:00,orders-service,1,595m,549.605973Mi
2026-09-30T21:25:00+00:00,payments-service,1,429m,540.622665Mi
2026-09-30T21:25:00+00:00,products-service,2,545m,525.229494Mi
2026-09-30T21:30:00+00:00,orders-service,1,595m,549.605973Mi
2026-09-30T21:30:00+00:00,payments-service,1,429m,540.622665Mi
2026-09-30T21:30:00+00:00,products-service,2,545m,525.229494Mi
2026-09-30T21:35:00+00:00,orders-service,1,595m,549.605973Mi
2026-09-30T21:35:00+00:00,payments-service,1,429m,540.622665Mi
2026-09-30T21:35:00+00:00,products-service,2,545m,525.229494Mi
2026-09-30T21:40:00+00:00,orders-service,1,595m,549.605973Mi
2026-09-30T21:40:00+00:00,payments-service,1,429m,540.622665Mi
2026-09-30T21:40:00+00:00,products-service,2,545m,525.229494Mi
2026-09-30T21:45:00+00:00,orders-service,1,579m,545.435407Mi
2026-09-30T21:45:00+00:00,payments-service,1,428m,540.288361Mi
2026-09-30T21:45:00+00:00,products-service,2,545m,525.229494Mi
2026-09-30T21:50:00+00:00,orders-service,1,579m,545.435407Mi
2026-09-30T21:50:00+00:00,payments-service,1,428m,540.288361Mi
2026-09-30T21:50:00+00:00,products-service,2,545m,525.229494Mi
2026-09-30T21:55:00+00:00,orders-service,1,579m,545.435407Mi
2026-09-30T21:55:00+00:00,payments-service,1,428m,540.288361Mi
2026-09-30T21:55:00+00:00,products-service,2,574m,528.166285Mi
2026-09-30T22:00:00+00:00,orders-service,1,596m,546.001946Mi
2026-09-30T22:00:00+00:00,payments-service,1,428m,540.288361Mi
2026-09-30T22:00:00+00:00,products-service,2,574m,528.166285Mi
2026-09-30T22:05:00+00:00,orders-service,1,596m,546.001946Mi
2026-09-30T22:05:00+00:00,payments-service,1,428m,540.288361Mi
2026-09-30T22:05:00+00:00,products-service,2,574m,528.166285Mi
2026-09-30T22:10:00+00:00,orders-service,1,596m,546.001946Mi
2026-09-30T22:10:00+00:00,payments-service,1,429m,542.873279Mi
2026-09-30T22:10:00+00:00,products-service,2,574m,528.166285Mi
2026-09-30T22:15:00+00:00,orders-service,1,596m,546.001946Mi
2026-09-30T22:15:00+00:00,payments-service,1,429m,542.873279Mi
2026-09-30T22:15:00+00:00,products-service,2,554m,525.068675Mi
2026-09-30T22:20:00+00:00,orders-service,1,596m,546.001946Mi
2026-09-30T22:20:00+00:00,payments-service,1,429m,542.873279Mi
2026-09-30T22:20:00+00:00,products-service,2,554m,525.068675Mi
2026-09-30T22:25:00+00:00,orders-service,1,596m,546.001946Mi
2026-09-30T22:25:00+00:00,payments-service,1,428m,540.107332Mi
2026-09-30T22:25:00+00:00,products-service,2,554m,525.068675Mi
2026-09-30T22:30:00+00:00,orders-service,1,615m,550.250107Mi
2026-09-30T22:30:00+00:00,payments-service,1,428m,540.107332Mi
2026-09-30T22:30:00+00:00,products-service,2,554m,525.068675Mi
2026-09-30T22:35:00+00:00,orders-service,1,615m,550.250107Mi
2026-09-30T22:35:00+00:00,payments-service,1,428m,540.107332Mi
2026-09-30T22:35:00+00:00,products-service,2,554m,525.068675Mi
2026-09-30T22:40:00+00:00,orders-service,1,615m,550.250107Mi
2026-09-30T22:40:00+00:00,payments-service,1,428m,540.107332Mi
2026-09-30T22:40:00+00:00,products-service,2,554m,525.068675Mi
2026-09-30T22:45:00+00:00,orders-service,1,603m,541.82873Mi
2026-09-30T22:45:00+00:00,payments-service,1,431m,540.091859Mi
2026-09-30T22:45:00+00:00,products-service,2,554m,525.068675Mi
2026-09-30T22:50:00+00:00,orders-service,1,603m,541.82873Mi
2026-09-30T22:50:00+00:00,payments-service,1,431m,540.091859Mi
2026-09-30T22:50:00+00:00,products-service,2,556m,530.91735Mi
2026-09-30T22:55:00+00:00,orders-service,1,603m,541.82873Mi
2026-09-30T22:55:00+00:00,payments-service,1,431m,540.091859Mi
2026-09-30T22:55:00+00:00,products-service,2,556m,530.91735Mi
2026-09-30T23:00:00+00:00,orders-service,1,603m,541.82873Mi
2026-09-30T23:00:00+00:00,payments-service,1,431m,540.091859Mi
2026-09-30T23:00:00+00:00,products-service,2,556m,530.91735Mi
2026-09-30T23:05:00+00:00,orders-service,1,575m,542.119321Mi
2026-09-30T23:05:00+00:00,payments-service,1,431m,540.091859Mi
2026-09-30T23:05:00+00:00,products-service,2,551m,527.771823Mi
2026-09-30T23:10:00+00:00,orders-service,1,575m,542.119321Mi
2026-09-30T23:10:00+00:00,payments-service,1,424m,544.195179Mi
2026-09-30T23:10:00+00:00,products-service,2,551m,527.771823Mi
2026-09-30T23:15:00+00:00,orders-service,1,575m,542.119321Mi
2026-09-30T23:15:00+00:00,payments-service,1,424m,544.195179Mi
2026-09-30T23:15:00+00:00,products-service,2,551m,527.771823Mi
2026-09-30T23:20:00+00:00,orders-service,1,595m,546.089232Mi
2026-09-30T23:20:00+00:00,payments-service,1,424m,544.195179Mi
2026-09-30T23:20:00+00:00,products-service,2,551m,527.771823Mi
2026-09-30T23:25:00+00:00,orders-service,1,595m,546.089232Mi
2026-09-30T23:25:00+00:00,payments-service,1,424m,544.195179Mi
2026-09-30T23:25:00+00:00,products-service,2,553m,529.036146Mi
2026-09-30T23:30:00+00:00,orders-service,1,595m,546.089232Mi
2026-09-30T23:30:00+00:00,payments-service,1,424m,544.195179Mi
2026-09-30T23:30:00+00:00,products-service,2,553m,529.036146Mi
2026-09-30T23:35:00+00:00,orders-service,1,627m,548.433825Mi
2026-09-30T23:35:00+00:00,payments-service,1,433m,541.21042Mi
2026-09-30T23:35:00+00:00,products-service,2,553m,529.036146Mi
2026-09-30T23:40:00+00:00,orders-service,1,627m,548.433825Mi
2026-09-30T23:40:00+00:00,payments-service,1,433m,541.21042Mi
2026-09-30T23:40:00+00:00,products-service,2,586m,525.022466Mi
2026-09-30T23:45:00+00:00,orders-service,1,627m,548.433825Mi
2026-09-30T23:45:00+00:00,payments-service,1,433m,541.21042Mi
2026-09-30T23:45:00+00:00,products-service,2,586m,525.022466Mi
2026-09-30T23:50:00+00:00,orders-service,1,616m,543.313508Mi
2026-09-30T23:50:00+00:00,payments-service,1,433m,541.21042Mi
2026-09-30T23:50:00+00:00,products-service,2,586m,525.022466Mi
