window_utc,src,dst,probability,rps_similarity,latency_similarity,architectural_prior
2026-09-23T04:55:00+00:00,orders-service,products-service,0.9999415874481201,0.9519562736467666,0.9116366707236978,1.0
2026-09-23T04:55:00+00:00,orders-service,payments-service,0.9999434947967529,0.8042102187665681,0.9369119426556316,1.0
2026-09-23T05:00:00+00:00,orders-service,products-service,0.999963641166687,0.9441315687759596,0.9820411822320578,1.0
2026-09-23T05:00:00+00:00,orders-service,payments-service,0.999972939491272,0.826168022763585,0.9878833094610882,1.0
2026-09-23T05:05:00+00:00,orders-service,products-service,0.9999666213989258,0.9747675138169142,0.9989146667612241,1.0
2026-09-23T05:05:00+00:00,orders-service,payments-service,0.9999538660049438,0.8421671940661724,0.9266158755219768,1.0
2026-09-23T05:10:00+00:00,orders-service,products-service,0.9999517202377319,0.9790050854349195,0.9123019457364037,1.0
2026-09-23T05:10:00+00:00,orders-service,payments-service,0.9999549388885498,0.8119299060152423,0.9470167373334539,1.0
2026-09-23T05:15:00+00:00,orders-service,products-service,0.9999693632125854,0.9910197515176413,0.9980261038171293,1.0
2026-09-23T05:15:00+00:00,orders-service,payments-service,0.9999566078186035,0.8449828196085195,0.9149986283194547,1.0
2026-09-23T05:20:00+00:00,orders-service,products-service,0.9999488592147827,0.9575726421512332,0.98217566064845,1.0
2026-09-23T05:20:00+00:00,orders-service,payments-service,0.9999138116836548,0.8406522898865544,0.9226211246740277,1.0
2026-09-23T05:25:00+00:00,orders-service,products-service,0.9999442100524902,0.9500316080188503,0.966298321254236,1.0
2026-09-23T05:25:00+00:00,orders-service,payments-service,0.9998863935470581,0.826761084718808,0.887502452782657,1.0
2026-09-23T05:30:00+00:00,orders-service,products-service,0.9999587535858154,0.9572081508366274,0.9369465235539889,1.0
2026-09-23T05:30:00+00:00,orders-service,payments-service,0.9999605417251587,0.8486075576878939,0.9725761672890793,1.0
2026-09-23T05:35:00+00:00,orders-service,products-service,0.9999462366104126,0.9756235358688404,0.9052740135407965,1.0
2026-09-23T05:35:00+00:00,orders-service,payments-service,0.9999542236328125,0.804651373836271,0.9371070371578345,1.0
2026-09-23T05:40:00+00:00,orders-service,products-service,0.9999490976333618,0.9563387476531642,0.9324085220767503,1.0
2026-09-23T05:40:00+00:00,orders-service,payments-service,0.9999408721923828,0.8253234838648574,0.9519458617013996,1.0
2026-09-23T05:45:00+00:00,orders-service,products-service,0.9999542236328125,0.9704043244183067,0.9443579570323746,1.0
2026-09-23T05:45:00+00:00,orders-service,payments-service,0.9999618530273438,0.8374991945803876,0.9725692357942078,1.0
2026-09-23T05:50:00+00:00,orders-service,payments-service,0.9999207258224487,0.8219678604722225,0.9907127353047717,1.0
2026-09-23T05:50:00+00:00,orders-service,products-service,0.9998464584350586,0.9124152022858124,0.8718775517686824,1.0
2026-09-23T05:55:00+00:00,orders-service,products-service,0.9999629259109497,0.9666776295057048,0.9307623213230056,1.0
2026-09-23T05:55:00+00:00,orders-service,payments-service,0.9999567270278931,0.8738178649547419,0.9668591122671444,1.0
2026-09-23T10:55:00+00:00,orders-service,payments-service,0.9999516010284424,0.8499369995982407,0.9766442769450887,1.0
2026-09-23T11:00:00+00:00,orders-service,payments-service,0.9999665021896362,0.8104924675651392,0.9682581348265014,1.0
2026-09-23T11:05:00+00:00,orders-service,payments-service,0.9999595880508423,0.8373921226124689,0.962874613816006,1.0
2026-09-23T11:10:00+00:00,orders-service,payments-service,0.999962329864502,0.8494296047900471,0.9500058536119239,1.0
2026-09-23T11:15:00+00:00,orders-service,payments-service,0.9999499320983887,0.8094022040259286,0.9251700628811836,1.0
2026-09-23T11:20:00+00:00,orders-service,payments-service,0.9998756647109985,0.8471656855976729,0.8725000590645782,1.0
2026-09-23T11:25:00+00:00,orders-service,payments-service,0.9999299049377441,0.8584548252003846,0.9797455224214648,1.0
2026-09-23T11:30:00+00:00,orders-service,payments-service,0.9999520778656006,0.864977742982171,0.9172685261121927,1.0
2026-09-23T11:35:00+00:00,orders-service,payments-service,0.9999661445617676,0.8362503570413413,0.9955772715926064,1.0
2026-09-23T11:40:00+00:00,orders-service,payments-service,0.9999089241027832,0.8363998266453089,0.969760757794348,1.0
2026-09-23T11:45:00+00:00,orders-service,payments-service,0.9999516010284424,0.8623664006691184,0.9896795398480881,1.0
2026-09-23T11:50:00+00:00,orders-service,payments-service,0.9999432563781738,0.8584590518568339,0.9315178028371454,1.0
2026-09-23T11:55:00+00:00,orders-service,payments-service,0.9999330043792725,0.8362040044609339,0.8922347126358605,1.0
2026-09-23T16:55:00+00:00,orders-service,products-service,0.9998522996902466,0.9743240635395957,0.9186188089016513,1.0
2026-09-23T16:55:00+00:00,orders-service,payments-service,0.9996424913406372,0.8383431889570208,0.9416689241994026,1.0
2026-09-23T17:00:00+00:00,orders-service,products-service,0.9997598528862,0.9947046880738257,0.9148431192817251,1.0
2026-09-23T17:00:00+00:00,orders-service,payments-service,0.9995079040527344,0.8430453117908302,0.9642117850293442,1.0
2026-09-23T17:05:00+00:00,orders-service,products-service,0.9993056058883667,0.9607810922818896,0.8656899879414648,1.0
2026-09-23T17:05:00+00:00,orders-service,payments-service,0.9991075396537781,0.8462800369117016,0.999356617345438,1.0
2026-09-23T17:10:00+00:00,orders-service,payments-service,0.9992032647132874,0.8455177385773142,0.9831591258782928,1.0
2026-09-23T17:10:00+00:00,orders-service,products-service,0.9991188645362854,0.9475174006521914,0.8343274591601111,1.0
2026-09-23T17:15:00+00:00,orders-service,products-service,0.999792754650116,0.9878552943246897,0.9908049572022614,1.0
2026-09-23T17:15:00+00:00,orders-service,payments-service,0.999626874923706,0.8442273958382813,0.972541518775721,1.0
2026-09-23T17:20:00+00:00,orders-service,products-service,0.9993622899055481,0.9647880600708301,0.8613049298724155,1.0
2026-09-23T17:20:00+00:00,orders-service,payments-service,0.9992520213127136,0.8372510163974864,0.9937505328726622,1.0
2026-09-23T17:25:00+00:00,orders-service,products-service,0.9987718462944031,0.9717709825137648,0.8699936159481632,1.0
2026-09-23T17:25:00+00:00,orders-service,payments-service,0.9978424310684204,0.8744318469525758,0.9245138595965374,1.0
2026-09-23T17:30:00+00:00,orders-service,products-service,0.9992212057113647,0.9384669687805933,0.9022923943345305,1.0
2026-09-23T17:30:00+00:00,orders-service,payments-service,0.9989944100379944,0.8430805480615843,0.9751811820893822,1.0
2026-09-23T17:35:00+00:00,orders-service,products-service,0.9993259906768799,0.9872133109965356,0.9009513584964988,1.0
2026-09-23T17:35:00+00:00,orders-service,payments-service,0.9986009001731873,0.8764198850060395,0.9081935185757927,1.0
2026-09-23T17:40:00+00:00,orders-service,products-service,0.9996918439865112,0.9613188898857024,0.8982444820174229,1.0
2026-09-23T17:40:00+00:00,orders-service,payments-service,0.999542236328125,0.7904834493332774,0.9648248933718189,1.0
2026-09-23T17:45:00+00:00,orders-service,products-service,0.9996681213378906,0.9969421365038397,0.897698571280353,1.0
2026-09-23T17:45:00+00:00,orders-service,payments-service,0.9994024038314819,0.8327786963965415,0.9935350878186234,1.0
2026-09-23T17:50:00+00:00,orders-service,products-service,0.9997292160987854,0.9861496895783352,0.9508235084801593,1.0
2026-09-23T17:50:00+00:00,orders-service,payments-service,0.9992460012435913,0.8149127071415869,0.9419480679703073,1.0
2026-09-23T17:55:00+00:00,orders-service,products-service,0.9994006156921387,0.950631312995337,0.9587576830369353,1.0
2026-09-23T17:55:00+00:00,orders-service,payments-service,0.9989513158798218,0.8424903658359739,0.9992446064780891,1.0
2026-09-23T18:00:00+00:00,orders-service,payments-service,0.9989351630210876,0.8101771894986634,0.9526537513487725,1.0
2026-09-23T18:05:00+00:00,orders-service,payments-service,0.9990824460983276,0.843948467652472,0.9833186327289181,1.0
2026-09-23T18:10:00+00:00,orders-service,payments-service,0.9989551305770874,0.8163980645854942,0.988285955382241,1.0
2026-09-23T18:15:00+00:00,orders-service,payments-service,0.9960743188858032,0.8673304423950808,0.9503327813172908,1.0
2026-09-23T18:20:00+00:00,orders-service,payments-service,0.9974613189697266,0.8311694866505956,0.9747834920971546,1.0
2026-09-23T18:25:00+00:00,orders-service,payments-service,0.9989204406738281,0.848479784408057,0.9254973929165662,1.0
2026-09-23T18:30:00+00:00,orders-service,payments-service,0.9990296363830566,0.8267548118498611,0.9654569810787503,1.0
2026-09-23T18:35:00+00:00,orders-service,payments-service,0.9986081719398499,0.7928126400547268,0.9372750002539245,1.0
2026-09-23T18:40:00+00:00,orders-service,payments-service,0.9975246787071228,0.8560035679385983,0.9522623576193959,1.0
2026-09-23T18:45:00+00:00,orders-service,payments-service,0.9974167346954346,0.795191736784768,0.9466663510530473,1.0
2026-09-23T18:50:00+00:00,orders-service,payments-service,0.9985983967781067,0.8005304028925346,0.9656640900249613,1.0
2026-09-23T18:55:00+00:00,orders-service,payments-service,0.9981473684310913,0.8380567168269717,0.9673386875869189,1.0
2026-09-23T19:00:00+00:00,orders-service,payments-service,0.9968728423118591,0.8479829789379628,0.8870004373170055,1.0
2026-09-23T19:05:00+00:00,orders-service,payments-service,0.9976617097854614,0.8688771173484493,0.921643824845125,1.0
2026-09-23T19:10:00+00:00,orders-service,payments-service,0.9977978467941284,0.8412835141096127,0.9684467482823569,1.0
2026-09-23T19:15:00+00:00,orders-service,payments-service,0.9972413778305054,0.8297776075018699,0.997553384925414,1.0
2026-09-23T19:20:00+00:00,orders-service,payments-service,0.9964898228645325,0.8635140460254096,0.9797040056300433,1.0
2026-09-23T19:25:00+00:00,orders-service,payments-service,0.9991378784179688,0.816377572314826,0.993212335866147,1.0
2026-09-23T19:30:00+00:00,orders-service,payments-service,0.9986683130264282,0.8229744455118116,0.9953541751529268,1.0
2026-09-23T19:35:00+00:00,orders-service,payments-service,0.995398223400116,0.8589114660874203,0.9021712270857905,1.0
2026-09-23T19:40:00+00:00,orders-service,payments-service,0.9972352385520935,0.8436045217814592,0.9838512124658968,1.0
2026-09-23T19:45:00+00:00,orders-service,payments-service,0.9976902008056641,0.8144002577443903,0.977144543597769,1.0
2026-09-23T19:50:00+00:00,orders-service,payments-service,0.9957818984985352,0.8588262602985095,0.9474738573740292,1.0
2026-09-23T19:55:00+00:00,orders-service,payments-service,0.9987831711769104,0.8366029417674843,0.9877258470258058,1.0
2026-09-23T20:00:00+00:00,orders-service,payments-service,0.9952020645141602,0.860767349187714,0.9950348437788931,1.0
2026-09-23T20:05:00+00:00,orders-service,payments-service,0.9985145926475525,0.8404747585572001,0.9939500942856166,1.0
2026-09-23T20:10:00+00:00,orders-service,payments-service,0.9971442818641663,0.8186757021776829,0.9920870297170847,1.0
2026-09-23T20:15:00+00:00,orders-service,payments-service,0.9982498288154602,0.8316413417404187,0.9664783546600276,1.0
2026-09-23T20:20:00+00:00,orders-service,payments-service,0.998637855052948,0.8057658999269149,0.9284792312663668,1.0
2026-09-23T20:25:00+00:00,orders-service,payments-service,0.9965707063674927,0.8274874627551161,0.8728653755169681,1.0
2026-09-23T20:30:00+00:00,orders-service,payments-service,0.9971508383750916,0.865583081196799,0.9401622217064046,1.0
2026-09-23T20:35:00+00:00,orders-service,payments-service,0.9983600974082947,0.8318471467382651,0.9709781970836594,1.0
2026-09-23T20:40:00+00:00,orders-service,payments-service,0.9967498779296875,0.8302631305880923,0.9486446576298141,1.0
2026-09-23T20:45:00+00:00,orders-service,payments-service,0.99704509973526,0.825532640083812,0.9318618200365425,1.0
2026-09-23T20:50:00+00:00,orders-service,payments-service,0.9975793957710266,0.8510980249913374,0.9567817621409055,1.0
2026-09-23T20:55:00+00:00,orders-service,payments-service,0.9975528120994568,0.8333088489549406,0.9593792849749545,1.0
2026-09-23T21:00:00+00:00,orders-service,payments-service,0.9984203577041626,0.8210755339328497,0.9663750596742264,1.0
2026-09-23T21:05:00+00:00,orders-service,payments-service,0.9973215460777283,0.8372093510795691,0.9456546390570859,1.0
2026-09-23T21:10:00+00:00,orders-service,payments-service,0.9973703622817993,0.8476924427841204,0.9296720855787007,1.0
2026-09-23T21:15:00+00:00,orders-service,payments-service,0.9980931878089905,0.8430984060630777,0.9743639403804663,1.0
2026-09-23T21:20:00+00:00,orders-service,payments-service,0.9977096319198608,0.8255105108174761,0.9833272666185314,1.0
2026-09-23T21:25:00+00:00,orders-service,payments-service,0.9991913437843323,0.8271368967995465,0.961182992189083,1.0
2026-09-23T21:30:00+00:00,orders-service,payments-service,0.9994730353355408,0.7853903594668015,0.9720878685925105,1.0
2026-09-23T21:35:00+00:00,orders-service,payments-service,0.9981112480163574,0.8820648433339457,0.944959194225962,1.0
2026-09-23T21:40:00+00:00,orders-service,payments-service,0.9992852807044983,0.8190950217740584,0.9941941308259213,1.0
2026-09-23T21:45:00+00:00,orders-service,payments-service,0.9992673993110657,0.8243233775583266,0.9856212261762755,1.0
2026-09-23T21:50:00+00:00,orders-service,payments-service,0.9994698166847229,0.848342365142857,0.9935280760813303,1.0
2026-09-23T21:55:00+00:00,orders-service,payments-service,0.9982853531837463,0.823294728565843,0.8878680530678005,1.0
2026-09-24T00:55:00+00:00,orders-service,payments-service,0.9999217987060547,0.8182058070830548,0.9763131248891419,1.0
2026-09-24T01:00:00+00:00,orders-service,payments-service,0.9999278783798218,0.8084090293426242,0.995640284854243,1.0
2026-09-24T01:05:00+00:00,orders-service,payments-service,0.9999136924743652,0.8353651529923574,0.9908159516107382,1.0
2026-09-24T01:10:00+00:00,orders-service,payments-service,0.9998538494110107,0.8348675502374222,0.8963114963092265,1.0
2026-09-24T01:15:00+00:00,orders-service,payments-service,0.9999327659606934,0.8514136086877562,0.9339794039746787,1.0
2026-09-24T01:20:00+00:00,orders-service,payments-service,0.9997968077659607,0.8383198455471825,0.9258305062446036,1.0
2026-09-24T01:25:00+00:00,orders-service,payments-service,0.9998620748519897,0.8555744437544958,0.9869104851463796,1.0
2026-09-24T01:30:00+00:00,orders-service,payments-service,0.9999442100524902,0.8527291090885256,0.9621462035185077,1.0
2026-09-24T01:35:00+00:00,orders-service,payments-service,0.9999016523361206,0.8397909401308138,0.9198369349377046,1.0
2026-09-24T01:40:00+00:00,orders-service,payments-service,0.9999452829360962,0.8070549520718036,0.9835051762250523,1.0
2026-09-24T01:45:00+00:00,orders-service,payments-service,0.999862790107727,0.8280963455504138,0.8903927357230305,1.0
2026-09-24T01:50:00+00:00,orders-service,payments-service,0.999919056892395,0.8048729033200446,0.9873267796790957,1.0
2026-09-24T01:55:00+00:00,orders-service,payments-service,0.9999276399612427,0.8258157470888147,0.9248468566896515,1.0
2026-09-24T04:55:00+00:00,orders-service,products-service,0.9999481439590454,0.9441743143429613,0.9017336049280058,1.0
2026-09-24T05:00:00+00:00,orders-service,products-service,0.9999394416809082,0.9570386153766534,0.9451373189510781,1.0
2026-09-24T05:05:00+00:00,orders-service,products-service,0.9999666213989258,0.9839635075115544,0.972970225171543,1.0
2026-09-24T05:10:00+00:00,orders-service,products-service,0.999945878982544,0.9576833927482442,0.9223847648374375,1.0
2026-09-24T05:15:00+00:00,orders-service,products-service,0.9999526739120483,0.9691804344057666,0.9377144062823916,1.0
2026-09-24T05:20:00+00:00,orders-service,products-service,0.9999586343765259,0.9907712421760185,0.9958683178540363,1.0
2026-09-24T05:25:00+00:00,orders-service,products-service,0.9999408721923828,0.971731705550972,0.9092071463834039,1.0
2026-09-24T05:30:00+00:00,orders-service,products-service,0.9999104738235474,0.9329369441289006,0.9130822955851563,1.0
2026-09-24T05:35:00+00:00,orders-service,products-service,0.9999591112136841,0.9629234008266379,0.9690569935532835,1.0
2026-09-24T05:40:00+00:00,orders-service,products-service,0.9999433755874634,0.9910757951282338,0.9172491111892473,1.0
2026-09-24T05:45:00+00:00,orders-service,products-service,0.9999486207962036,0.9445503079546526,0.937459930376417,1.0
2026-09-24T05:50:00+00:00,orders-service,products-service,0.9999383687973022,0.9832329120503921,0.8554292104583306,1.0
2026-09-24T05:55:00+00:00,orders-service,products-service,0.9999397993087769,0.9444506762858358,0.9119846535985091,1.0
2026-09-24T06:00:00+00:00,orders-service,products-service,0.9999319314956665,0.971144939486436,0.8481210652724873,1.0
2026-09-24T06:05:00+00:00,orders-service,products-service,0.9999556541442871,0.9822767694220753,0.9812541849659889,1.0
2026-09-24T06:10:00+00:00,orders-service,products-service,0.9999501705169678,0.9799823855873848,0.9393375712654335,1.0
2026-09-24T06:15:00+00:00,orders-service,products-service,0.9999401569366455,0.9381977565541768,0.9475928705242567,1.0
2026-09-24T06:20:00+00:00,orders-service,products-service,0.9999440908432007,0.9724187353679067,0.9639314954078585,1.0
2026-09-24T06:25:00+00:00,orders-service,products-service,0.9999532699584961,0.9953508086664833,0.9297067846025702,1.0
2026-09-24T06:30:00+00:00,orders-service,products-service,0.9999358654022217,0.9915032938294178,0.8754425359674913,1.0
2026-09-24T06:35:00+00:00,orders-service,products-service,0.9999327659606934,0.9492852835462462,0.8780645774476954,1.0
2026-09-24T06:40:00+00:00,orders-service,products-service,0.9999591112136841,0.9764390742354192,0.9193689346695049,1.0
2026-09-24T06:45:00+00:00,orders-service,products-service,0.9999303817749023,0.9790442875382946,0.844119504410856,1.0
2026-09-24T06:50:00+00:00,orders-service,products-service,0.9999411106109619,0.9715130966826093,0.8928796585682532,1.0
2026-09-24T06:55:00+00:00,orders-service,products-service,0.9999583959579468,0.9734152441302172,0.9370107812600971,1.0
2026-09-24T06:55:00+00:00,orders-service,payments-service,0.9999573230743408,0.861803729639515,0.9598280766001064,1.0
2026-09-24T07:00:00+00:00,orders-service,products-service,0.9999552965164185,0.9819749698421781,0.9204316233946501,1.0
2026-09-24T07:00:00+00:00,orders-service,payments-service,0.9999655485153198,0.8174890377729137,0.9813204630317093,1.0
2026-09-24T07:05:00+00:00,orders-service,products-service,0.999941349029541,0.9549991826594733,0.9148752094696786,1.0
2026-09-24T07:05:00+00:00,orders-service,payments-service,0.9999533891677856,0.8336115862009371,0.9874978613701462,1.0
2026-09-24T07:10:00+00:00,orders-service,products-service,0.9999339580535889,0.9488537133725798,0.9213497028391296,1.0
2026-09-24T07:10:00+00:00,orders-service,payments-service,0.9999672174453735,0.8419425955112302,0.9931024476367367,1.0
2026-09-24T07:15:00+00:00,orders-service,products-service,0.9999274015426636,0.9471454806188494,0.8799649170738695,1.0
2026-09-24T07:15:00+00:00,orders-service,payments-service,0.9999568462371826,0.8383224223930372,0.9915422297977884,1.0
2026-09-24T07:20:00+00:00,orders-service,products-service,0.9999170303344727,0.9385043461029565,0.920110412917086,1.0
2026-09-24T07:20:00+00:00,orders-service,payments-service,0.9999667406082153,0.8562957127031131,0.9412122975151916,1.0
2026-09-24T07:25:00+00:00,orders-service,products-service,0.9999433755874634,0.9422572330252036,0.9624379753951441,1.0
2026-09-24T07:25:00+00:00,orders-service,payments-service,0.9999313354492188,0.8181717875257094,0.9240172316214219,1.0
2026-09-24T07:30:00+00:00,orders-service,products-service,0.9999455213546753,0.9763295637289114,0.935742802067323,1.0
2026-09-24T07:30:00+00:00,orders-service,payments-service,0.9999337196350098,0.8116998262909252,0.8930136904109292,1.0
2026-09-24T07:35:00+00:00,orders-service,products-service,0.9999427795410156,0.9430244160199055,0.9794331103059278,1.0
2026-09-24T07:35:00+00:00,orders-service,payments-service,0.9999692440032959,0.8131103929837719,0.9739699946578382,1.0
2026-09-24T07:40:00+00:00,orders-service,products-service,0.9999262094497681,0.9631189997458294,0.8676072888311097,1.0
2026-09-24T07:40:00+00:00,orders-service,payments-service,0.999962329864502,0.8423021300469293,0.9847124402569892,1.0
2026-09-24T07:45:00+00:00,orders-service,products-service,0.9999195337295532,0.9309191872712445,0.916467419824537,1.0
2026-09-24T07:45:00+00:00,orders-service,payments-service,0.9999492168426514,0.8531959319670027,0.9807957827645112,1.0
2026-09-24T07:50:00+00:00,orders-service,products-service,0.9999260902404785,0.9600831356674658,0.9148555483464625,1.0
2026-09-24T07:50:00+00:00,orders-service,payments-service,0.9999511241912842,0.7836382676209747,0.9875561065702734,1.0
2026-09-24T07:55:00+00:00,orders-service,products-service,0.9999264478683472,0.9857962090291109,0.9027813910206206,1.0
2026-09-24T07:55:00+00:00,orders-service,payments-service,0.9999421834945679,0.8021960378231296,0.9837853469296857,1.0
2026-09-24T08:00:00+00:00,orders-service,payments-service,0.999947190284729,0.8592015112299721,0.9982997465900828,1.0
2026-09-24T08:05:00+00:00,orders-service,payments-service,0.999969482421875,0.7968341341982967,0.980599035519694,1.0
2026-09-24T08:10:00+00:00,orders-service,payments-service,0.9999656677246094,0.8440157557788446,0.9962173227981703,1.0
2026-09-24T08:15:00+00:00,orders-service,payments-service,0.9999428987503052,0.8509983586786711,0.9205477124887774,1.0
2026-09-24T08:20:00+00:00,orders-service,payments-service,0.9999500513076782,0.8819018834067326,0.9321448358621935,1.0
2026-09-24T08:25:00+00:00,orders-service,payments-service,0.9999576807022095,0.8248672559141261,0.9773707696681277,1.0
2026-09-24T08:30:00+00:00,orders-service,payments-service,0.9999698400497437,0.8521737840700707,0.9973561716712197,1.0
2026-09-24T08:35:00+00:00,orders-service,payments-service,0.999981164932251,0.8155031260862395,0.9962938333388907,1.0
2026-09-24T08:40:00+00:00,orders-service,payments-service,0.9999576807022095,0.8341073623305861,0.9953378344806842,1.0
2026-09-24T08:45:00+00:00,orders-service,payments-service,0.9999686479568481,0.8189724023198702,0.9848447142012031,1.0
2026-09-24T08:50:00+00:00,orders-service,payments-service,0.9999072551727295,0.8314667267329005,0.9564374298778942,1.0
2026-09-24T08:55:00+00:00,orders-service,payments-service,0.9999411106109619,0.811655919468093,0.995046490508978,1.0
2026-09-24T09:00:00+00:00,orders-service,payments-service,0.9999630451202393,0.8350954261879899,0.9710816109257049,1.0
2026-09-24T09:05:00+00:00,orders-service,payments-service,0.9999538660049438,0.8304589428568762,0.9851740295672553,1.0
2026-09-24T09:10:00+00:00,orders-service,payments-service,0.9999313354492188,0.7812792903524578,0.9893141562224644,1.0
2026-09-24T09:15:00+00:00,orders-service,payments-service,0.9999524354934692,0.8202360454063071,0.917277329971524,1.0
2026-09-24T09:20:00+00:00,orders-service,payments-service,0.9999618530273438,0.818321587970882,0.9829563589905284,1.0
2026-09-24T09:25:00+00:00,orders-service,payments-service,0.999971866607666,0.8634278634739752,0.9740764851203735,1.0
2026-09-24T09:30:00+00:00,orders-service,payments-service,0.999884843826294,0.8176393775819297,0.8953485074947729,1.0
2026-09-24T09:35:00+00:00,orders-service,payments-service,0.9999529123306274,0.8197869409026097,0.9863185244505268,1.0
2026-09-24T09:40:00+00:00,orders-service,payments-service,0.9999551773071289,0.8291371362540285,0.9921099374040634,1.0
2026-09-24T09:45:00+00:00,orders-service,payments-service,0.9999676942825317,0.8357132617995836,0.9761590457687422,1.0
2026-09-24T09:50:00+00:00,orders-service,payments-service,0.9999752044677734,0.8648679627056917,0.9663288289300893,1.0
2026-09-24T09:55:00+00:00,orders-service,payments-service,0.9999606609344482,0.8554709430612532,0.9852941848178531,1.0
2026-09-24T10:00:00+00:00,orders-service,payments-service,0.9999324083328247,0.8157899237512989,0.9745967090982273,1.0
2026-09-24T10:05:00+00:00,orders-service,payments-service,0.999942421913147,0.8738533180876952,0.9164642006801318,1.0
2026-09-24T10:10:00+00:00,orders-service,payments-service,0.9999560117721558,0.8475784676532108,0.9345739782463247,1.0
2026-09-24T10:15:00+00:00,orders-service,payments-service,0.9999457597732544,0.8260773269062539,0.9890437085018451,1.0
2026-09-24T10:20:00+00:00,orders-service,payments-service,0.9999605417251587,0.8496686733695284,0.9919856102631782,1.0
2026-09-24T10:25:00+00:00,orders-service,payments-service,0.9999580383300781,0.8201969197939246,0.9520793857774935,1.0
2026-09-24T10:30:00+00:00,orders-service,payments-service,0.9999699592590332,0.871260763197219,0.9913803196415829,1.0
2026-09-24T10:35:00+00:00,orders-service,payments-service,0.9999356269836426,0.83414915260019,0.9633568050186315,1.0
2026-09-24T10:40:00+00:00,orders-service,payments-service,0.9999617338180542,0.8612011969832747,0.9845752309713113,1.0
2026-09-24T10:45:00+00:00,orders-service,payments-service,0.9999494552612305,0.8465747390031657,0.9635005372170767,1.0
2026-09-24T10:50:00+00:00,orders-service,payments-service,0.9999419450759888,0.8203318732657608,0.9035698677757651,1.0
2026-09-24T10:55:00+00:00,orders-service,payments-service,0.9999648332595825,0.8314828429783767,0.9995412721090479,1.0
2026-09-24T11:00:00+00:00,orders-service,payments-service,0.9999791383743286,0.8166887921131736,0.9842908941487013,1.0
2026-09-24T11:05:00+00:00,orders-service,payments-service,0.999970555305481,0.8266420361535493,0.9930173775931288,1.0
2026-09-24T11:10:00+00:00,orders-service,payments-service,0.9999412298202515,0.8450441494950232,0.9781820635770351,1.0
2026-09-24T11:15:00+00:00,orders-service,payments-service,0.9999678134918213,0.8688525045948698,0.9906442477770715,1.0
2026-09-24T11:20:00+00:00,orders-service,payments-service,0.9999591112136841,0.8269803588830247,0.9820522135883766,1.0
2026-09-24T11:25:00+00:00,orders-service,payments-service,0.9999678134918213,0.8197228942903008,0.9412061196387752,1.0
2026-09-24T11:30:00+00:00,orders-service,payments-service,0.9999542236328125,0.8092251342313117,0.9672405939914285,1.0
2026-09-24T11:35:00+00:00,orders-service,payments-service,0.9999542236328125,0.8228481185030718,0.8942966315742974,1.0
2026-09-24T11:40:00+00:00,orders-service,payments-service,0.9999667406082153,0.8460537264301903,0.9744914784199091,1.0
2026-09-24T11:45:00+00:00,orders-service,payments-service,0.9999606609344482,0.825793720842046,0.984048487434836,1.0
2026-09-24T11:50:00+00:00,orders-service,payments-service,0.9999366998672485,0.8055516846127428,0.9773054883458933,1.0
2026-09-24T11:55:00+00:00,orders-service,payments-service,0.9999586343765259,0.794368169267534,0.9564336176782601,1.0
2026-09-24T16:55:00+00:00,orders-service,payments-service,0.9988573789596558,0.8323649768253336,0.9221865766387195,1.0
2026-09-24T17:00:00+00:00,orders-service,payments-service,0.9994650483131409,0.8432663503565776,0.9209913283122507,1.0
2026-09-24T17:05:00+00:00,orders-service,payments-service,0.9993951320648193,0.8348323842629353,0.9618193310880595,1.0
2026-09-24T17:10:00+00:00,orders-service,payments-service,0.9991181492805481,0.8585569426226307,0.991181410032459,1.0
2026-09-24T17:15:00+00:00,orders-service,payments-service,0.9995467066764832,0.7712805647676936,0.962159180136039,1.0
2026-09-24T17:20:00+00:00,orders-service,payments-service,0.9983170032501221,0.8557329417996262,0.9251297076345952,1.0
2026-09-24T17:25:00+00:00,orders-service,payments-service,0.9993769526481628,0.8172856803312526,0.9680919692102526,1.0
2026-09-24T17:30:00+00:00,orders-service,payments-service,0.9994051456451416,0.8145269508348632,0.9689868057971429,1.0
2026-09-24T17:35:00+00:00,orders-service,payments-service,0.9993244409561157,0.8343694140197786,0.997010152682177,1.0
2026-09-24T17:40:00+00:00,orders-service,payments-service,0.9986515641212463,0.8117725993197961,0.9446497315445365,1.0
2026-09-24T17:45:00+00:00,orders-service,payments-service,0.9986686706542969,0.8462497333311981,0.9909319342054771,1.0
2026-09-24T17:50:00+00:00,orders-service,payments-service,0.9993842840194702,0.8129763290704617,0.9873705744747622,1.0
2026-09-24T17:55:00+00:00,orders-service,payments-service,0.9993317723274231,0.8209681737629477,0.9686869309363596,1.0
2026-09-24T22:55:00+00:00,orders-service,products-service,0.9997021555900574,0.9625081516962685,0.9794668791630837,1.0
2026-09-24T22:55:00+00:00,orders-service,payments-service,0.9993828535079956,0.8336629920971397,0.9631668503081396,1.0
2026-09-24T23:00:00+00:00,orders-service,products-service,0.9997583031654358,0.9796176864817996,0.9370519194216073,1.0
2026-09-24T23:00:00+00:00,orders-service,payments-service,0.999666690826416,0.8531932664009273,0.9427648510781388,1.0
2026-09-24T23:05:00+00:00,orders-service,products-service,0.9998960494995117,0.9907408859050044,0.9919389377412604,1.0
2026-09-24T23:05:00+00:00,orders-service,payments-service,0.9997556805610657,0.8527021357125834,0.9474092116320454,1.0
2026-09-24T23:10:00+00:00,orders-service,products-service,0.9997974038124084,0.9763225292654742,0.8746031292463772,1.0
2026-09-24T23:10:00+00:00,orders-service,payments-service,0.9994121789932251,0.8255594924939329,0.9260242752037778,1.0
2026-09-24T23:15:00+00:00,orders-service,products-service,0.9998593330383301,0.9478815951268131,0.9379013787541417,1.0
2026-09-24T23:15:00+00:00,orders-service,payments-service,0.9997352957725525,0.8302839779750182,0.9644731466817104,1.0
2026-09-24T23:20:00+00:00,orders-service,products-service,0.9999114274978638,0.9734541448588255,0.9917843840051788,1.0
2026-09-24T23:20:00+00:00,orders-service,payments-service,0.9997953772544861,0.8092629484403073,0.9626204665716899,1.0
2026-09-24T23:25:00+00:00,orders-service,products-service,0.999811589717865,0.9709077163966061,0.857620259570313,1.0
2026-09-24T23:25:00+00:00,orders-service,payments-service,0.9998140931129456,0.8168253826086951,0.9549976145481176,1.0
2026-09-24T23:30:00+00:00,orders-service,products-service,0.9998631477355957,0.9657207460505014,0.8930263688220232,1.0
2026-09-24T23:30:00+00:00,orders-service,payments-service,0.9998101592063904,0.8322059679099723,0.9929705802989881,1.0
2026-09-24T23:35:00+00:00,orders-service,products-service,0.99988853931427,0.9709364779743791,0.9927624204958022,1.0
2026-09-24T23:35:00+00:00,orders-service,payments-service,0.9996809959411621,0.8416995377484648,0.9202961524732312,1.0
2026-09-24T23:40:00+00:00,orders-service,products-service,0.9998065829277039,0.9764151979459924,0.8807956689050662,1.0
2026-09-24T23:40:00+00:00,orders-service,payments-service,0.9995211362838745,0.8006077074485622,0.9496517759805666,1.0
2026-09-24T23:45:00+00:00,orders-service,products-service,0.9999001026153564,0.9817839486202229,0.9291295465429867,1.0
2026-09-24T23:45:00+00:00,orders-service,payments-service,0.9997664093971252,0.8332616601484619,0.9415571026449201,1.0
2026-09-24T23:50:00+00:00,orders-service,products-service,0.9998031258583069,0.9860179245776448,0.8419011926776043,1.0
2026-09-24T23:50:00+00:00,orders-service,payments-service,0.9997665286064148,0.8352370366931772,0.9855159887171188,1.0
2026-09-24T23:55:00+00:00,orders-service,products-service,0.9999020099639893,0.996747525631188,0.8395552922378531,1.0
2026-09-24T23:55:00+00:00,orders-service,payments-service,0.9998639822006226,0.8483324918639736,0.976433952827873,1.0
2026-09-25T02:55:00+00:00,orders-service,payments-service,0.9999067783355713,0.8019354105220513,0.8846871484711712,1.0
2026-09-25T03:00:00+00:00,orders-service,payments-service,0.9999058246612549,0.8515392852988162,0.9150937406926263,1.0
2026-09-25T03:05:00+00:00,orders-service,payments-service,0.9999425411224365,0.848173344816709,0.953767527855885,1.0
2026-09-25T03:10:00+00:00,orders-service,payments-service,0.9999657869338989,0.8306070357816053,0.9836675734498193,1.0
2026-09-25T03:15:00+00:00,orders-service,payments-service,0.9999419450759888,0.8343101534472258,0.9707274637933847,1.0
2026-09-25T03:20:00+00:00,orders-service,payments-service,0.9999454021453857,0.8504764711222874,0.953028981469227,1.0
2026-09-25T03:25:00+00:00,orders-service,payments-service,0.9999552965164185,0.8308773801123865,0.9741760705293641,1.0
2026-09-25T03:30:00+00:00,orders-service,payments-service,0.9999382495880127,0.8550881423934766,0.8855210343585981,1.0
2026-09-25T03:35:00+00:00,orders-service,payments-service,0.9999227523803711,0.8266694335700037,0.9655744000894887,1.0
2026-09-25T03:40:00+00:00,orders-service,payments-service,0.9999619722366333,0.8529628255879211,0.9992486301684049,1.0
2026-09-25T03:45:00+00:00,orders-service,payments-service,0.9999555349349976,0.8448458207626761,0.9895701322969054,1.0
2026-09-25T03:50:00+00:00,orders-service,payments-service,0.9999409914016724,0.8262696383680103,0.9528426748959707,1.0
2026-09-25T03:55:00+00:00,orders-service,payments-service,0.999951958656311,0.819162856720856,0.9697568905339085,1.0
2026-09-25T04:00:00+00:00,orders-service,payments-service,0.9999682903289795,0.7808153484104154,0.9985483121304792,1.0
2026-09-25T04:05:00+00:00,orders-service,payments-service,0.9999277591705322,0.8266253313564271,0.9341545552279702,1.0
2026-09-25T04:10:00+00:00,orders-service,payments-service,0.9999402761459351,0.8017587262366472,0.9798908004638545,1.0
2026-09-25T04:15:00+00:00,orders-service,payments-service,0.9999547004699707,0.8299799152436269,0.9596007449967067,1.0
2026-09-25T04:20:00+00:00,orders-service,payments-service,0.9999394416809082,0.8215277588542089,0.9672538406039588,1.0
2026-09-25T04:25:00+00:00,orders-service,payments-service,0.9999717473983765,0.8177619874433362,0.9994731726839176,1.0
2026-09-25T04:30:00+00:00,orders-service,payments-service,0.9999562501907349,0.8157395416441948,0.9880234722522234,1.0
2026-09-25T04:35:00+00:00,orders-service,payments-service,0.999907374382019,0.8122151730465106,0.9122902742807344,1.0
2026-09-25T04:40:00+00:00,orders-service,payments-service,0.9999333620071411,0.8172031029879305,0.9200223920537752,1.0
2026-09-25T04:45:00+00:00,orders-service,payments-service,0.9999539852142334,0.808044358697569,0.9890192129566538,1.0
2026-09-25T04:50:00+00:00,orders-service,payments-service,0.9999434947967529,0.8173573028675958,0.9374819161196879,1.0
2026-09-25T04:55:00+00:00,orders-service,payments-service,0.9999614953994751,0.809987495938303,0.974924496468742,1.0
2026-09-25T05:00:00+00:00,orders-service,payments-service,0.9999507665634155,0.837532336080147,0.994213413720179,1.0
2026-09-25T05:05:00+00:00,orders-service,payments-service,0.9999428987503052,0.8285519250044848,0.9032106011218559,1.0
2026-09-25T05:10:00+00:00,orders-service,payments-service,0.999943733215332,0.825785043431452,0.9869781247013504,1.0
2026-09-25T05:15:00+00:00,orders-service,payments-service,0.9999678134918213,0.8170824698425654,0.9990801027354086,1.0
2026-09-25T05:20:00+00:00,orders-service,payments-service,0.99994957447052,0.8246483065586596,0.979842105974114,1.0
2026-09-25T05:25:00+00:00,orders-service,payments-service,0.9999717473983765,0.8364798669709183,0.9759693001383487,1.0
2026-09-25T05:30:00+00:00,orders-service,payments-service,0.9999665021896362,0.8183786317179683,0.978618522800745,1.0
2026-09-25T05:35:00+00:00,orders-service,payments-service,0.9999610185623169,0.8595601271940624,0.9703151860893297,1.0
2026-09-25T05:40:00+00:00,orders-service,payments-service,0.9999276399612427,0.8252876438566432,0.9905211582914379,1.0
2026-09-25T05:45:00+00:00,orders-service,payments-service,0.9999599456787109,0.8605794124026556,0.9557375484356413,1.0
2026-09-25T05:50:00+00:00,orders-service,payments-service,0.9999402761459351,0.8109314543463316,0.9629278345211698,1.0
2026-09-25T05:55:00+00:00,orders-service,payments-service,0.9998990297317505,0.8207788763520814,0.8952910697372243,1.0
2026-09-25T18:55:00+00:00,orders-service,products-service,0.998403012752533,0.9340146519795963,0.9385702314279368,1.0
2026-09-25T19:00:00+00:00,orders-service,products-service,0.9976592063903809,0.9781005856588497,0.8704643936484284,1.0
2026-09-25T19:05:00+00:00,orders-service,products-service,0.9983854293823242,0.928588777227261,0.9482955470793927,1.0
2026-09-25T19:10:00+00:00,orders-service,products-service,0.995551347732544,0.9248335965438986,0.8640249320521896,1.0
2026-09-25T19:15:00+00:00,orders-service,products-service,0.999538779258728,0.9942486627178422,0.9764347100762132,1.0
2026-09-25T19:20:00+00:00,orders-service,products-service,0.9991841912269592,0.9653544043826912,0.9947203843312059,1.0
2026-09-25T19:25:00+00:00,orders-service,products-service,0.9968717694282532,0.9413495219483967,0.980871827869828,1.0
2026-09-25T19:30:00+00:00,orders-service,products-service,0.9988454580307007,0.9819589441144088,0.9009354965261126,1.0
2026-09-25T19:35:00+00:00,orders-service,products-service,0.9963740706443787,0.9354548167040303,0.8538320334058885,1.0
2026-09-25T19:40:00+00:00,orders-service,products-service,0.9990280866622925,0.972789932801753,0.905150382469903,1.0
2026-09-25T19:45:00+00:00,orders-service,products-service,0.9988225102424622,0.9772822276545828,0.9640943726856519,1.0
2026-09-25T19:50:00+00:00,orders-service,products-service,0.9990372657775879,0.9470669198585496,0.9327069433606188,1.0
2026-09-25T19:55:00+00:00,orders-service,products-service,0.9973583817481995,0.940727925431973,0.8957790202006384,1.0
2026-09-25T20:55:00+00:00,orders-service,payments-service,0.9991472959518433,0.835103505793173,0.9921397401221533,1.0
2026-09-25T21:00:00+00:00,orders-service,payments-service,0.998449444770813,0.8410926451027224,0.9807772837703348,1.0
2026-09-25T21:05:00+00:00,orders-service,payments-service,0.9962627291679382,0.8275901298100056,0.9658844943325803,1.0
2026-09-25T21:10:00+00:00,orders-service,payments-service,0.9982833862304688,0.8270788444990624,0.9749583872325301,1.0
2026-09-25T21:15:00+00:00,orders-service,payments-service,0.9979197382926941,0.8471496309522136,0.9950874276670227,1.0
2026-09-25T21:20:00+00:00,orders-service,payments-service,0.9989264607429504,0.8168611006909305,0.9731229563677873,1.0
2026-09-25T21:25:00+00:00,orders-service,payments-service,0.9990652203559875,0.8088459417868212,0.926203666305212,1.0
2026-09-25T21:30:00+00:00,orders-service,payments-service,0.9943451881408691,0.8520805738579441,0.8623401380440453,1.0
2026-09-25T21:35:00+00:00,orders-service,payments-service,0.9992402791976929,0.831698670142159,0.9666565422535424,1.0
2026-09-25T21:40:00+00:00,orders-service,payments-service,0.9984586238861084,0.8749795920617138,0.9786177461375912,1.0
2026-09-25T21:45:00+00:00,orders-service,payments-service,0.9988623857498169,0.8319523854104538,0.9899284829263969,1.0
2026-09-25T21:50:00+00:00,orders-service,payments-service,0.9984343647956848,0.8352579943469212,0.9666595960637028,1.0
2026-09-25T21:55:00+00:00,orders-service,payments-service,0.9995254278182983,0.8234748917355339,0.9936185143114848,1.0
2026-09-25T22:00:00+00:00,orders-service,payments-service,0.9991446733474731,0.8107605746040736,0.9476467971511688,1.0
2026-09-25T22:05:00+00:00,orders-service,payments-service,0.9990479350090027,0.8383296578077791,0.9606458908311211,1.0
2026-09-25T22:10:00+00:00,orders-service,payments-service,0.9995033740997314,0.8260041984617018,0.9932173983219166,1.0
2026-09-25T22:15:00+00:00,orders-service,payments-service,0.9993516802787781,0.8314061335480425,0.9432814299149256,1.0
2026-09-25T22:20:00+00:00,orders-service,payments-service,0.9993809461593628,0.8333710320906786,0.9942594680874057,1.0
2026-09-25T22:25:00+00:00,orders-service,payments-service,0.9994021654129028,0.8161270913700334,0.9978168224492349,1.0
2026-09-25T22:30:00+00:00,orders-service,payments-service,0.9995231628417969,0.8416663788883088,0.977272474831598,1.0
2026-09-25T22:35:00+00:00,orders-service,payments-service,0.9990907907485962,0.8473996576239906,0.9455182238512931,1.0
2026-09-25T22:40:00+00:00,orders-service,payments-service,0.9993178844451904,0.8492436318984846,0.9955704030548418,1.0
2026-09-25T22:45:00+00:00,orders-service,payments-service,0.9994286894798279,0.8615474828667757,0.9732824163501358,1.0
2026-09-25T22:50:00+00:00,orders-service,payments-service,0.9991257786750793,0.8509481691378739,0.9293100579842482,1.0
2026-09-25T22:55:00+00:00,orders-service,products-service,0.9997182488441467,0.9625612169679806,0.9239504963623836,1.0
2026-09-25T22:55:00+00:00,orders-service,payments-service,0.9994077682495117,0.8614549201899786,0.9644014748487337,1.0
2026-09-25T23:00:00+00:00,orders-service,products-service,0.9998835325241089,0.9493538794420883,0.9793205923353173,1.0
2026-09-25T23:00:00+00:00,orders-service,payments-service,0.999643087387085,0.7910293786840149,0.9339163716637368,1.0
2026-09-25T23:05:00+00:00,orders-service,products-service,0.9998006224632263,0.9591645024007395,0.9494742162400613,1.0
2026-09-25T23:05:00+00:00,orders-service,payments-service,0.9994747042655945,0.8010840210854903,0.9566391515415285,1.0
2026-09-25T23:10:00+00:00,orders-service,products-service,0.9996281862258911,0.9751358180442561,0.860083924637214,1.0
2026-09-25T23:10:00+00:00,orders-service,payments-service,0.999504566192627,0.8401507473871627,0.9867243517580963,1.0
2026-09-25T23:15:00+00:00,orders-service,products-service,0.9996424913406372,0.9504182482713637,0.8708395502963815,1.0
2026-09-25T23:15:00+00:00,orders-service,payments-service,0.9993304014205933,0.8568636580638707,0.9559173551048289,1.0
2026-09-25T23:20:00+00:00,orders-service,products-service,0.9995971322059631,0.9621544355643581,0.8556180605786597,1.0
2026-09-25T23:20:00+00:00,orders-service,payments-service,0.999733030796051,0.8357257735309004,0.971636912052823,1.0
2026-09-25T23:25:00+00:00,orders-service,products-service,0.9997909665107727,0.9480061252002351,0.9402934855822326,1.0
2026-09-25T23:25:00+00:00,orders-service,payments-service,0.9996458292007446,0.811657297906517,0.9852658579684758,1.0
2026-09-25T23:30:00+00:00,orders-service,products-service,0.9998180270195007,0.9539800552907844,0.8983096610893854,1.0
2026-09-25T23:30:00+00:00,orders-service,payments-service,0.9997053742408752,0.8054509836313397,0.9912544135525972,1.0
2026-09-25T23:35:00+00:00,orders-service,products-service,0.9997404217720032,0.9682219332090247,0.9110541505051512,1.0
2026-09-25T23:35:00+00:00,orders-service,payments-service,0.9994608759880066,0.845564524613132,0.9814157013172161,1.0
2026-09-25T23:40:00+00:00,orders-service,products-service,0.9998794794082642,0.9677090134460998,0.8766161152053726,1.0
2026-09-25T23:40:00+00:00,orders-service,payments-service,0.9997724890708923,0.8456019544625906,0.9303788047887251,1.0
2026-09-25T23:45:00+00:00,orders-service,products-service,0.9998866319656372,0.9641295358979788,0.9275716048334913,1.0
2026-09-25T23:45:00+00:00,orders-service,payments-service,0.9997361302375793,0.82346018901527,0.9415131309885026,1.0
2026-09-25T23:50:00+00:00,orders-service,products-service,0.9998520612716675,0.9972521543325146,0.8780481556784192,1.0
2026-09-25T23:50:00+00:00,orders-service,payments-service,0.999806821346283,0.8459746316124919,0.9824881329662449,1.0
2026-09-25T23:55:00+00:00,orders-service,products-service,0.9999309778213501,0.9947549526746741,0.8656100238308108,1.0
2026-09-25T23:55:00+00:00,orders-service,payments-service,0.9998832941055298,0.8300428365442205,0.9519315755901415,1.0
2026-09-26T02:55:00+00:00,orders-service,payments-service,0.9999520778656006,0.7657967539704864,0.9719125727928356,1.0
2026-09-26T03:00:00+00:00,orders-service,payments-service,0.9999570846557617,0.8111222341271835,0.9908964168249584,1.0
2026-09-26T03:05:00+00:00,orders-service,payments-service,0.9999501705169678,0.853698445639396,0.983198039687765,1.0
2026-09-26T03:10:00+00:00,orders-service,payments-service,0.9999692440032959,0.8079834563650654,0.9933499585448416,1.0
2026-09-26T03:15:00+00:00,orders-service,payments-service,0.9999446868896484,0.8552579314817255,0.9816827496897019,1.0
2026-09-26T03:20:00+00:00,orders-service,payments-service,0.9999383687973022,0.8109239372820286,0.968298393837733,1.0
2026-09-26T03:25:00+00:00,orders-service,payments-service,0.9999583959579468,0.8209701721543002,0.9549010145154188,1.0
2026-09-26T03:30:00+00:00,orders-service,payments-service,0.9999536275863647,0.8741512119503324,0.989394573902356,1.0
2026-09-26T03:35:00+00:00,orders-service,payments-service,0.9999738931655884,0.7985017227349746,0.9970764536470806,1.0
2026-09-26T03:40:00+00:00,orders-service,payments-service,0.9999133348464966,0.8390653957374745,0.929938253482996,1.0
2026-09-26T03:45:00+00:00,orders-service,payments-service,0.9999607801437378,0.8650675392403224,0.9856209418502173,1.0
2026-09-26T03:50:00+00:00,orders-service,payments-service,0.9999778270721436,0.8711784027244681,0.984877357507841,1.0
2026-09-26T03:55:00+00:00,orders-service,payments-service,0.999972939491272,0.8643408997137614,0.9805241770499592,1.0
2026-09-26T04:55:00+00:00,orders-service,products-service,0.9999685287475586,0.9872569710820709,0.9840760430178762,1.0
2026-09-26T05:00:00+00:00,orders-service,products-service,0.9999508857727051,0.9738547979345914,0.8901589709082353,1.0
2026-09-26T05:05:00+00:00,orders-service,products-service,0.9999425411224365,0.9557234553799037,0.8621544001463827,1.0
2026-09-26T05:10:00+00:00,orders-service,products-service,0.9999690055847168,0.9892289274058098,0.9690395187401714,1.0
2026-09-26T05:15:00+00:00,orders-service,products-service,0.9999408721923828,0.9623869285208222,0.9345624564884097,1.0
2026-09-26T05:20:00+00:00,orders-service,products-service,0.9999488592147827,0.9431701493972382,0.9270767536971154,1.0
2026-09-26T05:25:00+00:00,orders-service,products-service,0.9999492168426514,0.9872683716551447,0.938912431784708,1.0
2026-09-26T05:30:00+00:00,orders-service,products-service,0.9999476671218872,0.9864674860860222,0.8915459274639567,1.0
2026-09-26T05:35:00+00:00,orders-service,products-service,0.99994957447052,0.9550367990702597,0.928354966964816,1.0
2026-09-26T05:40:00+00:00,orders-service,products-service,0.9999469518661499,0.9502726247700831,0.9288729310383592,1.0
2026-09-26T05:45:00+00:00,orders-service,products-service,0.9999535083770752,0.973175211439828,0.9826746360664284,1.0
2026-09-26T05:50:00+00:00,orders-service,products-service,0.9999591112136841,0.9861442535553092,0.9569838735290566,1.0
2026-09-26T05:55:00+00:00,orders-service,products-service,0.9999539852142334,0.9778301504597644,0.9236173083597825,1.0
2026-09-26T06:55:00+00:00,orders-service,payments-service,0.9999669790267944,0.8276943625156468,0.9911234015230621,1.0
2026-09-26T07:00:00+00:00,orders-service,payments-service,0.9999600648880005,0.8401634683487681,0.954000672673025,1.0
2026-09-26T07:05:00+00:00,orders-service,payments-service,0.9999637603759766,0.8583448268862302,0.9803259695951333,1.0
2026-09-26T07:10:00+00:00,orders-service,payments-service,0.999963641166687,0.8554230525016852,0.9375192582685254,1.0
2026-09-26T07:15:00+00:00,orders-service,payments-service,0.999969482421875,0.8115404239898141,0.9610468584927137,1.0
2026-09-26T07:20:00+00:00,orders-service,payments-service,0.9999351501464844,0.8314685316823639,0.9889506647212678,1.0
2026-09-26T07:25:00+00:00,orders-service,payments-service,0.9999755620956421,0.795166005686367,0.9932065830203751,1.0
2026-09-26T07:30:00+00:00,orders-service,payments-service,0.9999666213989258,0.8126920585880854,0.9526889322353567,1.0
2026-09-26T07:35:00+00:00,orders-service,payments-service,0.9999527931213379,0.8589398603389028,0.9831696169986729,1.0
2026-09-26T07:40:00+00:00,orders-service,payments-service,0.9999055862426758,0.8293090919317825,0.9784500249522925,1.0
2026-09-26T07:45:00+00:00,orders-service,payments-service,0.9999597072601318,0.8586575340134578,0.9979668523603114,1.0
2026-09-26T07:50:00+00:00,orders-service,payments-service,0.9999620914459229,0.8604648578129022,0.9994595724607467,1.0
2026-09-26T07:55:00+00:00,orders-service,payments-service,0.9999653100967407,0.8525748730598811,0.9762468796852791,1.0
2026-09-26T08:00:00+00:00,orders-service,payments-service,0.9999362230300903,0.8679598930709965,0.9186575950156477,1.0
2026-09-26T08:05:00+00:00,orders-service,payments-service,0.9999730587005615,0.8585083750582055,0.9696206051703044,1.0
2026-09-26T08:10:00+00:00,orders-service,payments-service,0.9999313354492188,0.8234952611219162,0.9279987447247795,1.0
2026-09-26T08:15:00+00:00,orders-service,payments-service,0.9999537467956543,0.8135765254235582,0.9761015595228891,1.0
2026-09-26T08:20:00+00:00,orders-service,payments-service,0.9999505281448364,0.8358951701702453,0.9883735950694608,1.0
2026-09-26T08:25:00+00:00,orders-service,payments-service,0.999940037727356,0.8504001865006336,0.9408055008507651,1.0
2026-09-26T08:30:00+00:00,orders-service,payments-service,0.9999599456787109,0.8293306324372527,0.9892830927309413,1.0
2026-09-26T08:35:00+00:00,orders-service,payments-service,0.9999597072601318,0.8320912536751389,0.9409190810207638,1.0
2026-09-26T08:40:00+00:00,orders-service,payments-service,0.9999743700027466,0.8709019975580193,0.9686429422107133,1.0
2026-09-26T08:45:00+00:00,orders-service,payments-service,0.9999548196792603,0.8560189416687809,0.9406592436376543,1.0
2026-09-26T08:50:00+00:00,orders-service,payments-service,0.9999526739120483,0.8449894927079584,0.9703309200113462,1.0
2026-09-26T08:55:00+00:00,orders-service,products-service,0.9999508857727051,0.9541601330500747,0.9100000435762362,1.0
2026-09-26T08:55:00+00:00,orders-service,payments-service,0.9999755620956421,0.8534695108098816,0.9955314195634039,1.0
2026-09-26T09:00:00+00:00,orders-service,products-service,0.99996018409729,0.9996599606750136,0.9103588352233289,1.0
2026-09-26T09:00:00+00:00,orders-service,payments-service,0.9999752044677734,0.8220252736885406,0.9735978680777193,1.0
2026-09-26T09:05:00+00:00,orders-service,products-service,0.9999171495437622,0.9672920750405497,0.8803983051197071,1.0
2026-09-26T09:05:00+00:00,orders-service,payments-service,0.9999685287475586,0.8036527723468564,0.9619858207091385,1.0
2026-09-26T09:10:00+00:00,orders-service,products-service,0.9999397993087769,0.9906367139049685,0.946848934608762,1.0
2026-09-26T09:10:00+00:00,orders-service,payments-service,0.9999526739120483,0.8329101122618807,0.9644973240906174,1.0
2026-09-26T09:15:00+00:00,orders-service,products-service,0.9998898506164551,0.9683774642696606,0.8403376360589166,1.0
2026-09-26T09:15:00+00:00,orders-service,payments-service,0.9999418258666992,0.8305720908370539,0.9853535820744102,1.0
2026-09-26T09:20:00+00:00,orders-service,products-service,0.9999701976776123,0.9809251973051741,0.985847258278846,1.0
2026-09-26T09:20:00+00:00,orders-service,payments-service,0.999975323677063,0.8425385524982485,0.9712922592919824,1.0
2026-09-26T09:25:00+00:00,orders-service,products-service,0.9998598098754883,0.9122652050399964,0.8815855632880256,1.0
2026-09-26T09:25:00+00:00,orders-service,payments-service,0.9999313354492188,0.8421107131678115,0.9608159218622505,1.0
2026-09-26T09:30:00+00:00,orders-service,products-service,0.99991774559021,0.9511893036619401,0.8953748189367103,1.0
2026-09-26T09:30:00+00:00,orders-service,payments-service,0.9999326467514038,0.8357257983083064,0.9746302547770466,1.0
2026-09-26T09:35:00+00:00,orders-service,products-service,0.9998871088027954,0.9564931864098388,0.83044446060203,1.0
2026-09-26T09:35:00+00:00,orders-service,payments-service,0.9999603033065796,0.808042820255781,0.983824544555339,1.0
2026-09-26T09:40:00+00:00,orders-service,products-service,0.9999393224716187,0.9748310283872309,0.9081336211007127,1.0
2026-09-26T09:40:00+00:00,orders-service,payments-service,0.999957799911499,0.8277346234244022,0.9844592966881986,1.0
2026-09-26T09:45:00+00:00,orders-service,products-service,0.9999561309814453,0.9724683612721058,0.9204376217151771,1.0
2026-09-26T09:45:00+00:00,orders-service,payments-service,0.9999719858169556,0.8322276388208074,0.9971334068019384,1.0
2026-09-26T09:50:00+00:00,orders-service,products-service,0.9999585151672363,0.9655963978775749,0.9675060246185329,1.0
2026-09-26T09:50:00+00:00,orders-service,payments-service,0.9999639987945557,0.8172986010068313,0.9705602494494708,1.0
2026-09-26T09:55:00+00:00,orders-service,products-service,0.9999481439590454,0.9642690124121558,0.9403585634557529,1.0
2026-09-26T09:55:00+00:00,orders-service,payments-service,0.9999532699584961,0.8169872216301923,0.9762175317358789,1.0
2026-09-26T18:55:00+00:00,orders-service,products-service,0.999272882938385,0.9926324311294452,0.8932981443610393,1.0
2026-09-26T19:00:00+00:00,orders-service,products-service,0.9982994198799133,0.9573689956331878,0.9166725384400007,1.0
2026-09-26T19:05:00+00:00,orders-service,products-service,0.9989503026008606,0.9642659018852414,0.926343596626687,1.0
2026-09-26T19:10:00+00:00,orders-service,products-service,0.9983819723129272,0.9225866084415976,0.934798328551586,1.0
2026-09-26T19:15:00+00:00,orders-service,products-service,0.9968456625938416,0.9671809476590839,0.8754112586295613,1.0
2026-09-26T19:20:00+00:00,orders-service,products-service,0.9993798732757568,0.9672616255717973,0.9122140638161527,1.0
2026-09-26T19:25:00+00:00,orders-service,products-service,0.9975001215934753,0.9629447298402496,0.8481274076285822,1.0
2026-09-26T19:30:00+00:00,orders-service,products-service,0.9982503056526184,0.9604249900647986,0.8738756408538485,1.0
2026-09-26T19:35:00+00:00,orders-service,products-service,0.9988033771514893,0.9585347680605584,0.8727478976964183,1.0
2026-09-26T19:40:00+00:00,orders-service,products-service,0.9993047714233398,0.9656982652891501,0.9095301767766546,1.0
2026-09-26T19:45:00+00:00,orders-service,products-service,0.9987793564796448,0.9416717184663491,0.9197067375833995,1.0
2026-09-26T19:50:00+00:00,orders-service,products-service,0.9988759160041809,0.9741806868897238,0.915677280653815,1.0
2026-09-26T19:55:00+00:00,orders-service,products-service,0.9990893602371216,0.9786135849775818,0.9139294566083369,1.0
2026-09-26T20:00:00+00:00,orders-service,products-service,0.9978495836257935,0.9444230528941786,0.9332313003276541,1.0
2026-09-26T20:05:00+00:00,orders-service,products-service,0.9988409876823425,0.9947957914820433,0.8279914203952328,1.0
2026-09-26T20:10:00+00:00,orders-service,products-service,0.998703122138977,0.9764410978992745,0.90945248901142,1.0
2026-09-26T20:15:00+00:00,orders-service,products-service,0.9992235898971558,0.9768297948444138,0.9050168618486928,1.0
2026-09-26T20:20:00+00:00,orders-service,products-service,0.9988597631454468,0.9567493916403388,0.9022000342916008,1.0
2026-09-26T20:25:00+00:00,orders-service,products-service,0.9995434880256653,0.9912810536684763,0.9177144082996852,1.0
2026-09-26T20:30:00+00:00,orders-service,products-service,0.9983659386634827,0.9582085476192825,0.8647885800694516,1.0
2026-09-26T20:35:00+00:00,orders-service,products-service,0.9994165897369385,0.9814361115610727,0.9216722042954644,1.0
2026-09-26T20:40:00+00:00,orders-service,products-service,0.9957547187805176,0.9401668560444969,0.8644713088560173,1.0
2026-09-26T20:45:00+00:00,orders-service,products-service,0.9982872605323792,0.923816579220633,0.8816801960779785,1.0
2026-09-26T20:50:00+00:00,orders-service,products-service,0.998392641544342,0.964313273759932,0.9353949369863335,1.0
2026-09-26T20:55:00+00:00,orders-service,products-service,0.9994476437568665,0.9915578638392591,0.9332586099149649,1.0
2026-09-26T21:00:00+00:00,orders-service,products-service,0.9988775849342346,0.983091533583861,0.8367185031555534,1.0
2026-09-26T21:05:00+00:00,orders-service,products-service,0.9992179870605469,0.9398479994450447,0.9157127625169589,1.0
2026-09-26T21:10:00+00:00,orders-service,products-service,0.9990658164024353,0.9760177102079356,0.871626635050177,1.0
2026-09-26T21:15:00+00:00,orders-service,products-service,0.9984959363937378,0.9476371642073783,0.9503684646890826,1.0
2026-09-26T21:20:00+00:00,orders-service,products-service,0.9985260963439941,0.9582241775270651,0.9113171430157889,1.0
2026-09-26T21:25:00+00:00,orders-service,products-service,0.9991838335990906,0.9809624362495942,0.9901540299807512,1.0
2026-09-26T21:30:00+00:00,orders-service,products-service,0.9988901019096375,0.945589520362249,0.9755081242495434,1.0
2026-09-26T21:35:00+00:00,orders-service,products-service,0.9994396567344666,0.9900785209595518,0.9227948447124669,1.0
2026-09-26T21:40:00+00:00,orders-service,products-service,0.9995631575584412,0.9803068952040059,0.8465531883861512,1.0
2026-09-26T21:45:00+00:00,orders-service,products-service,0.999586284160614,0.9952694044821226,0.8664182148766498,1.0
2026-09-26T21:50:00+00:00,orders-service,products-service,0.9996745586395264,0.9977013003341237,0.85697612600122,1.0
2026-09-26T21:55:00+00:00,orders-service,products-service,0.9996665716171265,0.9746803077749969,0.9654416294881496,1.0
2026-09-26T22:55:00+00:00,orders-service,payments-service,0.9993891716003418,0.8183674633193092,0.9533694444746651,1.0
2026-09-26T23:00:00+00:00,orders-service,payments-service,0.9995518326759338,0.8056078240015797,0.9461477578320405,1.0
2026-09-26T23:05:00+00:00,orders-service,payments-service,0.9997941851615906,0.8216418265472396,0.9666861994929907,1.0
2026-09-26T23:10:00+00:00,orders-service,payments-service,0.9994125366210938,0.8404625828081367,0.9936139881538559,1.0
2026-09-26T23:15:00+00:00,orders-service,payments-service,0.9995947480201721,0.7866534248850431,0.9620809531174642,1.0
2026-09-26T23:20:00+00:00,orders-service,payments-service,0.9996970891952515,0.8383441698488114,0.9548895436626748,1.0
2026-09-26T23:25:00+00:00,orders-service,payments-service,0.9997100234031677,0.8256865894338691,0.9715376430154207,1.0
2026-09-26T23:30:00+00:00,orders-service,payments-service,0.9996296167373657,0.842679225015719,0.9299719215145392,1.0
2026-09-26T23:35:00+00:00,orders-service,payments-service,0.999530553817749,0.8519517978109271,0.9787860491692206,1.0
2026-09-26T23:40:00+00:00,orders-service,payments-service,0.9996267557144165,0.8125501843413838,0.9055613171127604,1.0
2026-09-26T23:45:00+00:00,orders-service,payments-service,0.9997356534004211,0.8727194233159549,0.9965205586977343,1.0
2026-09-26T23:50:00+00:00,orders-service,payments-service,0.9996451139450073,0.8205693701629726,0.9822539240497131,1.0
2026-09-26T23:55:00+00:00,orders-service,payments-service,0.9997400641441345,0.8401602664656835,0.9393809237090126,1.0
2026-09-27T00:00:00+00:00,orders-service,payments-service,0.9998346567153931,0.8171074707255344,0.9236415760975634,1.0
2026-09-27T00:05:00+00:00,orders-service,payments-service,0.9998534917831421,0.8305370878367743,0.9682708525382665,1.0
2026-09-27T00:10:00+00:00,orders-service,payments-service,0.9999194145202637,0.8385326840342011,0.9702874613480159,1.0
2026-09-27T00:15:00+00:00,orders-service,payments-service,0.9997939467430115,0.8435631112006059,0.9487960418293515,1.0
2026-09-27T00:20:00+00:00,orders-service,payments-service,0.9998874664306641,0.8730609891840353,0.9620806513928734,1.0
2026-09-27T00:25:00+00:00,orders-service,payments-service,0.99992835521698,0.8172261395662132,0.9835014739225585,1.0
2026-09-27T00:30:00+00:00,orders-service,payments-service,0.9998804330825806,0.8361106189852416,0.9361280664054694,1.0
2026-09-27T00:35:00+00:00,orders-service,payments-service,0.9997603297233582,0.8644170960407355,0.9689399337058381,1.0
2026-09-27T00:40:00+00:00,orders-service,payments-service,0.9999039173126221,0.8419841431992496,0.9556228476634653,1.0
2026-09-27T00:45:00+00:00,orders-service,payments-service,0.999800980091095,0.8486156670390558,0.9940634512158802,1.0
2026-09-27T00:50:00+00:00,orders-service,payments-service,0.9998661279678345,0.832342999609645,0.9855986250272076,1.0
2026-09-27T00:55:00+00:00,orders-service,payments-service,0.9998964071273804,0.7991562175184201,0.9817057813143533,1.0
2026-09-27T01:00:00+00:00,orders-service,payments-service,0.9998753070831299,0.8640832347484735,0.9461425668629885,1.0
2026-09-27T01:05:00+00:00,orders-service,payments-service,0.9998522996902466,0.8286028816808128,0.8945674024575399,1.0
2026-09-27T01:10:00+00:00,orders-service,payments-service,0.9998643398284912,0.8113943909790476,0.9643494176060687,1.0
2026-09-27T01:15:00+00:00,orders-service,payments-service,0.9999078512191772,0.844662698131887,0.9455636057713103,1.0
2026-09-27T01:20:00+00:00,orders-service,payments-service,0.9998558759689331,0.8251260631840895,0.9356140056877706,1.0
2026-09-27T01:25:00+00:00,orders-service,payments-service,0.999893307685852,0.8189780403830922,0.9891211640091605,1.0
2026-09-27T01:30:00+00:00,orders-service,payments-service,0.9999364614486694,0.836035590161697,0.9348222360672649,1.0
2026-09-27T01:35:00+00:00,orders-service,payments-service,0.9998283386230469,0.8619672908105149,0.9051475356268629,1.0
2026-09-27T01:40:00+00:00,orders-service,payments-service,0.9998276233673096,0.8273984490205561,0.8525782635108223,1.0
2026-09-27T01:45:00+00:00,orders-service,payments-service,0.9999651908874512,0.8296509630799278,0.9630657945780683,1.0
2026-09-27T01:50:00+00:00,orders-service,payments-service,0.999936580657959,0.8412608048506828,0.9480334487109021,1.0
2026-09-27T01:55:00+00:00,orders-service,payments-service,0.9999308586120605,0.8025983529750853,0.9189797841768217,1.0
2026-09-27T04:55:00+00:00,orders-service,payments-service,0.9999377727508545,0.8058916289862357,0.9934913465843586,1.0
2026-09-27T05:00:00+00:00,orders-service,payments-service,0.9999470710754395,0.8175462237405409,0.9086111227935839,1.0
2026-09-27T05:05:00+00:00,orders-service,payments-service,0.9999353885650635,0.8274035893742947,0.9848848898785665,1.0
2026-09-27T05:10:00+00:00,orders-service,payments-service,0.9999485015869141,0.8477564007454053,0.9989925602435925,1.0
2026-09-27T05:15:00+00:00,orders-service,payments-service,0.9999170303344727,0.8293078064153725,0.9234449298494559,1.0
2026-09-27T05:20:00+00:00,orders-service,payments-service,0.9999642372131348,0.8318709736790094,0.9467562469198737,1.0
2026-09-27T05:25:00+00:00,orders-service,payments-service,0.9999483823776245,0.8463581412525422,0.9268854534007881,1.0
2026-09-27T05:30:00+00:00,orders-service,payments-service,0.9999537467956543,0.818400403714065,0.9988025913198028,1.0
2026-09-27T05:35:00+00:00,orders-service,payments-service,0.9999511241912842,0.834397470734823,0.9325072878973426,1.0
2026-09-27T05:40:00+00:00,orders-service,payments-service,0.9999688863754272,0.8420872978578579,0.9746507826198302,1.0
2026-09-27T05:45:00+00:00,orders-service,payments-service,0.9999674558639526,0.8529930474584303,0.9470438567041891,1.0
2026-09-27T05:50:00+00:00,orders-service,payments-service,0.9999314546585083,0.8653213469081646,0.9560397770597139,1.0
2026-09-27T05:55:00+00:00,orders-service,payments-service,0.9999536275863647,0.8390896301491658,0.9687150038944738,1.0
2026-09-27T06:00:00+00:00,orders-service,payments-service,0.9999195337295532,0.8383236387024837,0.9390294793902231,1.0
2026-09-27T06:05:00+00:00,orders-service,payments-service,0.9999380111694336,0.8308587779329467,0.9582631305168772,1.0
2026-09-27T06:10:00+00:00,orders-service,payments-service,0.9999531507492065,0.8234138885202681,0.9297616909669372,1.0
2026-09-27T06:15:00+00:00,orders-service,payments-service,0.9999699592590332,0.8250556191479486,0.9858914403619865,1.0
2026-09-27T06:20:00+00:00,orders-service,payments-service,0.9999289512634277,0.8167131502383985,0.9213713015987405,1.0
2026-09-27T06:25:00+00:00,orders-service,payments-service,0.9999231100082397,0.8250926079435724,0.9811548566444496,1.0
2026-09-27T06:30:00+00:00,orders-service,payments-service,0.9999581575393677,0.8378893535157221,0.9522692155922217,1.0
2026-09-27T06:35:00+00:00,orders-service,payments-service,0.999923586845398,0.8421444113574393,0.9314848082839411,1.0
2026-09-27T06:40:00+00:00,orders-service,payments-service,0.9999607801437378,0.8005990459056422,0.9856032065188772,1.0
2026-09-27T06:45:00+00:00,orders-service,payments-service,0.999946117401123,0.8282368140286613,0.9766662264537946,1.0
2026-09-27T06:50:00+00:00,orders-service,payments-service,0.9999716281890869,0.8232305998122761,0.9848242718138097,1.0
2026-09-27T06:55:00+00:00,orders-service,payments-service,0.9999402761459351,0.8230144163115032,0.9614704036367171,1.0
2026-09-27T07:00:00+00:00,orders-service,payments-service,0.9999681711196899,0.8071036473960106,0.9985385919747662,1.0
2026-09-27T07:05:00+00:00,orders-service,payments-service,0.9999412298202515,0.8177971622939837,0.9590818146939555,1.0
2026-09-27T07:10:00+00:00,orders-service,payments-service,0.9999701976776123,0.8121520058788643,0.9929195378871867,1.0
2026-09-27T07:15:00+00:00,orders-service,payments-service,0.999929666519165,0.8336906410903931,0.9278622735359955,1.0
2026-09-27T07:20:00+00:00,orders-service,payments-service,0.999940037727356,0.8032674918423984,0.9965783230209706,1.0
2026-09-27T07:25:00+00:00,orders-service,payments-service,0.9999507665634155,0.8352527203788433,0.9649742477858037,1.0
2026-09-27T07:30:00+00:00,orders-service,payments-service,0.9999260902404785,0.8332847370381288,0.9419253874500778,1.0
2026-09-27T07:35:00+00:00,orders-service,payments-service,0.9999701976776123,0.8582078903237496,0.9632972382893872,1.0
2026-09-27T07:40:00+00:00,orders-service,payments-service,0.999943733215332,0.8338755566064572,0.9602855770401751,1.0
2026-09-27T07:45:00+00:00,orders-service,payments-service,0.9999399185180664,0.8663669221681874,0.9339022894328282,1.0
2026-09-27T07:50:00+00:00,orders-service,payments-service,0.9999417066574097,0.8115772744432201,0.9974936947943951,1.0
2026-09-27T07:55:00+00:00,orders-service,payments-service,0.9999576807022095,0.8227446114415999,0.9518828384478837,1.0
2026-09-27T08:00:00+00:00,orders-service,payments-service,0.9999585151672363,0.8332084569778675,0.9854444230222851,1.0
2026-09-27T08:05:00+00:00,orders-service,payments-service,0.9999208450317383,0.824723250197805,0.8981412059724223,1.0
2026-09-27T08:10:00+00:00,orders-service,payments-service,0.9999662637710571,0.8184162389561765,0.9857104775876336,1.0
2026-09-27T08:15:00+00:00,orders-service,payments-service,0.9999264478683472,0.8152575787941705,0.8871405138110979,1.0
2026-09-27T08:20:00+00:00,orders-service,payments-service,0.999956488609314,0.8238499299725661,0.9911088322090872,1.0
2026-09-27T08:25:00+00:00,orders-service,payments-service,0.9999356269836426,0.8456093302385881,0.9359268617428733,1.0
2026-09-27T08:30:00+00:00,orders-service,payments-service,0.9999585151672363,0.8220075510474758,0.9617297596652093,1.0
2026-09-27T08:35:00+00:00,orders-service,payments-service,0.9999710321426392,0.8459920645529906,0.982178304387721,1.0
2026-09-27T08:40:00+00:00,orders-service,payments-service,0.9999761581420898,0.8184846959139067,0.9986946742811049,1.0
2026-09-27T08:45:00+00:00,orders-service,payments-service,0.9999648332595825,0.8387644453273373,0.9846366964785692,1.0
2026-09-27T08:50:00+00:00,orders-service,payments-service,0.999954342842102,0.8223187810308932,0.9802038822576952,1.0
2026-09-27T08:55:00+00:00,orders-service,products-service,0.9999239444732666,0.9722656934109902,0.8879975438400091,1.0
2026-09-27T08:55:00+00:00,orders-service,payments-service,0.9999369382858276,0.8438974193829929,0.958302472831844,1.0
2026-09-27T09:00:00+00:00,orders-service,products-service,0.999974250793457,0.9845947105093966,0.9817853865885624,1.0
2026-09-27T09:00:00+00:00,orders-service,payments-service,0.9999505281448364,0.8350064925988808,0.8750786809822054,1.0
2026-09-27T09:05:00+00:00,orders-service,products-service,0.999946117401123,0.9726162516229524,0.86142418758319,1.0
2026-09-27T09:05:00+00:00,orders-service,payments-service,0.9999691247940063,0.8615538813031526,0.9867651256580838,1.0
2026-09-27T09:10:00+00:00,orders-service,products-service,0.9999103546142578,0.9637742454250146,0.8638243778177328,1.0
2026-09-27T09:10:00+00:00,orders-service,payments-service,0.9999709129333496,0.8466250634072316,0.9828270249251956,1.0
2026-09-27T09:15:00+00:00,orders-service,products-service,0.9999573230743408,0.9570994860267928,0.9305962290047756,1.0
2026-09-27T09:15:00+00:00,orders-service,payments-service,0.9999721050262451,0.8139078766338088,0.9787551235793914,1.0
2026-09-27T09:20:00+00:00,orders-service,products-service,0.9999451637268066,0.9641298568846475,0.897426838325802,1.0
2026-09-27T09:20:00+00:00,orders-service,payments-service,0.9999502897262573,0.7990959183776521,0.9586734711094234,1.0
2026-09-27T09:25:00+00:00,orders-service,products-service,0.9999403953552246,0.9276316501997066,0.941397972705986,1.0
2026-09-27T09:25:00+00:00,orders-service,payments-service,0.9999479055404663,0.815812771476643,0.9372597695055852,1.0
2026-09-27T09:30:00+00:00,orders-service,products-service,0.9999282360076904,0.9438302602577493,0.9013225431157396,1.0
2026-09-27T09:30:00+00:00,orders-service,payments-service,0.9999653100967407,0.7977976389231902,0.9969956475568394,1.0
2026-09-27T09:35:00+00:00,orders-service,products-service,0.9999326467514038,0.978483201805862,0.8741709583205459,1.0
2026-09-27T09:35:00+00:00,orders-service,payments-service,0.9999614953994751,0.8054580947408386,0.9796388866725237,1.0
2026-09-27T09:40:00+00:00,orders-service,products-service,0.9999285936355591,0.9758170089943708,0.8362136537630372,1.0
2026-09-27T09:40:00+00:00,orders-service,payments-service,0.9999415874481201,0.8251611520399238,0.9680836275189062,1.0
2026-09-27T09:45:00+00:00,orders-service,products-service,0.9999549388885498,0.9463595407860947,0.9744907300254928,1.0
2026-09-27T09:45:00+00:00,orders-service,payments-service,0.9999579191207886,0.8310972436146065,0.9382765231474113,1.0
2026-09-27T09:50:00+00:00,orders-service,products-service,0.999933123588562,0.9768360775809766,0.8728136950368662,1.0
2026-09-27T09:50:00+00:00,orders-service,payments-service,0.9999614953994751,0.8398953831923226,0.9896304644558093,1.0
2026-09-27T09:55:00+00:00,orders-service,products-service,0.9999356269836426,0.9910289138748847,0.8945272171949848,1.0
2026-09-27T09:55:00+00:00,orders-service,payments-service,0.9999598264694214,0.8093946802640253,0.9725315727355224,1.0
2026-09-27T10:00:00+00:00,orders-service,products-service,0.9999243021011353,0.966443869529208,0.9048864151196631,1.0
2026-09-27T10:00:00+00:00,orders-service,payments-service,0.9999333620071411,0.8581912659968439,0.9887071712248093,1.0
2026-09-27T10:05:00+00:00,orders-service,products-service,0.9999229907989502,0.9591279519652194,0.8762398077082306,1.0
2026-09-27T10:05:00+00:00,orders-service,payments-service,0.9999575614929199,0.8381574149317508,0.9796852267079097,1.0
2026-09-27T10:10:00+00:00,orders-service,products-service,0.999924898147583,0.9248969082761113,0.9212254699402772,1.0
2026-09-27T10:10:00+00:00,orders-service,payments-service,0.9999392032623291,0.8569954726293946,0.9675455966409364,1.0
2026-09-27T10:15:00+00:00,orders-service,products-service,0.9999498128890991,0.9793293194730333,0.9035623312516201,1.0
2026-09-27T10:15:00+00:00,orders-service,payments-service,0.99993896484375,0.8359059879747313,0.9729752385323991,1.0
2026-09-27T10:20:00+00:00,orders-service,products-service,0.9999299049377441,0.9657970671472537,0.8788696921566467,1.0
2026-09-27T10:20:00+00:00,orders-service,payments-service,0.9999517202377319,0.8481298948698353,0.9862762454157379,1.0
2026-09-27T10:25:00+00:00,orders-service,products-service,0.9999598264694214,0.9701749911580819,0.9794431980881346,1.0
2026-09-27T10:25:00+00:00,orders-service,payments-service,0.9999635219573975,0.8092937118643319,0.9443047711243951,1.0
2026-09-27T10:30:00+00:00,orders-service,payments-service,0.9999547004699707,0.8581660415927226,0.9942778233960405,1.0
2026-09-27T10:30:00+00:00,orders-service,products-service,0.9999130964279175,0.9455685034841552,0.861449930517959,1.0
2026-09-27T10:35:00+00:00,orders-service,products-service,0.9999626874923706,0.9999638504474843,0.9070603690522984,1.0
2026-09-27T10:35:00+00:00,orders-service,payments-service,0.9999700784683228,0.8333467791687627,0.9808458786765883,1.0
2026-09-27T10:40:00+00:00,orders-service,products-service,0.9999275207519531,0.9565003538103085,0.9595485182649182,1.0
2026-09-27T10:40:00+00:00,orders-service,payments-service,0.999897837638855,0.8261787652355733,0.9427066101433694,1.0
2026-09-27T10:45:00+00:00,orders-service,products-service,0.9999643564224243,0.9725143864018444,0.9481995525282447,1.0
2026-09-27T10:45:00+00:00,orders-service,payments-service,0.999933123588562,0.8069202077217732,0.908240493522736,1.0
2026-09-27T10:50:00+00:00,orders-service,products-service,0.9999518394470215,0.9523897258082051,0.9714554184234973,1.0
2026-09-27T10:50:00+00:00,orders-service,payments-service,0.9999420642852783,0.8224045156626613,0.9295913965744758,1.0
2026-09-27T10:55:00+00:00,orders-service,products-service,0.999942421913147,0.9471429721029135,0.9574294652845403,1.0
2026-09-27T10:55:00+00:00,orders-service,payments-service,0.9999302625656128,0.7670126279867737,0.9636437152899331,1.0
2026-09-27T11:00:00+00:00,orders-service,products-service,0.9999581575393677,0.9560496860579573,0.9432060720190986,1.0
2026-09-27T11:00:00+00:00,orders-service,payments-service,0.999962329864502,0.8502197487010944,0.9590273072141834,1.0
2026-09-27T11:05:00+00:00,orders-service,products-service,0.999948263168335,0.9698173911731732,0.9818083734521243,1.0
2026-09-27T11:05:00+00:00,orders-service,payments-service,0.9999350309371948,0.8646234361363347,0.959580224539964,1.0
2026-09-27T11:10:00+00:00,orders-service,products-service,0.9998304843902588,0.963260488172993,0.8281462908085598,1.0
2026-09-27T11:10:00+00:00,orders-service,payments-service,0.9999300241470337,0.8320825162663873,0.9693202801446907,1.0
2026-09-27T11:15:00+00:00,orders-service,products-service,0.9999632835388184,0.9806746262596594,0.9645078441516965,1.0
2026-09-27T11:15:00+00:00,orders-service,payments-service,0.9999408721923828,0.8478413035303924,0.9430495194910384,1.0
2026-09-27T11:20:00+00:00,orders-service,products-service,0.99994957447052,0.9531118078702602,0.9574862446264081,1.0
2026-09-27T11:20:00+00:00,orders-service,payments-service,0.9999420642852783,0.8722998893558503,0.9768961522552057,1.0
2026-09-27T11:25:00+00:00,orders-service,products-service,0.9999454021453857,0.9451681658937204,0.9904092025628702,1.0
2026-09-27T11:25:00+00:00,orders-service,payments-service,0.9999480247497559,0.8350588193216402,0.9697650973557279,1.0
2026-09-27T11:30:00+00:00,orders-service,products-service,0.999966025352478,0.9946875719743125,0.9792558461136459,1.0
2026-09-27T11:30:00+00:00,orders-service,payments-service,0.9999268054962158,0.8399151331510779,0.9161623617949269,1.0
2026-09-27T11:35:00+00:00,orders-service,products-service,0.9999425411224365,0.9752644482566498,0.8630439866033041,1.0
2026-09-27T11:35:00+00:00,orders-service,payments-service,0.9999512434005737,0.8378909509568306,0.9502139750564722,1.0
2026-09-27T11:40:00+00:00,orders-service,products-service,0.9999539852142334,0.9495009750534709,0.9346747454188385,1.0
2026-09-27T11:40:00+00:00,orders-service,payments-service,0.9999585151672363,0.8517210561164555,0.9987135075246759,1.0
2026-09-27T11:45:00+00:00,orders-service,products-service,0.9999642372131348,0.9785979705951219,0.9757524747212455,1.0
2026-09-27T11:45:00+00:00,orders-service,payments-service,0.9999675750732422,0.8569088451705216,0.9994137733733707,1.0
2026-09-27T11:50:00+00:00,orders-service,products-service,0.9999483823776245,0.9644354222874789,0.9435881014600919,1.0
2026-09-27T11:50:00+00:00,orders-service,payments-service,0.9999054670333862,0.8830648084951842,0.9328334431969767,1.0
2026-09-27T11:55:00+00:00,orders-service,products-service,0.9999620914459229,0.9504013386441597,0.9537931953527687,1.0
2026-09-27T11:55:00+00:00,orders-service,payments-service,0.9999405145645142,0.8349282825231116,0.9439581499925878,1.0
2026-09-27T12:00:00+00:00,orders-service,payments-service,0.9999645948410034,0.8178902084269736,0.9777044789157929,1.0
2026-09-27T12:05:00+00:00,orders-service,payments-service,0.9999613761901855,0.8459813397798779,0.9897774339022105,1.0
2026-09-27T12:10:00+00:00,orders-service,payments-service,0.9999358654022217,0.8630639981672439,0.9082857412045791,1.0
2026-09-27T12:15:00+00:00,orders-service,payments-service,0.9999327659606934,0.825377689934416,0.9665359530606943,1.0
2026-09-27T12:20:00+00:00,orders-service,payments-service,0.9999120235443115,0.8077711847379895,0.9306525501203727,1.0
2026-09-27T12:25:00+00:00,orders-service,payments-service,0.9999446868896484,0.8179181464016022,0.9877039593132977,1.0
2026-09-27T12:30:00+00:00,orders-service,payments-service,0.9999557733535767,0.8437511756130419,0.9622406162314328,1.0
2026-09-27T12:35:00+00:00,orders-service,payments-service,0.999946117401123,0.837198233344942,0.9769036730401709,1.0
2026-09-27T12:40:00+00:00,orders-service,payments-service,0.9999369382858276,0.8494187953649324,0.9786908030307149,1.0
2026-09-27T12:45:00+00:00,orders-service,payments-service,0.9999539852142334,0.843389677206102,0.9599097722091134,1.0
2026-09-27T12:50:00+00:00,orders-service,payments-service,0.9999364614486694,0.8355070849104173,0.8920431441896247,1.0
2026-09-27T12:55:00+00:00,orders-service,payments-service,0.9999403953552246,0.8325426692699625,0.9375256744092699,1.0
2026-09-27T13:00:00+00:00,orders-service,payments-service,0.9998925924301147,0.8315587415030667,0.9185675379101956,1.0
2026-09-27T13:05:00+00:00,orders-service,payments-service,0.9999514818191528,0.838377551059839,0.9992492678950076,1.0
2026-09-27T13:10:00+00:00,orders-service,payments-service,0.9999412298202515,0.8420974078051906,0.9833325882391892,1.0
2026-09-27T13:15:00+00:00,orders-service,payments-service,0.9998918771743774,0.8594517367471863,0.872384173355332,1.0
2026-09-27T13:20:00+00:00,orders-service,payments-service,0.999932050704956,0.8529896695436464,0.9746143813456383,1.0
2026-09-27T13:25:00+00:00,orders-service,payments-service,0.9999278783798218,0.8212772919693745,0.9593405602327568,1.0
2026-09-27T13:30:00+00:00,orders-service,payments-service,0.9999459981918335,0.8213317379116485,0.9994373106133457,1.0
2026-09-27T13:35:00+00:00,orders-service,payments-service,0.9999561309814453,0.880256180899393,0.9881583128940775,1.0
2026-09-27T13:40:00+00:00,orders-service,payments-service,0.9999603033065796,0.8289816679539177,0.9517475067685233,1.0
2026-09-27T13:45:00+00:00,orders-service,payments-service,0.9999239444732666,0.877126600231005,0.9696402991046882,1.0
2026-09-27T13:50:00+00:00,orders-service,payments-service,0.9999520778656006,0.808769708873165,0.9928313086733109,1.0
2026-09-27T13:55:00+00:00,orders-service,payments-service,0.9998732805252075,0.8673819549422268,0.9327482813305452,1.0
2026-09-27T14:55:00+00:00,orders-service,products-service,0.9998027682304382,0.9633033470733687,0.8413365146994985,1.0
2026-09-27T15:00:00+00:00,orders-service,products-service,0.9999409914016724,0.9720250046313096,0.9340039053425448,1.0
2026-09-27T15:05:00+00:00,orders-service,products-service,0.9999432563781738,0.9843989925710235,0.910358864916404,1.0
2026-09-27T15:10:00+00:00,orders-service,products-service,0.9999430179595947,0.9819630754126174,0.9287110324056833,1.0
2026-09-27T15:15:00+00:00,orders-service,products-service,0.9998021721839905,0.9764193433667382,0.8447910309561536,1.0
2026-09-27T15:20:00+00:00,orders-service,products-service,0.9999440908432007,0.9835131476041595,0.9304801490452469,1.0
2026-09-27T15:25:00+00:00,orders-service,products-service,0.9998911619186401,0.942356192602725,0.9312915566557634,1.0
2026-09-27T15:30:00+00:00,orders-service,products-service,0.9998660087585449,0.935312152045231,0.9168637129994778,1.0
2026-09-27T15:35:00+00:00,orders-service,products-service,0.9999079704284668,0.9702773044733642,0.9987559170690048,1.0
2026-09-27T15:40:00+00:00,orders-service,products-service,0.9998345375061035,0.975709243867796,0.8883866526914188,1.0
2026-09-27T15:45:00+00:00,orders-service,products-service,0.9999130964279175,0.9644982793757891,0.914890823136361,1.0
2026-09-27T15:50:00+00:00,orders-service,products-service,0.9998433589935303,0.9740147846369421,0.9173393632606832,1.0
2026-09-27T15:55:00+00:00,orders-service,products-service,0.9996458292007446,0.9539248645046542,0.8665295326780945,1.0
2026-09-27T16:55:00+00:00,orders-service,payments-service,0.999614953994751,0.8186461847563177,0.9560879072325056,1.0
2026-09-27T17:00:00+00:00,orders-service,payments-service,0.999363362789154,0.8447811847416318,0.971048760039609,1.0
2026-09-27T17:05:00+00:00,orders-service,payments-service,0.999320387840271,0.8616312279180274,0.9699316115085599,1.0
2026-09-27T17:10:00+00:00,orders-service,payments-service,0.9993428587913513,0.8411195734703268,0.9864131385039632,1.0
2026-09-27T17:15:00+00:00,orders-service,payments-service,0.9996380805969238,0.8196567469545195,0.9958567258806379,1.0
2026-09-27T17:20:00+00:00,orders-service,payments-service,0.999206006526947,0.8280882283461515,0.9844565301537879,1.0
2026-09-27T17:25:00+00:00,orders-service,payments-service,0.9990720748901367,0.8761888111197809,0.9565937889492121,1.0
2026-09-27T17:30:00+00:00,orders-service,payments-service,0.9983882904052734,0.8423445362585026,0.9730169208671255,1.0
2026-09-27T17:35:00+00:00,orders-service,payments-service,0.9992606043815613,0.844770901385348,0.8825032816364926,1.0
2026-09-27T17:40:00+00:00,orders-service,payments-service,0.9988452196121216,0.8513216267957076,0.9889173845932894,1.0
2026-09-27T17:45:00+00:00,orders-service,payments-service,0.9985988736152649,0.8583634726222622,0.9218044543456251,1.0
2026-09-27T17:50:00+00:00,orders-service,payments-service,0.9991673231124878,0.8320072294209195,0.9512094428511402,1.0
2026-09-27T17:55:00+00:00,orders-service,payments-service,0.9994086027145386,0.8087387733275699,0.9560013975883748,1.0
2026-09-28T02:55:00+00:00,orders-service,payments-service,0.9999290704727173,0.8559054396665147,0.9790077317503091,1.0
2026-09-28T03:00:00+00:00,orders-service,payments-service,0.9998518228530884,0.8500998842221693,0.9465672730136173,1.0
2026-09-28T03:05:00+00:00,orders-service,payments-service,0.9999403953552246,0.8443081644019643,0.9936050990082876,1.0
2026-09-28T03:10:00+00:00,orders-service,payments-service,0.9999412298202515,0.8490455939283721,0.9963014634571492,1.0
2026-09-28T03:15:00+00:00,orders-service,payments-service,0.9998934268951416,0.836820592519943,0.9571149779288418,1.0
2026-09-28T03:20:00+00:00,orders-service,payments-service,0.9999376535415649,0.8626945527938753,0.9526637622251954,1.0
2026-09-28T03:25:00+00:00,orders-service,payments-service,0.9999164342880249,0.8461806590049423,0.9736906379775099,1.0
2026-09-28T03:30:00+00:00,orders-service,payments-service,0.9999181032180786,0.8113743895147019,0.9153579154117826,1.0
2026-09-28T03:35:00+00:00,orders-service,payments-service,0.9999428987503052,0.8673868169735091,0.932531863618319,1.0
2026-09-28T03:40:00+00:00,orders-service,payments-service,0.9999436140060425,0.8194725131149466,0.9978810628990107,1.0
2026-09-28T03:45:00+00:00,orders-service,payments-service,0.9998838901519775,0.8454565947743239,0.8841509787720849,1.0
2026-09-28T03:50:00+00:00,orders-service,payments-service,0.9999514818191528,0.8314957248868112,0.9473451966083053,1.0
2026-09-28T03:55:00+00:00,orders-service,payments-service,0.9999533891677856,0.7997348541219036,0.9594975975368688,1.0
2026-09-28T04:00:00+00:00,orders-service,payments-service,0.9999680519104004,0.8611316975741844,0.9772078958636202,1.0
2026-09-28T04:05:00+00:00,orders-service,payments-service,0.999906063079834,0.8232194084042463,0.989604159132532,1.0
2026-09-28T04:10:00+00:00,orders-service,payments-service,0.9999604225158691,0.8526578362030166,0.9700128312068961,1.0
2026-09-28T04:15:00+00:00,orders-service,payments-service,0.9999632835388184,0.821353774547472,0.9782140501513623,1.0
2026-09-28T04:20:00+00:00,orders-service,payments-service,0.999954104423523,0.8265595080801564,0.9757686343727532,1.0
2026-09-28T04:25:00+00:00,orders-service,payments-service,0.9999721050262451,0.8682448016293848,0.9996108696910886,1.0
2026-09-28T04:30:00+00:00,orders-service,payments-service,0.9999693632125854,0.8266198729469115,0.971879551441464,1.0
2026-09-28T04:35:00+00:00,orders-service,payments-service,0.9999409914016724,0.8447118038108459,0.9877757200807872,1.0
2026-09-28T04:40:00+00:00,orders-service,payments-service,0.9999467134475708,0.8047080077225678,0.9584298601789222,1.0
2026-09-28T04:45:00+00:00,orders-service,payments-service,0.9999599456787109,0.8279664454415092,0.9580592621798893,1.0
2026-09-28T04:50:00+00:00,orders-service,payments-service,0.9999518394470215,0.849602015209365,0.9472448809079498,1.0
2026-09-28T04:55:00+00:00,orders-service,products-service,0.9999327659606934,0.975761652751162,0.8623192274909647,1.0
2026-09-28T04:55:00+00:00,orders-service,payments-service,0.9999547004699707,0.8287160945706876,0.9582460440438952,1.0
2026-09-28T05:00:00+00:00,orders-service,products-service,0.9999635219573975,0.9591233682789625,0.9442288098135438,1.0
2026-09-28T05:00:00+00:00,orders-service,payments-service,0.9999463558197021,0.8506351789117318,0.9447617333163965,1.0
2026-09-28T05:05:00+00:00,orders-service,products-service,0.9999593496322632,0.9831145719043284,0.9503545210920334,1.0
2026-09-28T05:05:00+00:00,orders-service,payments-service,0.9999487400054932,0.89669135877985,0.9524861161379962,1.0
2026-09-28T05:10:00+00:00,orders-service,products-service,0.9999464750289917,0.9791776591898345,0.8777806897781057,1.0
2026-09-28T05:10:00+00:00,orders-service,payments-service,0.9999529123306274,0.8257687825026735,0.9709184106828495,1.0
2026-09-28T05:15:00+00:00,orders-service,products-service,0.9999548196792603,0.9909895493793973,0.9235868415825095,1.0
2026-09-28T05:15:00+00:00,orders-service,payments-service,0.9999327659606934,0.8450200624946291,0.9473316217472625,1.0
2026-09-28T05:20:00+00:00,orders-service,products-service,0.9999425411224365,0.9801703866016344,0.8930012501641151,1.0
2026-09-28T05:20:00+00:00,orders-service,payments-service,0.9999529123306274,0.8762985410098901,0.9591391574310968,1.0
2026-09-28T05:25:00+00:00,orders-service,products-service,0.9999438524246216,0.9785485482363089,0.9994608137277115,1.0
2026-09-28T05:25:00+00:00,orders-service,payments-service,0.9999377727508545,0.8137379304926131,0.9777541288603526,1.0
2026-09-28T05:30:00+00:00,orders-service,products-service,0.999954104423523,0.9736374940989464,0.8924648997013369,1.0
2026-09-28T05:30:00+00:00,orders-service,payments-service,0.9999717473983765,0.8458670781638443,0.977447670071466,1.0
2026-09-28T05:35:00+00:00,orders-service,products-service,0.9999417066574097,0.95349707346833,0.8974841471264557,1.0
2026-09-28T05:35:00+00:00,orders-service,payments-service,0.999950647354126,0.8501782563670964,0.9558736551436513,1.0
2026-09-28T05:40:00+00:00,orders-service,products-service,0.9999504089355469,0.990370347825858,0.9688699880201829,1.0
2026-09-28T05:40:00+00:00,orders-service,payments-service,0.9999518394470215,0.843346939518393,0.9994964536795476,1.0
2026-09-28T05:45:00+00:00,orders-service,products-service,0.9999421834945679,0.9986299900919621,0.8685621609863724,1.0
2026-09-28T05:45:00+00:00,orders-service,payments-service,0.999966025352478,0.819689973255909,0.9956966369005557,1.0
2026-09-28T05:50:00+00:00,orders-service,products-service,0.9999350309371948,0.9925539405393741,0.8960242830698802,1.0
2026-09-28T05:50:00+00:00,orders-service,payments-service,0.9999516010284424,0.828994151494473,0.9689809526697027,1.0
2026-09-28T05:55:00+00:00,orders-service,products-service,0.9999510049819946,0.9663271029764935,0.9850143795046807,1.0
2026-09-28T05:55:00+00:00,orders-service,payments-service,0.9999386072158813,0.8745748648166926,0.9193218304777927,1.0
2026-09-28T06:00:00+00:00,orders-service,payments-service,0.9999642372131348,0.8161858576922549,0.9736498104848899,1.0
2026-09-28T06:05:00+00:00,orders-service,payments-service,0.9999579191207886,0.7826223672633904,0.9908043063203413,1.0
2026-09-28T06:10:00+00:00,orders-service,payments-service,0.9999121427536011,0.8096579561832258,0.8702415006103175,1.0
2026-09-28T06:15:00+00:00,orders-service,payments-service,0.9999685287475586,0.8156986910462176,0.9942106598710932,1.0
2026-09-28T06:20:00+00:00,orders-service,payments-service,0.9999426603317261,0.7800574517327236,0.9988118563511946,1.0
2026-09-28T06:25:00+00:00,orders-service,payments-service,0.9999440908432007,0.8145990839677415,0.9789109154708214,1.0
2026-09-28T06:30:00+00:00,orders-service,payments-service,0.9999638795852661,0.8312880744260236,0.9696895261394656,1.0
2026-09-28T06:35:00+00:00,orders-service,payments-service,0.9999493360519409,0.839643918250314,0.9752353208116391,1.0
2026-09-28T06:40:00+00:00,orders-service,payments-service,0.9999316930770874,0.8477469649503107,0.9694995557377274,1.0
2026-09-28T06:45:00+00:00,orders-service,payments-service,0.9999517202377319,0.8256915963988907,0.9335776708511008,1.0
2026-09-28T06:50:00+00:00,orders-service,payments-service,0.9999617338180542,0.8452543242994334,0.9963982185413791,1.0
2026-09-28T06:55:00+00:00,orders-service,payments-service,0.9999157190322876,0.8376936742809205,0.9029148229762753,1.0
2026-09-28T07:00:00+00:00,orders-service,payments-service,0.9999642372131348,0.8252968661315295,0.9915134085197356,1.0
2026-09-28T07:05:00+00:00,orders-service,payments-service,0.9999617338180542,0.7760071643360111,0.9812807375555991,1.0
2026-09-28T07:10:00+00:00,orders-service,payments-service,0.9999624490737915,0.8168669356245368,0.99332501942128,1.0
2026-09-28T07:15:00+00:00,orders-service,payments-service,0.999962568283081,0.8314415615693038,0.9506862171556323,1.0
2026-09-28T07:20:00+00:00,orders-service,payments-service,0.9999364614486694,0.8465553609549187,0.9463352094618185,1.0
2026-09-28T07:25:00+00:00,orders-service,payments-service,0.9999164342880249,0.8786112885199298,0.9418944176165328,1.0
2026-09-28T07:30:00+00:00,orders-service,payments-service,0.9999442100524902,0.7928957668042682,0.9469614515986553,1.0
2026-09-28T07:35:00+00:00,orders-service,payments-service,0.9999330043792725,0.8162061087008109,0.9229896218207005,1.0
2026-09-28T07:40:00+00:00,orders-service,payments-service,0.9999637603759766,0.8452660808637055,0.9608956565851314,1.0
2026-09-28T07:45:00+00:00,orders-service,payments-service,0.9999629259109497,0.8535625581245441,0.9981873537383299,1.0
2026-09-28T07:50:00+00:00,orders-service,payments-service,0.9999322891235352,0.8154672346371632,0.9420505055318432,1.0
2026-09-28T07:55:00+00:00,orders-service,payments-service,0.999962329864502,0.8140644651230029,0.985985855581587,1.0
2026-09-28T08:00:00+00:00,orders-service,payments-service,0.9999618530273438,0.8520547571843384,0.970489367312825,1.0
2026-09-28T08:05:00+00:00,orders-service,payments-service,0.9999241828918457,0.7978334702693903,0.9588340022628236,1.0
2026-09-28T08:10:00+00:00,orders-service,payments-service,0.9999434947967529,0.8476088400189599,0.8885224229712383,1.0
2026-09-28T08:15:00+00:00,orders-service,payments-service,0.999929666519165,0.8551579003394012,0.9744872744187756,1.0
2026-09-28T08:20:00+00:00,orders-service,payments-service,0.9999595880508423,0.8428405950699902,0.9950313991381298,1.0
2026-09-28T08:25:00+00:00,orders-service,payments-service,0.9999480247497559,0.8492016280525987,0.8963006700412354,1.0
2026-09-28T08:30:00+00:00,orders-service,payments-service,0.999972939491272,0.8680307523890618,0.9964037731870506,1.0
2026-09-28T08:35:00+00:00,orders-service,payments-service,0.9999428987503052,0.883653105696379,0.9611450953825731,1.0
2026-09-28T08:40:00+00:00,orders-service,payments-service,0.9999688863754272,0.8295279918550125,0.9286097054100088,1.0
2026-09-28T08:45:00+00:00,orders-service,payments-service,0.9999716281890869,0.8102129752855344,0.9555747682306113,1.0
2026-09-28T08:50:00+00:00,orders-service,payments-service,0.9999597072601318,0.8553936064527401,0.9780330230661514,1.0
2026-09-28T08:55:00+00:00,orders-service,payments-service,0.9999459981918335,0.8315388106641366,0.9866219949208821,1.0
2026-09-28T09:00:00+00:00,orders-service,payments-service,0.9999699592590332,0.8246409750937074,0.9314145344665655,1.0
2026-09-28T09:05:00+00:00,orders-service,payments-service,0.9999568462371826,0.8590821361182355,0.994584033429104,1.0
2026-09-28T09:10:00+00:00,orders-service,payments-service,0.9999319314956665,0.8285901500772889,0.9449585240860339,1.0
2026-09-28T09:15:00+00:00,orders-service,payments-service,0.999961256980896,0.8283762479933298,0.9317711245500682,1.0
2026-09-28T09:20:00+00:00,orders-service,payments-service,0.9999477863311768,0.8373009200465962,0.9341543807073868,1.0
2026-09-28T09:25:00+00:00,orders-service,payments-service,0.9999649524688721,0.8224068077794776,0.9594480302277071,1.0
2026-09-28T09:30:00+00:00,orders-service,payments-service,0.9999076128005981,0.8560639611861949,0.9220926984255716,1.0
2026-09-28T09:35:00+00:00,orders-service,payments-service,0.9999758005142212,0.8377024042029789,0.9968312377783031,1.0
2026-09-28T09:40:00+00:00,orders-service,payments-service,0.9999328851699829,0.8301358762872025,0.9643219466162168,1.0
2026-09-28T09:45:00+00:00,orders-service,payments-service,0.9999504089355469,0.8733939198530385,0.9809882298086507,1.0
2026-09-28T09:50:00+00:00,orders-service,payments-service,0.9999561309814453,0.8317616110840693,0.9617655857047621,1.0
2026-09-28T09:55:00+00:00,orders-service,payments-service,0.999954342842102,0.8446681828440031,0.9946561846196552,1.0
2026-09-28T22:55:00+00:00,orders-service,products-service,0.999893069267273,0.9856484977396347,0.9481236046676671,1.0
2026-09-28T23:00:00+00:00,orders-service,products-service,0.9995614886283875,0.9355717508341131,0.9507258170112122,1.0
2026-09-28T23:05:00+00:00,orders-service,products-service,0.9997881054878235,0.9884322053840037,0.8997007038870958,1.0
2026-09-28T23:10:00+00:00,orders-service,products-service,0.9998964071273804,0.962197551978479,0.950679810371719,1.0
2026-09-28T23:15:00+00:00,orders-service,products-service,0.999767005443573,0.9566431255628249,0.901687246689605,1.0
2026-09-28T23:20:00+00:00,orders-service,products-service,0.9997760653495789,0.9458174918091745,0.9312023752771746,1.0
2026-09-28T23:25:00+00:00,orders-service,products-service,0.9997455477714539,0.9675315781359074,0.8862576281417577,1.0
2026-09-28T23:30:00+00:00,orders-service,products-service,0.9998606443405151,0.9674972433152758,0.9682736175552055,1.0
2026-09-28T23:35:00+00:00,orders-service,products-service,0.999908447265625,0.9707855056066971,0.9341786581418969,1.0
2026-09-28T23:40:00+00:00,orders-service,products-service,0.9998772144317627,0.9786735374813247,0.9285412596696425,1.0
2026-09-28T23:45:00+00:00,orders-service,products-service,0.9996776580810547,0.950290397072522,0.8814774016657175,1.0
2026-09-28T23:50:00+00:00,orders-service,products-service,0.9999135732650757,0.9666373685638584,0.9940585943107809,1.0
2026-09-28T23:55:00+00:00,orders-service,products-service,0.9998409748077393,0.9835426328474456,0.9035635456238567,1.0
2026-09-29T00:55:00+00:00,orders-service,payments-service,0.999908447265625,0.84441608547174,0.978695271788448,1.0
2026-09-29T01:00:00+00:00,orders-service,payments-service,0.9998568296432495,0.8130292704584846,0.9170492892367645,1.0
2026-09-29T01:05:00+00:00,orders-service,payments-service,0.9998997449874878,0.8404584423616007,0.9181780405511797,1.0
2026-09-29T01:10:00+00:00,orders-service,payments-service,0.9999271631240845,0.8193722422993688,0.9815431916108924,1.0
2026-09-29T01:15:00+00:00,orders-service,payments-service,0.9999386072158813,0.8629391624606765,0.9882415414542634,1.0
2026-09-29T01:20:00+00:00,orders-service,payments-service,0.9998739957809448,0.85106386712031,0.9090765118471015,1.0
2026-09-29T01:25:00+00:00,orders-service,payments-service,0.9998026490211487,0.8015579982067754,0.9901860197628686,1.0
2026-09-29T01:30:00+00:00,orders-service,payments-service,0.999943733215332,0.8575736153403544,0.9472689357246074,1.0
2026-09-29T01:35:00+00:00,orders-service,payments-service,0.9999269247055054,0.8617484565078797,0.9659422466346789,1.0
2026-09-29T01:40:00+00:00,orders-service,payments-service,0.9998295307159424,0.8013841859683896,0.8454253527157112,1.0
2026-09-29T01:45:00+00:00,orders-service,payments-service,0.9999247789382935,0.8593025886268556,0.9717666323209477,1.0
2026-09-29T01:50:00+00:00,orders-service,payments-service,0.9998921155929565,0.8672713623438549,0.9635689641193673,1.0
2026-09-29T01:55:00+00:00,orders-service,payments-service,0.9999276399612427,0.8510747676524802,0.935586076064,1.0
2026-09-29T02:00:00+00:00,orders-service,payments-service,0.999940037727356,0.8336530457128379,0.9870303783908491,1.0
2026-09-29T02:05:00+00:00,orders-service,payments-service,0.9998921155929565,0.8381439516258713,0.9258492318136168,1.0
2026-09-29T02:10:00+00:00,orders-service,payments-service,0.9999469518661499,0.838021293498883,0.939584400719338,1.0
2026-09-29T02:15:00+00:00,orders-service,payments-service,0.999945878982544,0.829278288731677,0.9707274728616723,1.0
2026-09-29T02:20:00+00:00,orders-service,payments-service,0.9999110698699951,0.8413850468946186,0.9742913086897562,1.0
2026-09-29T02:25:00+00:00,orders-service,payments-service,0.9998962879180908,0.8267799430755458,0.9171778998552259,1.0
2026-09-29T02:30:00+00:00,orders-service,payments-service,0.9999219179153442,0.8076333106501405,0.9197865588009622,1.0
2026-09-29T02:35:00+00:00,orders-service,payments-service,0.9999392032623291,0.862578536758245,0.9815087753106434,1.0
2026-09-29T02:40:00+00:00,orders-service,payments-service,0.9999442100524902,0.8213821450630743,0.9996464766952696,1.0
2026-09-29T02:45:00+00:00,orders-service,payments-service,0.9999388456344604,0.8591004220615621,0.9480318059963335,1.0
2026-09-29T02:50:00+00:00,orders-service,payments-service,0.9999257326126099,0.843859450244913,0.9688348093872586,1.0
2026-09-29T02:55:00+00:00,orders-service,products-service,0.9999401569366455,0.9443586648031702,0.9860570188208635,1.0
2026-09-29T02:55:00+00:00,orders-service,payments-service,0.9999537467956543,0.8180761535219032,0.9650447827737723,1.0
2026-09-29T03:00:00+00:00,orders-service,products-service,0.9999604225158691,0.9622552779218272,0.967321741576419,1.0
2026-09-29T03:00:00+00:00,orders-service,payments-service,0.9999071359634399,0.8408898433216797,0.8559084461931753,1.0
2026-09-29T03:05:00+00:00,orders-service,products-service,0.999958872795105,0.9549614925773988,0.9798406166129877,1.0
2026-09-29T03:05:00+00:00,orders-service,payments-service,0.9999481439590454,0.8773938179282336,0.9585498658762559,1.0
2026-09-29T03:10:00+00:00,orders-service,products-service,0.9998981952667236,0.9303783059794815,0.8926304051982974,1.0
2026-09-29T03:10:00+00:00,orders-service,payments-service,0.9999352693557739,0.7804920400617953,0.9596127159420053,1.0
2026-09-29T03:15:00+00:00,orders-service,products-service,0.9999675750732422,0.9952120797241583,0.9475125209260651,1.0
2026-09-29T03:15:00+00:00,orders-service,payments-service,0.9999468326568604,0.8531149333758661,0.9783360617707308,1.0
2026-09-29T03:20:00+00:00,orders-service,products-service,0.9999557733535767,0.9636768087658351,0.9690636701591134,1.0
2026-09-29T03:20:00+00:00,orders-service,payments-service,0.9999605417251587,0.8446633763019007,0.9597258941721134,1.0
2026-09-29T03:25:00+00:00,orders-service,products-service,0.9999443292617798,0.9328017422212421,0.9549405375439195,1.0
2026-09-29T03:25:00+00:00,orders-service,payments-service,0.9999381303787231,0.8464348186324522,0.9841220007829373,1.0
2026-09-29T03:30:00+00:00,orders-service,products-service,0.9999500513076782,0.9739128935572889,0.9520460524021375,1.0
2026-09-29T03:30:00+00:00,orders-service,payments-service,0.9999457597732544,0.8507994572146926,0.9856669172066963,1.0
2026-09-29T03:35:00+00:00,orders-service,products-service,0.9999479055404663,0.9511660041700543,0.893923217612609,1.0
2026-09-29T03:35:00+00:00,orders-service,payments-service,0.9999692440032959,0.8056164536217683,0.9830251027039032,1.0
2026-09-29T03:40:00+00:00,orders-service,products-service,0.9999599456787109,0.956641466188597,0.9392606604958853,1.0
2026-09-29T03:40:00+00:00,orders-service,payments-service,0.9999358654022217,0.8240921783536204,0.91049261861098,1.0
2026-09-29T03:45:00+00:00,orders-service,products-service,0.9999523162841797,0.9559336200198145,0.9211986346261829,1.0
2026-09-29T03:45:00+00:00,orders-service,payments-service,0.9999585151672363,0.8790696259042027,0.9692478984863641,1.0
2026-09-29T03:50:00+00:00,orders-service,products-service,0.9999600648880005,0.9878843879972548,0.9464111990773394,1.0
2026-09-29T03:50:00+00:00,orders-service,payments-service,0.9999467134475708,0.8166631360680275,0.98188753289784,1.0
2026-09-29T03:55:00+00:00,orders-service,products-service,0.9999517202377319,0.9844937450587138,0.8921952314657076,1.0
2026-09-29T03:55:00+00:00,orders-service,payments-service,0.9999479055404663,0.8174424021769914,0.9911261491806256,1.0
2026-09-29T04:00:00+00:00,orders-service,products-service,0.9999597072601318,0.9704271225883743,0.9218866438791348,1.0
2026-09-29T04:05:00+00:00,orders-service,products-service,0.9999463558197021,0.9730035814509684,0.883582684079717,1.0
2026-09-29T04:10:00+00:00,orders-service,products-service,0.999927282333374,0.980798123618924,0.8475186455311243,1.0
2026-09-29T04:15:00+00:00,orders-service,products-service,0.9999306201934814,0.936568252061573,0.9356254580804324,1.0
2026-09-29T04:20:00+00:00,orders-service,products-service,0.9999326467514038,0.9598053595951068,0.9214079584088675,1.0
2026-09-29T04:25:00+00:00,orders-service,products-service,0.9999606609344482,0.986655223709874,0.9568905865417507,1.0
2026-09-29T04:30:00+00:00,orders-service,products-service,0.9999532699584961,0.9664050301481036,0.9774484356375432,1.0
2026-09-29T04:35:00+00:00,orders-service,products-service,0.9999662637710571,0.960714071245925,0.9349612879248486,1.0
2026-09-29T04:40:00+00:00,orders-service,products-service,0.9998810291290283,0.9668203366126115,0.8605058464833844,1.0
2026-09-29T04:45:00+00:00,orders-service,products-service,0.9999374151229858,0.9322436617929861,0.9649162988410839,1.0
2026-09-29T04:50:00+00:00,orders-service,products-service,0.9999284744262695,0.9579118530148897,0.8739602666074482,1.0
2026-09-29T04:55:00+00:00,orders-service,products-service,0.9999619722366333,0.9797334183750883,0.9945712546529464,1.0
2026-09-29T05:00:00+00:00,orders-service,products-service,0.9999510049819946,0.979005669590335,0.8951803653487092,1.0
2026-09-29T05:05:00+00:00,orders-service,products-service,0.9999572038650513,0.9955679047362916,0.9355711248580978,1.0
2026-09-29T05:10:00+00:00,orders-service,products-service,0.9998809099197388,0.9353184492978232,0.8403089234813907,1.0
2026-09-29T05:15:00+00:00,orders-service,products-service,0.9999319314956665,0.953738814920582,0.9076261191564512,1.0
2026-09-29T05:20:00+00:00,orders-service,products-service,0.9999426603317261,0.9857990361182195,0.9162304492421484,1.0
2026-09-29T05:25:00+00:00,orders-service,products-service,0.9999531507492065,0.9552371455703298,0.979019881685288,1.0
2026-09-29T05:30:00+00:00,orders-service,products-service,0.9999409914016724,0.9748295921889873,0.9149546479879069,1.0
2026-09-29T05:35:00+00:00,orders-service,products-service,0.9999481439590454,0.9750133785581117,0.9074950028175559,1.0
2026-09-29T05:40:00+00:00,orders-service,products-service,0.999962568283081,0.9953536813700671,0.8894322645911452,1.0
2026-09-29T05:45:00+00:00,orders-service,products-service,0.9999455213546753,0.9870585727654146,0.925330321138174,1.0
2026-09-29T05:50:00+00:00,orders-service,products-service,0.9999539852142334,0.98536576131441,0.946269026389836,1.0
2026-09-29T05:55:00+00:00,orders-service,products-service,0.999891996383667,0.948951183247408,0.8798506877081715,1.0
2026-09-29T06:55:00+00:00,orders-service,payments-service,0.9999617338180542,0.8301562992223674,0.9958798969542583,1.0
2026-09-29T07:00:00+00:00,orders-service,payments-service,0.9999345541000366,0.8250402474694174,0.895396883260505,1.0
2026-09-29T07:05:00+00:00,orders-service,payments-service,0.9999300241470337,0.8558063191104073,0.9405897198182814,1.0
2026-09-29T07:10:00+00:00,orders-service,payments-service,0.9999696016311646,0.8448031587549671,0.8790545342187257,1.0
2026-09-29T07:15:00+00:00,orders-service,payments-service,0.9999483823776245,0.8028887208603352,0.9530283201787149,1.0
2026-09-29T07:20:00+00:00,orders-service,payments-service,0.9999467134475708,0.8189021308011907,0.9731317644866458,1.0
2026-09-29T07:25:00+00:00,orders-service,payments-service,0.9999086856842041,0.8250968870239097,0.8802554830890748,1.0
2026-09-29T07:30:00+00:00,orders-service,payments-service,0.9999456405639648,0.8369937394252634,0.9529707128693158,1.0
2026-09-29T07:35:00+00:00,orders-service,payments-service,0.9999276399612427,0.8570823242142058,0.916935230535375,1.0
2026-09-29T07:40:00+00:00,orders-service,payments-service,0.999941349029541,0.8254314355580262,0.9569238178767775,1.0
2026-09-29T07:45:00+00:00,orders-service,payments-service,0.9999737739562988,0.8157710320500304,0.9879877607004643,1.0
2026-09-29T07:50:00+00:00,orders-service,payments-service,0.9999682903289795,0.8227065247449994,0.9571762713114957,1.0
2026-09-29T07:55:00+00:00,orders-service,payments-service,0.9999445676803589,0.8006752682138174,0.9814499138092806,1.0
2026-09-29T10:55:00+00:00,orders-service,products-service,0.9999605417251587,0.9772894805629764,0.9747090262841015,1.0
2026-09-29T11:00:00+00:00,orders-service,products-service,0.9999511241912842,0.9543055511167251,0.9779781804473541,1.0
2026-09-29T11:05:00+00:00,orders-service,products-service,0.999940037727356,0.9981461551322952,0.8617695118215916,1.0
2026-09-29T11:10:00+00:00,orders-service,products-service,0.9999196529388428,0.9815630454370743,0.8496579850150381,1.0
2026-09-29T11:15:00+00:00,orders-service,products-service,0.9999513626098633,0.9676660483697805,0.8642742227787872,1.0
2026-09-29T11:20:00+00:00,orders-service,products-service,0.9999216794967651,0.9621244269427249,0.871865284134553,1.0
2026-09-29T11:25:00+00:00,orders-service,products-service,0.9999480247497559,0.9980361275881311,0.860499827506407,1.0
2026-09-29T11:30:00+00:00,orders-service,products-service,0.9999376535415649,0.965920540862766,0.8724007855154636,1.0
2026-09-29T11:35:00+00:00,orders-service,products-service,0.9999542236328125,0.9874113926480277,0.924481703843518,1.0
2026-09-29T11:40:00+00:00,orders-service,products-service,0.9999476671218872,0.9814677884806892,0.8921798202847888,1.0
2026-09-29T11:45:00+00:00,orders-service,products-service,0.9999688863754272,0.9782984071325374,0.9706940106015756,1.0
2026-09-29T11:50:00+00:00,orders-service,products-service,0.9999556541442871,0.964879430247817,0.9349733235901329,1.0
2026-09-29T11:55:00+00:00,orders-service,products-service,0.9999663829803467,0.9804474713567681,0.9965324911482163,1.0
2026-09-29T12:00:00+00:00,orders-service,products-service,0.9999508857727051,0.9395387921669703,0.9007469406336752,1.0
2026-09-29T12:05:00+00:00,orders-service,products-service,0.9999444484710693,0.9610864443766844,0.9398327927499781,1.0
2026-09-29T12:10:00+00:00,orders-service,products-service,0.9999622106552124,0.9518834313685743,0.9951255356289884,1.0
2026-09-29T12:15:00+00:00,orders-service,products-service,0.9999632835388184,0.9795972008912673,0.9452554473393786,1.0
2026-09-29T12:20:00+00:00,orders-service,products-service,0.9999663829803467,0.9521501029698086,0.9571861230606745,1.0
2026-09-29T12:25:00+00:00,orders-service,products-service,0.9999479055404663,0.9643205882093995,0.9020532582576872,1.0
2026-09-29T12:30:00+00:00,orders-service,products-service,0.9999330043792725,0.9683507642140252,0.8458513389807021,1.0
2026-09-29T12:35:00+00:00,orders-service,products-service,0.9999538660049438,0.9891917062357263,0.8845813940694713,1.0
2026-09-29T12:40:00+00:00,orders-service,products-service,0.9999645948410034,0.9841759391139592,0.9055953092326575,1.0
2026-09-29T12:45:00+00:00,orders-service,products-service,0.9999587535858154,0.9812840889292982,0.9831481560341055,1.0
2026-09-29T12:50:00+00:00,orders-service,products-service,0.9999432563781738,0.9389128428884091,0.9404612534000072,1.0
2026-09-29T12:55:00+00:00,orders-service,products-service,0.9999402761459351,0.9433308977613197,0.9221910222949556,1.0
2026-09-29T13:00:00+00:00,orders-service,products-service,0.9999326467514038,0.9673431068219368,0.8852642289577266,1.0
2026-09-29T13:05:00+00:00,orders-service,products-service,0.9999535083770752,0.9822618923171247,0.9278729165122643,1.0
2026-09-29T13:10:00+00:00,orders-service,products-service,0.9999580383300781,0.9670885640261395,0.9319974950061131,1.0
2026-09-29T13:15:00+00:00,orders-service,products-service,0.9999444484710693,0.9675800634557762,0.9708648153410754,1.0
2026-09-29T13:20:00+00:00,orders-service,products-service,0.9999582767486572,0.9771134828737159,0.9225703798854978,1.0
2026-09-29T13:25:00+00:00,orders-service,products-service,0.9999337196350098,0.936257066540989,0.9452143572699534,1.0
2026-09-29T13:30:00+00:00,orders-service,products-service,0.9999579191207886,0.968601436832474,0.954334458641463,1.0
2026-09-29T13:35:00+00:00,orders-service,products-service,0.9999567270278931,0.9809130898006145,0.9295112226091846,1.0
2026-09-29T13:40:00+00:00,orders-service,products-service,0.999913215637207,0.9502964008578163,0.9116186579740231,1.0
2026-09-29T13:45:00+00:00,orders-service,products-service,0.9999330043792725,0.9308850569245242,0.9648442328315412,1.0
2026-09-29T13:50:00+00:00,orders-service,products-service,0.9999504089355469,0.9742570290815215,0.9469099331625742,1.0
2026-09-29T13:55:00+00:00,orders-service,products-service,0.999954104423523,0.9707472773999967,0.90538393572514,1.0
2026-09-29T16:55:00+00:00,orders-service,payments-service,0.9996786117553711,0.8003347967900636,0.9443191771055846,1.0
2026-09-29T17:00:00+00:00,orders-service,payments-service,0.9996204376220703,0.8247051325048298,0.9841703747823983,1.0
2026-09-29T17:05:00+00:00,orders-service,payments-service,0.9991043210029602,0.7852658620837417,0.9283207695220905,1.0
2026-09-29T17:10:00+00:00,orders-service,payments-service,0.9990621209144592,0.8318107990745854,0.9576937033870702,1.0
2026-09-29T17:15:00+00:00,orders-service,payments-service,0.9994862079620361,0.8568957366629124,0.9825622213962104,1.0
2026-09-29T17:20:00+00:00,orders-service,payments-service,0.9986599683761597,0.8338283126029162,0.9713002309636221,1.0
2026-09-29T17:25:00+00:00,orders-service,payments-service,0.9990330934524536,0.8053783148629373,0.9086203018879621,1.0
2026-09-29T17:30:00+00:00,orders-service,payments-service,0.9990018010139465,0.8357035567400102,0.9718955315780419,1.0
2026-09-29T17:35:00+00:00,orders-service,payments-service,0.9987947940826416,0.822945471592144,0.8911854686384066,1.0
2026-09-29T17:40:00+00:00,orders-service,payments-service,0.9981390237808228,0.8573622031001742,0.8584337692254861,1.0
2026-09-29T17:45:00+00:00,orders-service,payments-service,0.9988391995429993,0.8402590580797957,0.9586315456908322,1.0
2026-09-29T17:50:00+00:00,orders-service,payments-service,0.9989402890205383,0.8462111247582729,0.945773280312487,1.0
2026-09-29T17:55:00+00:00,orders-service,payments-service,0.999198853969574,0.8197270482534473,0.9782149808171796,1.0
2026-09-29T20:55:00+00:00,orders-service,payments-service,0.9982590079307556,0.8593481485340545,0.9933112384656947,1.0
2026-09-29T21:00:00+00:00,orders-service,payments-service,0.998761773109436,0.841166770281643,0.9651553365503067,1.0
2026-09-29T21:05:00+00:00,orders-service,payments-service,0.9982157945632935,0.8277463876450399,0.969861837842961,1.0
2026-09-29T21:10:00+00:00,orders-service,payments-service,0.9978380799293518,0.8326947180304709,0.9552238078240296,1.0
2026-09-29T21:15:00+00:00,orders-service,payments-service,0.9993315935134888,0.8726870732254685,0.9916470078273527,1.0
2026-09-29T21:20:00+00:00,orders-service,payments-service,0.9986332058906555,0.8591767952581575,0.9953677282024057,1.0
2026-09-29T21:25:00+00:00,orders-service,payments-service,0.9982759952545166,0.8325416212934829,0.9907952169944337,1.0
2026-09-29T21:30:00+00:00,orders-service,payments-service,0.9982865452766418,0.829422104709453,0.8988572325958044,1.0
2026-09-29T21:35:00+00:00,orders-service,payments-service,0.9976837635040283,0.8395340363749879,0.9680766351237079,1.0
2026-09-29T21:40:00+00:00,orders-service,payments-service,0.9993444085121155,0.8203130939698271,0.9897230455223484,1.0
2026-09-29T21:45:00+00:00,orders-service,payments-service,0.9992117881774902,0.8333398012375419,0.9730969437995454,1.0
2026-09-29T21:50:00+00:00,orders-service,payments-service,0.9988310933113098,0.8168826221107673,0.9446735408109471,1.0
2026-09-29T21:55:00+00:00,orders-service,payments-service,0.9991681575775146,0.810921019838323,0.999704463120157,1.0
2026-09-29T22:55:00+00:00,orders-service,products-service,0.9997039437294006,0.9609531807304859,0.9730665517439403,1.0
2026-09-29T23:00:00+00:00,orders-service,products-service,0.9998112320899963,0.9844721316048902,0.9048642182484736,1.0
2026-09-29T23:05:00+00:00,orders-service,products-service,0.9998965263366699,0.9856780008675836,0.925698962167028,1.0
2026-09-29T23:10:00+00:00,orders-service,products-service,0.9998856782913208,0.995454067462622,0.9688898956566208,1.0
2026-09-29T23:15:00+00:00,orders-service,products-service,0.9997819066047668,0.97707581522591,0.8885016336730592,1.0
2026-09-29T23:20:00+00:00,orders-service,products-service,0.9997240900993347,0.9241780009353391,0.9132096727527206,1.0
2026-09-29T23:25:00+00:00,orders-service,products-service,0.9996968507766724,0.9672744189964769,0.9194450283377432,1.0
2026-09-29T23:30:00+00:00,orders-service,products-service,0.9999314546585083,0.9906047797666819,0.9930247616146726,1.0
2026-09-29T23:35:00+00:00,orders-service,products-service,0.9998040795326233,0.988712086419389,0.9208825937177494,1.0
2026-09-29T23:40:00+00:00,orders-service,products-service,0.9998890161514282,0.9623268761297,0.9989594968670075,1.0
2026-09-29T23:45:00+00:00,orders-service,products-service,0.9999074935913086,0.9726548069108939,0.8801677391606019,1.0
2026-09-29T23:50:00+00:00,orders-service,products-service,0.9998326301574707,0.9649873772767402,0.9191909270957819,1.0
2026-09-29T23:55:00+00:00,orders-service,products-service,0.9998730421066284,0.9758886260443915,0.9357746434995795,1.0
